story_title,document,status,implementation_note,fixture_id,states,play_steps,visual_assertions,implementation_status,screen_id
10 Komponenty bazowe/Data i zakres czasu,04-komponenty-bazowe/10-12-data-i-zakres-czasu.md,backlog-target,"Specyfikacja targetu z fizycznym fixture; brak pliku story oznacza backlog, nie wdrożenie.",fixtures/storybook/001-10-12-data-i-zakres-czasu.json,ready|loading|empty|error,focus-first-interactive|exercise-component-interaction|verify-focus-restoration|verify-live-region|verify-keyboard-only,1440-light|1440-dark|768-reflow|390-mobile|200-percent-zoom|reduced-motion|state-error,backlog-target-not-implemented,
10 Komponenty bazowe/Dialogi i warstwy,04-komponenty-bazowe/10-10-dialogi-i-warstwy.md,backlog-target,"Specyfikacja targetu z fizycznym fixture; brak pliku story oznacza backlog, nie wdrożenie.",fixtures/storybook/002-10-10-dialogi-i-warstwy.json,ready|loading|empty|error,focus-first-interactive|exercise-component-interaction|verify-focus-restoration|verify-live-region|verify-keyboard-only,1440-light|1440-dark|768-reflow|390-mobile|200-percent-zoom|reduced-motion|state-error,backlog-target-not-implemented,
10 Komponenty bazowe/Ikony,04-komponenty-bazowe/10-11-ikony.md,implemented,Story 10.11 jest implementowana na runtime Icon i jest jedynym pelnym katalogiem ikon produktowych. Fundamenty 00.09 zachowuja zasady ikonografii; logotypy providerow sa poza zakresem Icon.,fixtures/storybook/003-10-11-ikony.json,decorative|informative|size-16|size-20|size-24|catalog,verify-decorative-hidden|verify-informative-label|verify-sizes|verify-current-color|verify-catalog,foundation-shell-light|foundation-shell-dark|1440-light|1440-dark|768-reflow|390-mobile|icon-catalog|no-local-visual-overrides,implemented-passing-static-and-play-contract,
10 Komponenty bazowe/Komunikaty i statusy,04-komponenty-bazowe/10-05-komunikaty-i-statusy.md,backlog-target,"Specyfikacja targetu z fizycznym fixture; brak pliku story oznacza backlog, nie wdrożenie.",fixtures/storybook/004-10-05-komunikaty-i-statusy.json,ready|loading|empty|error,focus-first-interactive|exercise-component-interaction|verify-focus-restoration|verify-live-region|verify-keyboard-only,1440-light|1440-dark|768-reflow|390-mobile|200-percent-zoom|reduced-motion|state-error,backlog-target-not-implemented,
10 Komponenty bazowe/Kontrolki wyboru,04-komponenty-bazowe/10-04-kontrolki-wyboru.md,backlog-target,"Specyfikacja targetu z fizycznym fixture; brak pliku story oznacza backlog, nie wdrożenie.",fixtures/storybook/005-10-04-kontrolki-wyboru.json,ready|loading|empty|error,focus-first-interactive|exercise-component-interaction|verify-focus-restoration|verify-live-region|verify-keyboard-only,1440-light|1440-dark|768-reflow|390-mobile|200-percent-zoom|reduced-motion|state-error,backlog-target-not-implemented,
10 Komponenty bazowe/Marka,04-komponenty-bazowe/10-01-marka.md,implemented,Story 10.01 jest implementowana na runtime PapaDataBrand i kanonicznym StoryPresentation. Bazowy komponent marki nie udostepnia dekoracyjnego glow; logotypy providerow sa poza zakresem 10.01.,fixtures/storybook/006-10-01-marka.json,lockup|mark|wordmark|decorative|small|medium|large,verify-variants|verify-sizes|verify-svg-geometry|verify-accessible-name|verify-decorative-hidden|verify-no-glow,foundation-shell-light|foundation-shell-dark|1440-light|1440-dark|768-reflow|390-mobile|brand-geometry|no-decorative-glow|no-local-visual-overrides,implemented-passing-static-and-play-contract,
"10 Komponenty bazowe/Menu, popovery i tooltipy",04-komponenty-bazowe/10-09-menu-popovery-i-tooltipy.md,backlog-target,"Specyfikacja targetu z fizycznym fixture; brak pliku story oznacza backlog, nie wdrożenie.",fixtures/storybook/007-10-09-menu-popovery-i-tooltipy.json,ready|loading|empty|error,focus-first-interactive|exercise-component-interaction|verify-focus-restoration|verify-live-region|verify-keyboard-only,1440-light|1440-dark|768-reflow|390-mobile|200-percent-zoom|reduced-motion|state-error,backlog-target-not-implemented,
10 Komponenty bazowe/Nawigacja lokalna,04-komponenty-bazowe/10-08-nawigacja-lokalna.md,backlog-target,"Specyfikacja targetu z fizycznym fixture; brak pliku story oznacza backlog, nie wdrożenie.",fixtures/storybook/008-10-08-nawigacja-lokalna.json,ready|loading|empty|error,focus-first-interactive|exercise-component-interaction|verify-focus-restoration|verify-live-region|verify-keyboard-only,1440-light|1440-dark|768-reflow|390-mobile|200-percent-zoom|reduced-motion|state-error,backlog-target-not-implemented,
10 Komponenty bazowe/Pola tekstowe i formularzowe,04-komponenty-bazowe/10-03-pola-tekstowe-i-formularzowe.md,review,"Pierwsza kompletna story 10.03 została otwarta na tym samym zaakceptowanym shellu Fundamentów. Obejmuje TextField, PasswordField, Textarea, FileInput i VerificationCodeInput oraz stany required, read-only, disabled i validation error. Walidacja statyczna przechodzi; pełny typecheck, build, play i odbiór wizualny muszą zostać wykonane w WSL przed zmianą statusu na accepted.",fixtures/storybook/009-10-03-pola-tekstowe-i-formularzowe.json,default|required|read-only|disabled|validation-error|password-visible|verification-code,verify-labels|verify-required|verify-readonly|verify-disabled|verify-validation-error|verify-password-toggle|verify-verification-code|verify-keyboard-only,foundation-shell-light|foundation-shell-dark|1440-light|1440-dark|768-reflow|390-mobile|200-percent-zoom|field-width-contract|no-local-visual-overrides,implemented-review-partial-tests,
10 Komponenty bazowe/Przyciski i akcje,04-komponenty-bazowe/10-02-przyciski-i-akcje.md,implemented,"Story 10.02 uzywa kanonicznego StoryPresentation. Button odpowiada za komendy i submit, TextAction za lekka akcje button-like, LinkAction za nawigacje <a href>, a IconButton za komende ikonowa z jawna etykieta. Brak wariantu Button link i lokalnych nadpisan shellu.",fixtures/storybook/010-10-02-przyciski-i-akcje.json,ready|loading|disabled|focus-visible|danger|full-width,verify-keyboard-only|verify-focus-visible|verify-loading-disabled|verify-activity-line-width|verify-full-width-content-line|verify-no-layout-shift,foundation-shell-light|foundation-shell-dark|1440-light|1440-dark|768-reflow|390-mobile|200-percent-zoom|activity-line-fit-content|no-local-visual-overrides,implemented-passing-static-and-play-contract,
10 Komponenty bazowe/Tabela bazowa,04-komponenty-bazowe/10-07-tabela-bazowa.md,backlog-target,"Specyfikacja targetu z fizycznym fixture; brak pliku story oznacza backlog, nie wdrożenie.",fixtures/storybook/011-10-07-tabela-bazowa.json,ready|loading|empty|error,focus-first-interactive|exercise-component-interaction|verify-focus-restoration|verify-live-region|verify-keyboard-only,1440-light|1440-dark|768-reflow|390-mobile|200-percent-zoom|reduced-motion|state-error,backlog-target-not-implemented,
10 Komponenty bazowe/Ładowanie i postęp,04-komponenty-bazowe/10-06-ladowanie-i-postep.md,backlog-target,"Specyfikacja targetu z fizycznym fixture; brak pliku story oznacza backlog, nie wdrożenie.",fixtures/storybook/012-10-06-ladowanie-i-postep.json,ready|loading|empty|error,focus-first-interactive|exercise-component-interaction|verify-focus-restoration|verify-live-region|verify-keyboard-only,1440-light|1440-dark|768-reflow|390-mobile|200-percent-zoom|reduced-motion|state-error,backlog-target-not-implemented,
10 Komponenty domenowe/AttributionComparison,04-komponenty-domenowe/attribution-comparison.md,backlog-target,"Specyfikacja targetu z fizycznym fixture; brak pliku story oznacza backlog, nie wdrożenie.",fixtures/storybook/013-attribution-comparison.json,ready|loading|empty|error,focus-first-interactive|exercise-component-interaction|verify-focus-restoration|verify-live-region|verify-keyboard-only,1440-light|1440-dark|768-reflow|390-mobile|200-percent-zoom|reduced-motion|state-error,backlog-target-not-implemented,
10 Komponenty domenowe/BudgetPacing,04-komponenty-domenowe/budget-pacing.md,backlog-target,"Specyfikacja targetu z fizycznym fixture; brak pliku story oznacza backlog, nie wdrożenie.",fixtures/storybook/014-budget-pacing.json,ready|loading|empty|error,focus-first-interactive|exercise-component-interaction|verify-focus-restoration|verify-live-region|verify-keyboard-only,1440-light|1440-dark|768-reflow|390-mobile|200-percent-zoom|reduced-motion|state-error,backlog-target-not-implemented,
10 Komponenty domenowe/CohortMatrix,04-komponenty-domenowe/cohort-matrix.md,backlog-target,"Specyfikacja targetu z fizycznym fixture; brak pliku story oznacza backlog, nie wdrożenie.",fixtures/storybook/015-cohort-matrix.json,ready|loading|empty|error,focus-first-interactive|exercise-component-interaction|verify-focus-restoration|verify-live-region|verify-keyboard-only,1440-light|1440-dark|768-reflow|390-mobile|200-percent-zoom|reduced-motion|state-error,backlog-target-not-implemented,
10 Komponenty domenowe/CustomerSegments,04-komponenty-domenowe/customer-segments.md,backlog-target,"Specyfikacja targetu z fizycznym fixture; brak pliku story oznacza backlog, nie wdrożenie.",fixtures/storybook/016-customer-segments.json,ready|loading|empty|error,focus-first-interactive|exercise-component-interaction|verify-focus-restoration|verify-live-region|verify-keyboard-only,1440-light|1440-dark|768-reflow|390-mobile|200-percent-zoom|reduced-motion|state-error,backlog-target-not-implemented,
10 Komponenty domenowe/DataStatusBanner,04-komponenty-domenowe/data-status-banner.md,backlog-target,"Specyfikacja targetu z fizycznym fixture; brak pliku story oznacza backlog, nie wdrożenie.",fixtures/storybook/017-data-status-banner.json,ready|loading|empty|error,focus-first-interactive|exercise-component-interaction|verify-focus-restoration|verify-live-region|verify-keyboard-only,1440-light|1440-dark|768-reflow|390-mobile|200-percent-zoom|reduced-motion|state-error,backlog-target-not-implemented,
10 Komponenty domenowe/DecisionQueue,04-komponenty-domenowe/decision-queue.md,backlog-target,"Specyfikacja targetu z fizycznym fixture; brak pliku story oznacza backlog, nie wdrożenie.",fixtures/storybook/018-decision-queue.json,ready|loading|empty|error,focus-first-interactive|exercise-component-interaction|verify-focus-restoration|verify-live-region|verify-keyboard-only,1440-light|1440-dark|768-reflow|390-mobile|200-percent-zoom|reduced-motion|state-error,backlog-target-not-implemented,
10 Komponenty domenowe/EvidencePanel,04-komponenty-domenowe/evidence-panel.md,backlog-target,"Specyfikacja targetu z fizycznym fixture; brak pliku story oznacza backlog, nie wdrożenie.",fixtures/storybook/019-evidence-panel.json,ready|loading|empty|error,focus-first-interactive|exercise-component-interaction|verify-focus-restoration|verify-live-region|verify-keyboard-only,1440-light|1440-dark|768-reflow|390-mobile|200-percent-zoom|reduced-motion|state-error,backlog-target-not-implemented,
10 Komponenty domenowe/FunnelStep,04-komponenty-domenowe/funnel-step.md,backlog-target,"Specyfikacja targetu z fizycznym fixture; brak pliku story oznacza backlog, nie wdrożenie.",fixtures/storybook/020-funnel-step.json,ready|loading|empty|error,focus-first-interactive|exercise-component-interaction|verify-focus-restoration|verify-live-region|verify-keyboard-only,1440-light|1440-dark|768-reflow|390-mobile|200-percent-zoom|reduced-motion|state-error,backlog-target-not-implemented,
10 Komponenty domenowe/LineageGraph,04-komponenty-domenowe/lineage-graph.md,backlog-target,"Specyfikacja targetu z fizycznym fixture; brak pliku story oznacza backlog, nie wdrożenie.",fixtures/storybook/021-lineage-graph.json,ready|loading|empty|error,focus-first-interactive|exercise-component-interaction|verify-focus-restoration|verify-live-region|verify-keyboard-only,1440-light|1440-dark|768-reflow|390-mobile|200-percent-zoom|reduced-motion|state-error,backlog-target-not-implemented,
10 Komponenty domenowe/MorningBrief,04-komponenty-domenowe/morning-brief.md,backlog-target,"Specyfikacja targetu z fizycznym fixture; brak pliku story oznacza backlog, nie wdrożenie.",fixtures/storybook/022-morning-brief.json,ready|loading|empty|error,focus-first-interactive|exercise-component-interaction|verify-focus-restoration|verify-live-region|verify-keyboard-only,1440-light|1440-dark|768-reflow|390-mobile|200-percent-zoom|reduced-motion|state-error,backlog-target-not-implemented,
10 Komponenty domenowe/PairingFlow,04-komponenty-domenowe/pairing-flow.md,backlog-target,"Specyfikacja targetu z fizycznym fixture; brak pliku story oznacza backlog, nie wdrożenie.",fixtures/storybook/023-pairing-flow.json,ready|loading|empty|error,focus-first-interactive|exercise-component-interaction|verify-focus-restoration|verify-live-region|verify-keyboard-only,1440-light|1440-dark|768-reflow|390-mobile|200-percent-zoom|reduced-motion|state-error,backlog-target-not-implemented,
10 Komponenty domenowe/PlanPerformance,04-komponenty-domenowe/plan-performance.md,backlog-target,"Specyfikacja targetu z fizycznym fixture; brak pliku story oznacza backlog, nie wdrożenie.",fixtures/storybook/024-plan-performance.json,ready|loading|empty|error,focus-first-interactive|exercise-component-interaction|verify-focus-restoration|verify-live-region|verify-keyboard-only,1440-light|1440-dark|768-reflow|390-mobile|200-percent-zoom|reduced-motion|state-error,backlog-target-not-implemented,
10 Komponenty domenowe/RecommendationCard,04-komponenty-domenowe/recommendation-card.md,backlog-target,"Specyfikacja targetu z fizycznym fixture; brak pliku story oznacza backlog, nie wdrożenie.",fixtures/storybook/025-recommendation-card.json,ready|loading|empty|error,focus-first-interactive|exercise-component-interaction|verify-focus-restoration|verify-live-region|verify-keyboard-only,1440-light|1440-dark|768-reflow|390-mobile|200-percent-zoom|reduced-motion|state-error,backlog-target-not-implemented,
10 Komponenty domenowe/ReconciliationPanel,04-komponenty-domenowe/reconciliation-panel.md,backlog-target,"Specyfikacja targetu z fizycznym fixture; brak pliku story oznacza backlog, nie wdrożenie.",fixtures/storybook/026-reconciliation-panel.json,ready|loading|empty|error,focus-first-interactive|exercise-component-interaction|verify-focus-restoration|verify-live-region|verify-keyboard-only,1440-light|1440-dark|768-reflow|390-mobile|200-percent-zoom|reduced-motion|state-error,backlog-target-not-implemented,
10 Komponenty domenowe/ResultDrivers,04-komponenty-domenowe/result-drivers.md,backlog-target,"Specyfikacja targetu z fizycznym fixture; brak pliku story oznacza backlog, nie wdrożenie.",fixtures/storybook/027-result-drivers.json,ready|loading|empty|error,focus-first-interactive|exercise-component-interaction|verify-focus-restoration|verify-live-region|verify-keyboard-only,1440-light|1440-dark|768-reflow|390-mobile|200-percent-zoom|reduced-motion|state-error,backlog-target-not-implemented,
10 Komponenty domenowe/SalesFunnel,04-komponenty-domenowe/sales-funnel.md,backlog-target,"Specyfikacja targetu z fizycznym fixture; brak pliku story oznacza backlog, nie wdrożenie.",fixtures/storybook/028-sales-funnel.json,ready|loading|empty|error,focus-first-interactive|exercise-component-interaction|verify-focus-restoration|verify-live-region|verify-keyboard-only,1440-light|1440-dark|768-reflow|390-mobile|200-percent-zoom|reduced-motion|state-error,backlog-target-not-implemented,
10 Komponenty domenowe/SalesSources,04-komponenty-domenowe/sales-sources.md,backlog-target,"Specyfikacja targetu z fizycznym fixture; brak pliku story oznacza backlog, nie wdrożenie.",fixtures/storybook/029-sales-sources.json,ready|loading|empty|error,focus-first-interactive|exercise-component-interaction|verify-focus-restoration|verify-live-region|verify-keyboard-only,1440-light|1440-dark|768-reflow|390-mobile|200-percent-zoom|reduced-motion|state-error,backlog-target-not-implemented,
10 Komponenty domenowe/SyncTimeline,04-komponenty-domenowe/sync-timeline.md,backlog-target,"Specyfikacja targetu z fizycznym fixture; brak pliku story oznacza backlog, nie wdrożenie.",fixtures/storybook/030-sync-timeline.json,ready|loading|empty|error,focus-first-interactive|exercise-component-interaction|verify-focus-restoration|verify-live-region|verify-keyboard-only,1440-light|1440-dark|768-reflow|390-mobile|200-percent-zoom|reduced-motion|state-error,backlog-target-not-implemented,
10 Komponenty/AlertDialog,04-komponenty-bazowe/komponenty/alertdialog.md,backlog-target,"Specyfikacja targetu z fizycznym fixture; brak pliku story oznacza backlog, nie wdrożenie.",fixtures/storybook/031-alertdialog.json,ready|loading|empty|error,focus-first-interactive|exercise-component-interaction|verify-focus-restoration|verify-live-region|verify-keyboard-only,1440-light|1440-dark|768-reflow|390-mobile|200-percent-zoom|reduced-motion|state-error,backlog-target-not-implemented,
10 Komponenty/ApprovalPanel,04-komponenty-bazowe/komponenty/approvalpanel.md,backlog-target,"Specyfikacja targetu z fizycznym fixture; brak pliku story oznacza backlog, nie wdrożenie.",fixtures/storybook/032-approvalpanel.json,ready|loading|empty|error,focus-first-interactive|exercise-component-interaction|verify-focus-restoration|verify-live-region|verify-keyboard-only,1440-light|1440-dark|768-reflow|390-mobile|200-percent-zoom|reduced-motion|state-error,backlog-target-not-implemented,
10 Komponenty/AssistantComposer,04-komponenty-bazowe/komponenty/assistantcomposer.md,backlog-target,"Specyfikacja targetu z fizycznym fixture; brak pliku story oznacza backlog, nie wdrożenie.",fixtures/storybook/033-assistantcomposer.json,ready|loading|empty|error,focus-first-interactive|exercise-component-interaction|verify-focus-restoration|verify-live-region|verify-keyboard-only,1440-light|1440-dark|768-reflow|390-mobile|200-percent-zoom|reduced-motion|state-error,backlog-target-not-implemented,
10 Komponenty/BackgroundOperationItem,04-komponenty-bazowe/komponenty/backgroundoperationitem.md,backlog-target,"Specyfikacja targetu z fizycznym fixture; brak pliku story oznacza backlog, nie wdrożenie.",fixtures/storybook/034-backgroundoperationitem.json,ready|loading|empty|error,focus-first-interactive|exercise-component-interaction|verify-focus-restoration|verify-live-region|verify-keyboard-only,1440-light|1440-dark|768-reflow|390-mobile|200-percent-zoom|reduced-motion|state-error,backlog-target-not-implemented,
10 Komponenty/BottomSheet,04-komponenty-bazowe/komponenty/bottomsheet.md,backlog-target,"Specyfikacja targetu z fizycznym fixture; brak pliku story oznacza backlog, nie wdrożenie.",fixtures/storybook/035-bottomsheet.json,ready|loading|empty|error,focus-first-interactive|exercise-component-interaction|verify-focus-restoration|verify-live-region|verify-keyboard-only,1440-light|1440-dark|768-reflow|390-mobile|200-percent-zoom|reduced-motion|state-error,backlog-target-not-implemented,
10 Komponenty/BrandLockup,04-komponenty-bazowe/komponenty/brandlockup.md,backlog-target,"Specyfikacja targetu z fizycznym fixture; brak pliku story oznacza backlog, nie wdrożenie.",fixtures/storybook/036-brandlockup.json,ready|loading|empty|error,focus-first-interactive|exercise-component-interaction|verify-focus-restoration|verify-live-region|verify-keyboard-only,1440-light|1440-dark|768-reflow|390-mobile|200-percent-zoom|reduced-motion|state-error,backlog-target-not-implemented,
10 Komponenty/BrandMark,04-komponenty-bazowe/komponenty/brandmark.md,backlog-target,"Specyfikacja targetu z fizycznym fixture; brak pliku story oznacza backlog, nie wdrożenie.",fixtures/storybook/037-brandmark.json,ready|loading|empty|error,focus-first-interactive|exercise-component-interaction|verify-focus-restoration|verify-live-region|verify-keyboard-only,1440-light|1440-dark|768-reflow|390-mobile|200-percent-zoom|reduced-motion|state-error,backlog-target-not-implemented,
10 Komponenty/Breadcrumbs,04-komponenty-bazowe/komponenty/breadcrumbs.md,backlog-target,"Specyfikacja targetu z fizycznym fixture; brak pliku story oznacza backlog, nie wdrożenie.",fixtures/storybook/038-breadcrumbs.json,ready|loading|empty|error,focus-first-interactive|exercise-component-interaction|verify-focus-restoration|verify-live-region|verify-keyboard-only,1440-light|1440-dark|768-reflow|390-mobile|200-percent-zoom|reduced-motion|state-error,backlog-target-not-implemented,
10 Komponenty/BulkActionBar,04-komponenty-bazowe/komponenty/bulkactionbar.md,backlog-target,"Specyfikacja targetu z fizycznym fixture; brak pliku story oznacza backlog, nie wdrożenie.",fixtures/storybook/039-bulkactionbar.json,ready|loading|empty|error,focus-first-interactive|exercise-component-interaction|verify-focus-restoration|verify-live-region|verify-keyboard-only,1440-light|1440-dark|768-reflow|390-mobile|200-percent-zoom|reduced-motion|state-error,backlog-target-not-implemented,
10 Komponenty/Button,04-komponenty-bazowe/komponenty/button.md,backlog-target,"Specyfikacja targetu z fizycznym fixture; brak pliku story oznacza backlog, nie wdrożenie.",fixtures/storybook/040-button.json,ready|loading|empty|error,focus-first-interactive|exercise-component-interaction|verify-focus-restoration|verify-live-region|verify-keyboard-only,1440-light|1440-dark|768-reflow|390-mobile|200-percent-zoom|reduced-motion|state-error,backlog-target-not-implemented,
10 Komponenty/Checkbox,04-komponenty-bazowe/komponenty/checkbox.md,backlog-target,"Specyfikacja targetu z fizycznym fixture; brak pliku story oznacza backlog, nie wdrożenie.",fixtures/storybook/042-checkbox.json,ready|loading|empty|error,focus-first-interactive|exercise-component-interaction|verify-focus-restoration|verify-live-region|verify-keyboard-only,1440-light|1440-dark|768-reflow|390-mobile|200-percent-zoom|reduced-motion|state-error,backlog-target-not-implemented,
10 Komponenty/ColumnPicker,04-komponenty-bazowe/komponenty/columnpicker.md,backlog-target,"Specyfikacja targetu z fizycznym fixture; brak pliku story oznacza backlog, nie wdrożenie.",fixtures/storybook/043-columnpicker.json,ready|loading|empty|error,focus-first-interactive|exercise-component-interaction|verify-focus-restoration|verify-live-region|verify-keyboard-only,1440-light|1440-dark|768-reflow|390-mobile|200-percent-zoom|reduced-motion|state-error,backlog-target-not-implemented,
10 Komponenty/Combobox,04-komponenty-bazowe/komponenty/combobox.md,backlog-target,"Specyfikacja targetu z fizycznym fixture; brak pliku story oznacza backlog, nie wdrożenie.",fixtures/storybook/044-combobox.json,ready|loading|empty|error,focus-first-interactive|exercise-component-interaction|verify-focus-restoration|verify-live-region|verify-keyboard-only,1440-light|1440-dark|768-reflow|390-mobile|200-percent-zoom|reduced-motion|state-error,backlog-target-not-implemented,
10 Komponenty/CorrelationChart,05-wykresy-i-wizualizacje/komponenty/correlationchart.md,deprecated,Promoted to 15.06 / CorrelationChart runtime owner; legacy component backlog nie jest drugim ownerem Storybooka.,fixtures/storybook/046-correlationchart.json,promotedTo15_06|handoff,verify-no-legacy-story-owner|verify-15-06-runtime-owner,legacy-story-hidden|runtime-owner-15-06,promoted-to-15-06-runtime-owner,
10 Komponenty/DataStatusBanner,04-komponenty-bazowe/komponenty/datastatusbanner.md,backlog-target,"Specyfikacja targetu z fizycznym fixture; brak pliku story oznacza backlog, nie wdrożenie.",fixtures/storybook/047-datastatusbanner.json,ready|loading|empty|error,focus-first-interactive|exercise-component-interaction|verify-focus-restoration|verify-live-region|verify-keyboard-only,1440-light|1440-dark|768-reflow|390-mobile|200-percent-zoom|reduced-motion|state-error,backlog-target-not-implemented,
10 Komponenty/DataTable,04-komponenty-bazowe/komponenty/datatable.md,backlog-target,"Specyfikacja targetu z fizycznym fixture; brak pliku story oznacza backlog, nie wdrożenie.",fixtures/storybook/048-datatable.json,ready|loading|empty|error,focus-first-interactive|exercise-component-interaction|verify-focus-restoration|verify-live-region|verify-keyboard-only,1440-light|1440-dark|768-reflow|390-mobile|200-percent-zoom|reduced-motion|state-error,backlog-target-not-implemented,
10 Komponenty/DateRangePicker,04-komponenty-bazowe/komponenty/daterangepicker.md,backlog-target,"Specyfikacja targetu z fizycznym fixture; brak pliku story oznacza backlog, nie wdrożenie.",fixtures/storybook/049-daterangepicker.json,ready|loading|empty|error,focus-first-interactive|exercise-component-interaction|verify-focus-restoration|verify-live-region|verify-keyboard-only,1440-light|1440-dark|768-reflow|390-mobile|200-percent-zoom|reduced-motion|state-error,backlog-target-not-implemented,
10 Komponenty/DecisionCard,04-komponenty-bazowe/komponenty/decisioncard.md,backlog-target,"Specyfikacja targetu z fizycznym fixture; brak pliku story oznacza backlog, nie wdrożenie.",fixtures/storybook/050-decisioncard.json,ready|loading|empty|error,focus-first-interactive|exercise-component-interaction|verify-focus-restoration|verify-live-region|verify-keyboard-only,1440-light|1440-dark|768-reflow|390-mobile|200-percent-zoom|reduced-motion|state-error,backlog-target-not-implemented,
10 Komponenty/DetailPanel,04-komponenty-bazowe/komponenty/detailpanel.md,backlog-target,"Specyfikacja targetu z fizycznym fixture; brak pliku story oznacza backlog, nie wdrożenie.",fixtures/storybook/051-detailpanel.json,ready|loading|empty|error,focus-first-interactive|exercise-component-interaction|verify-focus-restoration|verify-live-region|verify-keyboard-only,1440-light|1440-dark|768-reflow|390-mobile|200-percent-zoom|reduced-motion|state-error,backlog-target-not-implemented,
10 Komponenty/Dialog,04-komponenty-bazowe/komponenty/dialog.md,backlog-target,"Specyfikacja targetu z fizycznym fixture; brak pliku story oznacza backlog, nie wdrożenie.",fixtures/storybook/052-dialog.json,ready|loading|empty|error,focus-first-interactive|exercise-component-interaction|verify-focus-restoration|verify-live-region|verify-keyboard-only,1440-light|1440-dark|768-reflow|390-mobile|200-percent-zoom|reduced-motion|state-error,backlog-target-not-implemented,
10 Komponenty/Drawer,04-komponenty-bazowe/komponenty/drawer.md,backlog-target,"Specyfikacja targetu z fizycznym fixture; brak pliku story oznacza backlog, nie wdrożenie.",fixtures/storybook/053-drawer.json,ready|loading|empty|error,focus-first-interactive|exercise-component-interaction|verify-focus-restoration|verify-live-region|verify-keyboard-only,1440-light|1440-dark|768-reflow|390-mobile|200-percent-zoom|reduced-motion|state-error,backlog-target-not-implemented,
10 Komponenty/EmptyState,04-komponenty-bazowe/komponenty/emptystate.md,backlog-target,"Specyfikacja targetu z fizycznym fixture; brak pliku story oznacza backlog, nie wdrożenie.",fixtures/storybook/054-emptystate.json,ready|loading|empty|error,focus-first-interactive|exercise-component-interaction|verify-focus-restoration|verify-live-region|verify-keyboard-only,1440-light|1440-dark|768-reflow|390-mobile|200-percent-zoom|reduced-motion|state-error,backlog-target-not-implemented,
10 Komponenty/ErrorState,04-komponenty-bazowe/komponenty/errorstate.md,backlog-target,"Specyfikacja targetu z fizycznym fixture; brak pliku story oznacza backlog, nie wdrożenie.",fixtures/storybook/055-errorstate.json,ready|loading|empty|error,focus-first-interactive|exercise-component-interaction|verify-focus-restoration|verify-live-region|verify-keyboard-only,1440-light|1440-dark|768-reflow|390-mobile|200-percent-zoom|reduced-motion|state-error,backlog-target-not-implemented,
10 Komponenty/EvidencePanel,04-komponenty-bazowe/komponenty/evidencepanel.md,backlog-target,"Specyfikacja targetu z fizycznym fixture; brak pliku story oznacza backlog, nie wdrożenie.",fixtures/storybook/056-evidencepanel.json,ready|loading|empty|error,focus-first-interactive|exercise-component-interaction|verify-focus-restoration|verify-live-region|verify-keyboard-only,1440-light|1440-dark|768-reflow|390-mobile|200-percent-zoom|reduced-motion|state-error,backlog-target-not-implemented,
10 Komponenty/FileInput,04-komponenty-bazowe/komponenty/fileinput.md,backlog-target,"Specyfikacja targetu z fizycznym fixture; brak pliku story oznacza backlog, nie wdrożenie.",fixtures/storybook/057-fileinput.json,ready|loading|empty|error,focus-first-interactive|exercise-component-interaction|verify-focus-restoration|verify-live-region|verify-keyboard-only,1440-light|1440-dark|768-reflow|390-mobile|200-percent-zoom|reduced-motion|state-error,backlog-target-not-implemented,
10 Komponenty/FilterBar,04-komponenty-bazowe/komponenty/filterbar.md,backlog-target,"Specyfikacja targetu z fizycznym fixture; brak pliku story oznacza backlog, nie wdrożenie.",fixtures/storybook/058-filterbar.json,ready|loading|empty|error,focus-first-interactive|exercise-component-interaction|verify-focus-restoration|verify-live-region|verify-keyboard-only,1440-light|1440-dark|768-reflow|390-mobile|200-percent-zoom|reduced-motion|state-error,backlog-target-not-implemented,
10 Komponenty/ForecastChart,05-wykresy-i-wizualizacje/komponenty/forecastchart.md,deprecated,Promoted to 15.07 / ForecastChart runtime owner; legacy component backlog nie jest drugim ownerem Storybooka.,fixtures/storybook/059-forecastchart.json,legacyHidden|promotedTo15_07|handoff,verify-legacy-story-hidden|verify-no-legacy-story-owner|verify-15-07-runtime-owner,legacy-story-hidden|runtime-owner-15-07,handoff-to-15-07-runtime-owner,
10 Komponenty/FunnelChart,05-wykresy-i-wizualizacje/komponenty/funnelchart.md,backlog-target,"Specyfikacja targetu z fizycznym fixture; brak pliku story oznacza backlog, nie wdrożenie.",fixtures/storybook/060-funnelchart.json,ready|loading|empty|error|noData|singlePoint|negativeValues,focus-first-interactive|exercise-component-interaction|verify-focus-restoration|verify-live-region|verify-keyboard-only,1440-light|1440-dark|768-reflow|390-mobile|200-percent-zoom|reduced-motion|state-negativeValues,backlog-target-not-implemented,
10 Komponenty/IconButton,04-komponenty-bazowe/komponenty/iconbutton.md,backlog-target,"Specyfikacja targetu z fizycznym fixture; brak pliku story oznacza backlog, nie wdrożenie.",fixtures/storybook/061-iconbutton.json,ready|loading|empty|error,focus-first-interactive|exercise-component-interaction|verify-focus-restoration|verify-live-region|verify-keyboard-only,1440-light|1440-dark|768-reflow|390-mobile|200-percent-zoom|reduced-motion|state-error,backlog-target-not-implemented,
10 Komponenty/InlineNotice,04-komponenty-bazowe/komponenty/inlinenotice.md,backlog-target,"Specyfikacja targetu z fizycznym fixture; brak pliku story oznacza backlog, nie wdrożenie.",fixtures/storybook/062-inlinenotice.json,ready|loading|empty|error,focus-first-interactive|exercise-component-interaction|verify-focus-restoration|verify-live-region|verify-keyboard-only,1440-light|1440-dark|768-reflow|390-mobile|200-percent-zoom|reduced-motion|state-error,backlog-target-not-implemented,
10 Komponenty/Menu,04-komponenty-bazowe/komponenty/menu.md,backlog-target,"Specyfikacja targetu z fizycznym fixture; brak pliku story oznacza backlog, nie wdrożenie.",fixtures/storybook/063-menu.json,ready|loading|empty|error,focus-first-interactive|exercise-component-interaction|verify-focus-restoration|verify-live-region|verify-keyboard-only,1440-light|1440-dark|768-reflow|390-mobile|200-percent-zoom|reduced-motion|state-error,backlog-target-not-implemented,
10 Komponenty/NipField,04-komponenty-bazowe/komponenty/nipfield.md,backlog-target,"Specyfikacja targetu z fizycznym fixture; brak pliku story oznacza backlog, nie wdrożenie.",fixtures/storybook/065-nipfield.json,ready|loading|empty|error,focus-first-interactive|exercise-component-interaction|verify-focus-restoration|verify-live-region|verify-keyboard-only,1440-light|1440-dark|768-reflow|390-mobile|200-percent-zoom|reduced-motion|state-error,backlog-target-not-implemented,
10 Komponenty/NumberField,04-komponenty-bazowe/komponenty/numberfield.md,backlog-target,"Specyfikacja targetu z fizycznym fixture; brak pliku story oznacza backlog, nie wdrożenie.",fixtures/storybook/066-numberfield.json,ready|loading|empty|error,focus-first-interactive|exercise-component-interaction|verify-focus-restoration|verify-live-region|verify-keyboard-only,1440-light|1440-dark|768-reflow|390-mobile|200-percent-zoom|reduced-motion|state-error,backlog-target-not-implemented,
10 Komponenty/PageHeader,04-komponenty-bazowe/komponenty/pageheader.md,backlog-target,"Specyfikacja targetu z fizycznym fixture; brak pliku story oznacza backlog, nie wdrożenie.",fixtures/storybook/067-pageheader.json,ready|loading|empty|error,focus-first-interactive|exercise-component-interaction|verify-focus-restoration|verify-live-region|verify-keyboard-only,1440-light|1440-dark|768-reflow|390-mobile|200-percent-zoom|reduced-motion|state-error,backlog-target-not-implemented,
10 Komponenty/Pagination,04-komponenty-bazowe/komponenty/pagination.md,backlog-target,"Specyfikacja targetu z fizycznym fixture; brak pliku story oznacza backlog, nie wdrożenie.",fixtures/storybook/068-pagination.json,ready|loading|empty|error,focus-first-interactive|exercise-component-interaction|verify-focus-restoration|verify-live-region|verify-keyboard-only,1440-light|1440-dark|768-reflow|390-mobile|200-percent-zoom|reduced-motion|state-error,backlog-target-not-implemented,
10 Komponenty/PaginationNav,04-komponenty-bazowe/komponenty/paginationnav.md,backlog-target,"Specyfikacja targetu z fizycznym fixture; brak pliku story oznacza backlog, nie wdrożenie.",fixtures/storybook/069-paginationnav.json,ready|loading|empty|error,focus-first-interactive|exercise-component-interaction|verify-focus-restoration|verify-live-region|verify-keyboard-only,1440-light|1440-dark|768-reflow|390-mobile|200-percent-zoom|reduced-motion|state-error,backlog-target-not-implemented,
10 Komponenty/Panel,04-komponenty-bazowe/komponenty/panel.md,backlog-target,"Specyfikacja targetu z fizycznym fixture; brak pliku story oznacza backlog, nie wdrożenie.",fixtures/storybook/070-panel.json,ready|loading|empty|error,focus-first-interactive|exercise-component-interaction|verify-focus-restoration|verify-live-region|verify-keyboard-only,1440-light|1440-dark|768-reflow|390-mobile|200-percent-zoom|reduced-motion|state-error,backlog-target-not-implemented,
10 Komponenty/PasswordField,04-komponenty-bazowe/komponenty/passwordfield.md,backlog-target,"Specyfikacja targetu z fizycznym fixture; brak pliku story oznacza backlog, nie wdrożenie.",fixtures/storybook/071-passwordfield.json,ready|loading|empty|error,focus-first-interactive|exercise-component-interaction|verify-focus-restoration|verify-live-region|verify-keyboard-only,1440-light|1440-dark|768-reflow|390-mobile|200-percent-zoom|reduced-motion|state-error,backlog-target-not-implemented,
10 Komponenty/Popover,04-komponenty-bazowe/komponenty/popover.md,backlog-target,"Specyfikacja targetu z fizycznym fixture; brak pliku story oznacza backlog, nie wdrożenie.",fixtures/storybook/072-popover.json,ready|loading|empty|error,focus-first-interactive|exercise-component-interaction|verify-focus-restoration|verify-live-region|verify-keyboard-only,1440-light|1440-dark|768-reflow|390-mobile|200-percent-zoom|reduced-motion|state-error,backlog-target-not-implemented,
10 Komponenty/ProgressIndicator,04-komponenty-bazowe/komponenty/progressindicator.md,backlog-target,"Specyfikacja targetu z fizycznym fixture; brak pliku story oznacza backlog, nie wdrożenie.",fixtures/storybook/073-progressindicator.json,ready|loading|empty|error,focus-first-interactive|exercise-component-interaction|verify-focus-restoration|verify-live-region|verify-keyboard-only,1440-light|1440-dark|768-reflow|390-mobile|200-percent-zoom|reduced-motion|state-error,backlog-target-not-implemented,
10 Komponenty/RadioGroup,04-komponenty-bazowe/komponenty/radiogroup.md,backlog-target,"Specyfikacja targetu z fizycznym fixture; brak pliku story oznacza backlog, nie wdrożenie.",fixtures/storybook/074-radiogroup.json,ready|loading|empty|error,focus-first-interactive|exercise-component-interaction|verify-focus-restoration|verify-live-region|verify-keyboard-only,1440-light|1440-dark|768-reflow|390-mobile|200-percent-zoom|reduced-motion|state-error,backlog-target-not-implemented,
10 Komponenty/RecommendationCard,04-komponenty-bazowe/komponenty/recommendationcard.md,backlog-target,"Specyfikacja targetu z fizycznym fixture; brak pliku story oznacza backlog, nie wdrożenie.",fixtures/storybook/075-recommendationcard.json,ready|loading|empty|error,focus-first-interactive|exercise-component-interaction|verify-focus-restoration|verify-live-region|verify-keyboard-only,1440-light|1440-dark|768-reflow|390-mobile|200-percent-zoom|reduced-motion|state-error,backlog-target-not-implemented,
10 Komponenty/SearchField,04-komponenty-bazowe/komponenty/searchfield.md,backlog-target,"Specyfikacja targetu z fizycznym fixture; brak pliku story oznacza backlog, nie wdrożenie.",fixtures/storybook/076-searchfield.json,ready|loading|empty|error,focus-first-interactive|exercise-component-interaction|verify-focus-restoration|verify-live-region|verify-keyboard-only,1440-light|1440-dark|768-reflow|390-mobile|200-percent-zoom|reduced-motion|state-error,backlog-target-not-implemented,
10 Komponenty/SectionIntro,04-komponenty-bazowe/komponenty/sectionintro.md,backlog-target,"Specyfikacja targetu z fizycznym fixture; brak pliku story oznacza backlog, nie wdrożenie.",fixtures/storybook/077-sectionintro.json,ready|loading|empty|error,focus-first-interactive|exercise-component-interaction|verify-focus-restoration|verify-live-region|verify-keyboard-only,1440-light|1440-dark|768-reflow|390-mobile|200-percent-zoom|reduced-motion|state-error,backlog-target-not-implemented,
10 Komponenty/SectionNavigation,04-komponenty-bazowe/komponenty/sectionnavigation.md,backlog-target,"Specyfikacja targetu z fizycznym fixture; brak pliku story oznacza backlog, nie wdrożenie.",fixtures/storybook/078-sectionnavigation.json,ready|loading|empty|error,focus-first-interactive|exercise-component-interaction|verify-focus-restoration|verify-live-region|verify-keyboard-only,1440-light|1440-dark|768-reflow|390-mobile|200-percent-zoom|reduced-motion|state-error,backlog-target-not-implemented,
10 Komponenty/Select,04-komponenty-bazowe/komponenty/select.md,backlog-target,"Specyfikacja targetu z fizycznym fixture; brak pliku story oznacza backlog, nie wdrożenie.",fixtures/storybook/079-select.json,ready|loading|empty|error,focus-first-interactive|exercise-component-interaction|verify-focus-restoration|verify-live-region|verify-keyboard-only,1440-light|1440-dark|768-reflow|390-mobile|200-percent-zoom|reduced-motion|state-error,backlog-target-not-implemented,
10 Komponenty/Skeleton,04-komponenty-bazowe/komponenty/skeleton.md,backlog-target,"Specyfikacja targetu z fizycznym fixture; brak pliku story oznacza backlog, nie wdrożenie.",fixtures/storybook/081-skeleton.json,ready|loading|empty|error,focus-first-interactive|exercise-component-interaction|verify-focus-restoration|verify-live-region|verify-keyboard-only,1440-light|1440-dark|768-reflow|390-mobile|200-percent-zoom|reduced-motion|state-error,backlog-target-not-implemented,
10 Komponenty/Spinner,04-komponenty-bazowe/komponenty/spinner.md,backlog-target,"Specyfikacja targetu z fizycznym fixture; brak pliku story oznacza backlog, nie wdrożenie.",fixtures/storybook/082-spinner.json,ready|loading|empty|error,focus-first-interactive|exercise-component-interaction|verify-focus-restoration|verify-live-region|verify-keyboard-only,1440-light|1440-dark|768-reflow|390-mobile|200-percent-zoom|reduced-motion|state-error,backlog-target-not-implemented,
10 Komponenty/StatusBadge,04-komponenty-bazowe/komponenty/statusbadge.md,backlog-target,"Specyfikacja targetu z fizycznym fixture; brak pliku story oznacza backlog, nie wdrożenie.",fixtures/storybook/083-statusbadge.json,ready|loading|empty|error,focus-first-interactive|exercise-component-interaction|verify-focus-restoration|verify-live-region|verify-keyboard-only,1440-light|1440-dark|768-reflow|390-mobile|200-percent-zoom|reduced-motion|state-error,backlog-target-not-implemented,
10 Komponenty/Switch,04-komponenty-bazowe/komponenty/switch.md,backlog-target,"Specyfikacja targetu z fizycznym fixture; brak pliku story oznacza backlog, nie wdrożenie.",fixtures/storybook/084-switch.json,ready|loading|empty|error,focus-first-interactive|exercise-component-interaction|verify-focus-restoration|verify-live-region|verify-keyboard-only,1440-light|1440-dark|768-reflow|390-mobile|200-percent-zoom|reduced-motion|state-error,backlog-target-not-implemented,
10 Komponenty/Tabs,04-komponenty-bazowe/komponenty/tabs.md,backlog-target,"Specyfikacja targetu z fizycznym fixture; brak pliku story oznacza backlog, nie wdrożenie.",fixtures/storybook/085-tabs.json,ready|loading|empty|error,focus-first-interactive|exercise-component-interaction|verify-focus-restoration|verify-live-region|verify-keyboard-only,1440-light|1440-dark|768-reflow|390-mobile|200-percent-zoom|reduced-motion|state-error,backlog-target-not-implemented,
10 Komponenty/TextAction,04-komponenty-bazowe/komponenty/textaction.md,backlog-target,"Specyfikacja targetu z fizycznym fixture; brak pliku story oznacza backlog, nie wdrożenie.",fixtures/storybook/086-textaction.json,ready|loading|empty|error,focus-first-interactive|exercise-component-interaction|verify-focus-restoration|verify-live-region|verify-keyboard-only,1440-light|1440-dark|768-reflow|390-mobile|200-percent-zoom|reduced-motion|state-error,backlog-target-not-implemented,
10 Komponenty/TextArea,04-komponenty-bazowe/komponenty/textarea.md,backlog-target,"Specyfikacja targetu z fizycznym fixture; brak pliku story oznacza backlog, nie wdrożenie.",fixtures/storybook/087-textarea.json,ready|loading|empty|error,focus-first-interactive|exercise-component-interaction|verify-focus-restoration|verify-live-region|verify-keyboard-only,1440-light|1440-dark|768-reflow|390-mobile|200-percent-zoom|reduced-motion|state-error,backlog-target-not-implemented,
10 Komponenty/TextField,04-komponenty-bazowe/komponenty/textfield.md,backlog-target,"Specyfikacja targetu z fizycznym fixture; brak pliku story oznacza backlog, nie wdrożenie.",fixtures/storybook/088-textfield.json,ready|loading|empty|error,focus-first-interactive|exercise-component-interaction|verify-focus-restoration|verify-live-region|verify-keyboard-only,1440-light|1440-dark|768-reflow|390-mobile|200-percent-zoom|reduced-motion|state-error,backlog-target-not-implemented,
10 Komponenty/Toast,04-komponenty-bazowe/komponenty/toast.md,backlog-target,"Specyfikacja targetu z fizycznym fixture; brak pliku story oznacza backlog, nie wdrożenie.",fixtures/storybook/089-toast.json,ready|loading|empty|error,focus-first-interactive|exercise-component-interaction|verify-focus-restoration|verify-live-region|verify-keyboard-only,1440-light|1440-dark|768-reflow|390-mobile|200-percent-zoom|reduced-motion|state-error,backlog-target-not-implemented,
10 Komponenty/Tooltip,04-komponenty-bazowe/komponenty/tooltip.md,backlog-target,"Specyfikacja targetu z fizycznym fixture; brak pliku story oznacza backlog, nie wdrożenie.",fixtures/storybook/090-tooltip.json,ready|loading|empty|error,focus-first-interactive|exercise-component-interaction|verify-focus-restoration|verify-live-region|verify-keyboard-only,1440-light|1440-dark|768-reflow|390-mobile|200-percent-zoom|reduced-motion|state-error,backlog-target-not-implemented,
10 Komponenty/VerificationCodeInput,04-komponenty-bazowe/komponenty/verificationcodeinput.md,backlog-target,"Specyfikacja targetu z fizycznym fixture; brak pliku story oznacza backlog, nie wdrożenie.",fixtures/storybook/092-verificationcodeinput.json,ready|loading|empty|error,focus-first-interactive|exercise-component-interaction|verify-focus-restoration|verify-live-region|verify-keyboard-only,1440-light|1440-dark|768-reflow|390-mobile|200-percent-zoom|reduced-motion|state-error,backlog-target-not-implemented,
10 Komponenty/WaterfallChart,05-wykresy-i-wizualizacje/komponenty/waterfallchart.md,backlog-target,"Specyfikacja targetu z fizycznym fixture; brak pliku story oznacza backlog, nie wdrożenie.",fixtures/storybook/093-waterfallchart.json,ready|loading|empty|error|noData|singlePoint|negativeValues,focus-first-interactive|exercise-component-interaction|verify-focus-restoration|verify-live-region|verify-keyboard-only,1440-light|1440-dark|768-reflow|390-mobile|200-percent-zoom|reduced-motion|state-negativeValues,backlog-target-not-implemented,
15 Wykresy i dane/ChartFrame,05-wykresy-i-wizualizacje/15-01-chartframe.md,review,"Runtime ChartFrame wdrożony jako owner 15.01; 05.03 zachowuje wyłącznie handoff/decision record. Story konsumuje istniejące kontrolki i DataTable. Kanoniczny stan pobierania to loading; processing pozostaje legacy aliasem runtime normalizowanym przez 15.08. Odbiór wizualny po wdrożeniu w WSL.",fixtures/storybook/094-15-01-chartframe.json,ready|partial|loading|noData|legacyAliasProcessing,verify-papa-action|verify-sources-action|verify-filter-change|verify-alternative-table|verify-retry-action,foundation-shell-light|foundation-shell-dark|1440-light|1440-dark|768-reflow|390-mobile|long-copy|no-horizontal-page-scroll|no-local-visual-overrides,implemented-review-static-and-play-contract,
15 Wykresy i dane/MetricCard,05-wykresy-i-wizualizacje/15-02-metriccard.md,review,"Runtime MetricCard wdrożony jako owner 15.02; prywatny microsparkline przejmuje KPI z 05.03 bez tworzenia publicznego Sparkline. Emphasis alert/recommendation pozostaje osobną osią od dataState. Kanoniczny stan pobierania to loading; processing pozostaje legacy aliasem runtime normalizowanym przez 15.08. Odbiór wizualny po wdrożeniu w WSL.",fixtures/storybook/096-15-02-metriccard.json,ready|partial|stale|loading|noData|legacyAliasProcessing,verify-papa-action|verify-detail-action|verify-accessible-metric-name,foundation-shell-light|foundation-shell-dark|1440-light|1440-dark|768-reflow|390-mobile|long-copy|no-horizontal-page-scroll|no-local-visual-overrides,implemented-review-static-and-play-contract,
15 Wykresy i dane/Interakcje i filtry,05-wykresy-i-wizualizacje/15-09-interakcje-i-filtry.md,review,"Runtime ChartInteractionLayer wdrożony jako owner 15.09; tooltip, hover, focus z klawiatury, wybór punktu/serii, zakres dat, reset, drill-down i cross-filtering pozostają dostępne bez zmiany sensu danych. Geometria wykresów zostaje przy ownerach 15.03–15.07. Publiczny runtime obsługuje pustą tablicę points bez crasha.",fixtures/storybook/095-15-09-interakcje-i-filtry.json,ready|tooltip|hover|keyboardFocus|selection|dateRange|reset|drillDown|crossFiltering|emptyPointsGuard|doesNotChangeDataMeaning,focus-first-interactive|exercise-filter-change|exercise-hover-focus-tooltip|exercise-point-selection|exercise-reset|exercise-drill-down|verify-focus-restoration|verify-empty-points-guard|verify-keyboard-only|verify-data-semantics-unchanged,1440-light|1440-dark|768-reflow|390-mobile|200-percent-zoom|reduced-motion|focus-ring-visible|interactive-controls-do-not-reflow-chart|no-horizontal-page-scroll,implemented-review-interaction-system,
15 Wykresy i dane/Porównania,05-wykresy-i-wizualizacje/15-04-porownania.md,review,"Runtime ComparisonChart wdrożony jako owner 15.04; bar/grouped/ranking korzystają z Recharts, benchmark jest warstwą odniesienia, period comparison nie przejmuje czasu ciągłego od TrendChart ani rekordów od DataTable. Odbiór wizualny przed accepted.",fixtures/storybook/097-15-04-porownania.json,ready|bar|groupedBar|ranking|benchmark|periodComparison|negativeValues|longCopy,verify-bar-variant|verify-grouped-variant|verify-ranking-variant|verify-benchmark-reference|verify-period-comparison|verify-negative-scale|verify-no-legacy-owner,foundation-shell-light|foundation-shell-dark|1440-light|1440-dark|768-reflow|390-mobile|200-percent-zoom|long-copy|negative-values|no-horizontal-page-scroll|no-local-visual-overrides,implemented-review-static-contract,
15 Wykresy i dane/Prognoza i AI,05-wykresy-i-wizualizacje/15-07-prognoza-i-ai.md,review,"Runtime ForecastChart wdrożony jako owner 15.07; actual pozostaje faktem historycznym, forecast jest prognozą z uncertainty band, confidence, quality i statycznymi scenariuszami. Pełne data states pozostają w 15.08; tooltip, hover, selection, drill-down i cross-filtering w 15.09; finalny pass responsive/a11y w 15.10. Odbiór wizualny przed accepted.",fixtures/storybook/098-15-07-prognoza-i-ai.json,ready|actual|forecast|uncertaintyBand|confidence|quality|staticScenarios|alternativeTable|longCopy|forecastNotFact|handoff15_08|handoff15_09|handoff15_10,verify-chartframe-composition|verify-actual-forecast-split|verify-uncertainty-band|verify-confidence-copy|verify-quality-copy|verify-static-scenarios|verify-alternative-table|verify-forecast-not-fact|verify-no-recharts-tooltip|verify-no-15-09-interaction|verify-15-08-15-09-15-10-handoff,foundation-shell-light|foundation-shell-dark|1440-light|1440-dark|768-reflow|390-mobile|200-percent-zoom|long-copy|uncertainty-band-visible|axis-and-legend-readable|alternative-table-affordance-visible|no-horizontal-page-scroll|no-runtime-owner-duplication,implemented-review-static-contract,
15 Wykresy i dane/Responsywność i dostępność,05-wykresy-i-wizualizacje/15-10-responsywnosc-i-dostepnosc.md,review,"Finalny pass responsive/a11y dla sekcji 15; obejmuje desktop/tablet/mobile, light/dark, długie teksty, legendy, kontrast i alternatywny opis danych. Nie dodaje nowych funkcji ani nowych ownerów geometrii wykresów.",fixtures/storybook/099-15-10-responsywnosc-i-dostepnosc.json,ready|desktop|tablet|mobile|light|dark|longCopy|legend|contrast|alternativeDataDescription|noNewFeatures|section15OwnerMatrix,verify-owner-matrix-15-01-to-15-09|verify-desktop-tablet-mobile-copy|verify-light-dark-copy|verify-long-copy-reflow|verify-legend-readable|verify-alternative-data-description|verify-no-new-features,1440-light|1440-dark|768-reflow|390-mobile|200-percent-zoom|reduced-motion|long-copy|legend-readable|contrast-copy-present|alternative-table-visible|no-horizontal-page-scroll,implemented-review-final-responsive-a11y-pass,
15 Wykresy i dane/Stany danych,05-wykresy-i-wizualizacje/15-08-stany-danych.md,review,"Runtime ChartDataState wdrożony jako owner 15.08; jeden wspólny system stanów dla ChartFrame i wizualizacji: loading, empty, no data, partial, stale, delayed, blocked, error i unavailable. Brak osobnych stanów per wykres.",fixtures/storybook/100-15-08-stany-danych.json,loading|empty|noData|partial|stale|delayed|blocked|error|unavailable|sharedStateLanguage|noPerChartStates,verify-loading-state|verify-empty-state|verify-no-data-state|verify-partial-state|verify-stale-state|verify-delayed-state|verify-blocked-state|verify-error-state|verify-unavailable-state|verify-shared-chartframe-state-system,1440-light|1440-dark|768-reflow|390-mobile|200-percent-zoom|reduced-motion|no-horizontal-page-scroll|state-language-consistent|state-actions-visible,implemented-review-state-system,
15 Wykresy i dane/Udziały i struktura,05-wykresy-i-wizualizacje/15-05-struktura-i-udzial.md,review,"Runtime ShareChart wdrożony jako owner 15.05; donut/bar/stacked pokazują strukturę udziałów i nie przejmują porównań, trendów, tabel ani interakcji z 15.09. Odbiór wizualny przed accepted.",fixtures/storybook/101-15-05-struktura-i-udzial.json,ready|donut|bar|stacked|partToWhole|shareBreakdown|longCopy|negativeValuesPolicy,verify-donut-variant|verify-bar-variant|verify-stacked-variant|verify-part-to-whole|verify-no-negative-share|verify-no-legacy-owner,foundation-shell-light|foundation-shell-dark|1440-light|1440-dark|768-reflow|390-mobile|200-percent-zoom|long-copy|no-horizontal-page-scroll|no-local-visual-overrides,implemented-review-static-contract,
15 Wykresy i dane/Trendy,05-wykresy-i-wizualizacje/15-03-trendy.md,implemented,"Runtime TrendChart zaakceptowany wizualnie i technicznie. Recharts pozostaje silnikiem geometrii; PapaData posiada semantykę, hierarchię serii, skalę, legendę, responsywność i kontrakt dostępności. Zaawansowane interakcje pozostają w 15.09.",fixtures/storybook/102-15-03-trendy.json,line|area|actual|plan|previousPeriod|movingAverage,verify-accessible-name|verify-line-variant|verify-area-variant|verify-series-semantics,foundation-shell-light|foundation-shell-dark|1440-light|1440-dark|768-reflow|390-mobile|200-percent-zoom|long-copy|no-horizontal-page-scroll|no-local-visual-overrides,implemented-passing-static-and-play-contract,
15 Wykresy i dane/Zależności i korelacje,05-wykresy-i-wizualizacje/15-06-zaleznosci-i-korelacje.md,review,"Runtime CorrelationChart wdrożony jako owner 15.06; scatter plot, relationship chart, driver analysis, statyczne outlier/cluster indication i correlation strength copy nie sugerują przyczynowości bez dowodu. Tooltip, hover, selection, drill-down i cross-filtering pozostają w 15.09; forecast/confidence w 15.07; pełne data states w 15.08. Odbiór wizualny przed accepted.",fixtures/storybook/103-15-06-zaleznosci-i-korelacje.json,ready|scatter|relationship|driverAnalysis|outlier|cluster|longCopy|noCausalityWithoutEvidence,verify-scatter-variant|verify-relationship-variant|verify-driver-analysis-variant|verify-outlier-cluster-static|verify-correlation-strength-copy|verify-no-causality-without-evidence|verify-no-15-09-interaction,foundation-shell-light|foundation-shell-dark|1440-light|1440-dark|768-reflow|390-mobile|200-percent-zoom|long-copy|no-horizontal-page-scroll|no-local-visual-overrides,implemented-review-static-contract,
"18 Stany i wzorce przekrojowe/Approval, step-up i ochrona zmian",21-stany-przekrojowe/18-06-approval-step-up-i-ochrona-zmian.md,backlog-target,"Specyfikacja targetu z fizycznym fixture; brak pliku story oznacza backlog, nie wdrożenie.",fixtures/storybook/104-18-06-approval-step-up-i-ochrona-zmian.json,ready|loading|empty|error,focus-first-interactive|exercise-component-interaction|verify-focus-restoration|verify-live-region|verify-keyboard-only,1440-light|1440-dark|768-reflow|390-mobile|200-percent-zoom|reduced-motion|state-error,backlog-target-not-implemented,
"18 Stany i wzorce przekrojowe/Empty, error i no-access",21-stany-przekrojowe/18-02-empty-error-i-no-access.md,backlog-target,"Specyfikacja targetu z fizycznym fixture; brak pliku story oznacza backlog, nie wdrożenie.",fixtures/storybook/105-18-02-empty-error-i-no-access.json,ready|loading|empty|error,focus-first-interactive|exercise-component-interaction|verify-focus-restoration|verify-live-region|verify-keyboard-only,1440-light|1440-dark|768-reflow|390-mobile|200-percent-zoom|reduced-motion|state-error,backlog-target-not-implemented,
18 Stany i wzorce przekrojowe/Formularze złożone i kreatory,21-stany-przekrojowe/18-09-formularze-zlozone-i-kreatory.md,backlog-target,"Specyfikacja targetu z fizycznym fixture; brak pliku story oznacza backlog, nie wdrożenie.",fixtures/storybook/106-18-09-formularze-zlozone-i-kreatory.json,ready|loading|empty|error,focus-first-interactive|exercise-component-interaction|verify-focus-restoration|verify-live-region|verify-keyboard-only,1440-light|1440-dark|768-reflow|390-mobile|200-percent-zoom|reduced-motion|state-error,backlog-target-not-implemented,
18 Stany i wzorce przekrojowe/Macierz stanów przekrojowych,21-stany-przekrojowe/18-10-macierz-stanow-przekrojowych.md,backlog-target,"Specyfikacja targetu z fizycznym fixture; brak pliku story oznacza backlog, nie wdrożenie.",fixtures/storybook/107-18-10-macierz-stanow-przekrojowych.json,ready|loading|empty|error,focus-first-interactive|exercise-component-interaction|verify-focus-restoration|verify-live-region|verify-keyboard-only,1440-light|1440-dark|768-reflow|390-mobile|200-percent-zoom|reduced-motion|state-error,backlog-target-not-implemented,
"18 Stany i wzorce przekrojowe/Panele szczegółów, dowodów i rekomendacji",21-stany-przekrojowe/18-07-panele-szczegolow-dowodow-i-rekomendacji.md,backlog-target,"Specyfikacja targetu z fizycznym fixture; brak pliku story oznacza backlog, nie wdrożenie.",fixtures/storybook/108-18-07-panele-szczegolow-dowodow-i-rekomendacji.json,ready|loading|empty|error,focus-first-interactive|exercise-component-interaction|verify-focus-restoration|verify-live-region|verify-keyboard-only,1440-light|1440-dark|768-reflow|390-mobile|200-percent-zoom|reduced-motion|state-error,backlog-target-not-implemented,
18 Stany i wzorce przekrojowe/Potwierdzenia i operacje destrukcyjne,21-stany-przekrojowe/18-05-potwierdzenia-i-operacje-destrukcyjne.md,backlog-target,"Specyfikacja targetu z fizycznym fixture; brak pliku story oznacza backlog, nie wdrożenie.",fixtures/storybook/109-18-05-potwierdzenia-i-operacje-destrukcyjne.json,ready|loading|empty|error,focus-first-interactive|exercise-component-interaction|verify-focus-restoration|verify-live-region|verify-keyboard-only,1440-light|1440-dark|768-reflow|390-mobile|200-percent-zoom|reduced-motion|state-error,backlog-target-not-implemented,
18 Stany i wzorce przekrojowe/Status danych i readiness,21-stany-przekrojowe/18-08-status-danych-i-readiness.md,backlog-target,"Specyfikacja targetu z fizycznym fixture; brak pliku story oznacza backlog, nie wdrożenie.",fixtures/storybook/110-18-08-status-danych-i-readiness.json,ready|loading|empty|error,focus-first-interactive|exercise-component-interaction|verify-focus-restoration|verify-live-region|verify-keyboard-only,1440-light|1440-dark|768-reflow|390-mobile|200-percent-zoom|reduced-motion|state-error,backlog-target-not-implemented,
18 Stany i wzorce przekrojowe/Tabela z filtrami i akcjami,21-stany-przekrojowe/18-04-tabela-z-filtrami-i-akcjami.md,backlog-target,"Specyfikacja targetu z fizycznym fixture; brak pliku story oznacza backlog, nie wdrożenie.",fixtures/storybook/111-18-04-tabela-z-filtrami-i-akcjami.json,ready|loading|empty|error,focus-first-interactive|exercise-component-interaction|verify-focus-restoration|verify-live-region|verify-keyboard-only,1440-light|1440-dark|768-reflow|390-mobile|200-percent-zoom|reduced-motion|state-error,backlog-target-not-implemented,
18 Stany i wzorce przekrojowe/Układ strony i sekcji,21-stany-przekrojowe/18-01-uklad-strony-i-sekcji.md,backlog-target,"Specyfikacja targetu z fizycznym fixture; brak pliku story oznacza backlog, nie wdrożenie.",fixtures/storybook/112-18-01-uklad-strony-i-sekcji.json,ready|loading|empty|error,focus-first-interactive|exercise-component-interaction|verify-focus-restoration|verify-live-region|verify-keyboard-only,1440-light|1440-dark|768-reflow|390-mobile|200-percent-zoom|reduced-motion|state-error,backlog-target-not-implemented,
18 Stany i wzorce przekrojowe/Ładowanie danych i operacje w tle,21-stany-przekrojowe/18-03-ladowanie-danych-i-operacje-w-tle.md,backlog-target,"Specyfikacja targetu z fizycznym fixture; brak pliku story oznacza backlog, nie wdrożenie.",fixtures/storybook/113-18-03-ladowanie-danych-i-operacje-w-tle.json,ready|loading|empty|error,focus-first-interactive|exercise-component-interaction|verify-focus-restoration|verify-live-region|verify-keyboard-only,1440-light|1440-dark|768-reflow|390-mobile|200-percent-zoom|reduced-motion|state-error,backlog-target-not-implemented,
20 Powłoka produktu i nawigacja/Powłoka mobilna,06-powloka-produktu-i-nawigacja/20-11-powloka-mobilna.md,backlog-target,"Specyfikacja targetu z fizycznym fixture; brak pliku story oznacza backlog, nie wdrożenie.",fixtures/storybook/114-20-11-powloka-mobilna.json,ready|loading|empty|error,focus-first-interactive|exercise-component-interaction|verify-focus-restoration|verify-live-region|verify-keyboard-only,1440-light|1440-dark|768-reflow|390-mobile|200-percent-zoom|reduced-motion|state-error,backlog-target-not-implemented,
20 Powłoka/AppShell,06-powloka-produktu-i-nawigacja/20-01-appshell.md,backlog-target,"Specyfikacja targetu z fizycznym fixture; brak pliku story oznacza backlog, nie wdrożenie.",fixtures/storybook/115-20-01-appshell.json,ready|loading|empty|error,focus-first-interactive|exercise-component-interaction|verify-focus-restoration|verify-live-region|verify-keyboard-only,1440-light|1440-dark|768-reflow|390-mobile|200-percent-zoom|reduced-motion|state-error,backlog-target-not-implemented,
20 Powłoka/Centrum operacji w tle,06-powloka-produktu-i-nawigacja/20-09-centrum-operacji-w-tle.md,backlog-target,"Specyfikacja targetu z fizycznym fixture; brak pliku story oznacza backlog, nie wdrożenie.",fixtures/storybook/116-20-09-centrum-operacji-w-tle.json,ready|loading|empty|error,focus-first-interactive|exercise-component-interaction|verify-focus-restoration|verify-live-region|verify-keyboard-only,1440-light|1440-dark|768-reflow|390-mobile|200-percent-zoom|reduced-motion|state-error,backlog-target-not-implemented,
20 Powłoka/Global search i Command Palette,06-powloka-produktu-i-nawigacja/20-07-global-search-i-command-palette.md,backlog-target,"Specyfikacja targetu z fizycznym fixture; brak pliku story oznacza backlog, nie wdrożenie.",fixtures/storybook/117-20-07-global-search-i-command-palette.json,ready|loading|empty|error,focus-first-interactive|exercise-component-interaction|verify-focus-restoration|verify-live-region|verify-keyboard-only,1440-light|1440-dark|768-reflow|390-mobile|200-percent-zoom|reduced-motion|state-error,backlog-target-not-implemented,
20 Powłoka/OverlayRoot i system warstw,06-powloka-produktu-i-nawigacja/20-10-overlayroot-i-system-warstw.md,backlog-target,"Specyfikacja targetu z fizycznym fixture; brak pliku story oznacza backlog, nie wdrożenie.",fixtures/storybook/118-20-10-overlayroot-i-system-warstw.json,ready|loading|empty|error,focus-first-interactive|exercise-component-interaction|verify-focus-restoration|verify-live-region|verify-keyboard-only,1440-light|1440-dark|768-reflow|390-mobile|200-percent-zoom|reduced-motion|state-error,backlog-target-not-implemented,
20 Powłoka/Powiadomienia,06-powloka-produktu-i-nawigacja/20-08-powiadomienia.md,backlog-target,"Specyfikacja targetu z fizycznym fixture; brak pliku story oznacza backlog, nie wdrożenie.",fixtures/storybook/119-20-08-powiadomienia.json,ready|loading|empty|error,focus-first-interactive|exercise-component-interaction|verify-focus-restoration|verify-live-region|verify-keyboard-only,1440-light|1440-dark|768-reflow|390-mobile|200-percent-zoom|reduced-motion|state-error,backlog-target-not-implemented,
20 Powłoka/Sidebar,06-powloka-produktu-i-nawigacja/20-04-sidebar.md,backlog-target,"Specyfikacja targetu z fizycznym fixture; brak pliku story oznacza backlog, nie wdrożenie.",fixtures/storybook/120-20-04-sidebar.json,ready|loading|empty|error,focus-first-interactive|exercise-component-interaction|verify-focus-restoration|verify-live-region|verify-keyboard-only,1440-light|1440-dark|768-reflow|390-mobile|200-percent-zoom|reduced-motion|state-error,backlog-target-not-implemented,
20 Powłoka/Sidebar — warianty,06-powloka-produktu-i-nawigacja/20-05-sidebar-warianty.md,backlog-target,"Specyfikacja targetu z fizycznym fixture; brak pliku story oznacza backlog, nie wdrożenie.",fixtures/storybook/121-20-05-sidebar-warianty.json,ready|loading|empty|error,focus-first-interactive|exercise-component-interaction|verify-focus-restoration|verify-live-region|verify-keyboard-only,1440-light|1440-dark|768-reflow|390-mobile|200-percent-zoom|reduced-motion|state-error,backlog-target-not-implemented,
20 Powłoka/Topbar publiczny,06-powloka-produktu-i-nawigacja/20-02-topbar-publiczny.md,backlog-target,"Specyfikacja targetu z fizycznym fixture; brak pliku story oznacza backlog, nie wdrożenie.",fixtures/storybook/122-20-02-topbar-publiczny.json,ready|loading|empty|error,focus-first-interactive|exercise-component-interaction|verify-focus-restoration|verify-live-region|verify-keyboard-only,1440-light|1440-dark|768-reflow|390-mobile|200-percent-zoom|reduced-motion|state-error,backlog-target-not-implemented,
20 Powłoka/Topbar zalogowany,06-powloka-produktu-i-nawigacja/20-03-topbar-zalogowany.md,backlog-target,"Specyfikacja targetu z fizycznym fixture; brak pliku story oznacza backlog, nie wdrożenie.",fixtures/storybook/123-20-03-topbar-zalogowany.json,ready|loading|empty|error,focus-first-interactive|exercise-component-interaction|verify-focus-restoration|verify-live-region|verify-keyboard-only,1440-light|1440-dark|768-reflow|390-mobile|200-percent-zoom|reduced-motion|state-error,backlog-target-not-implemented,
20 Powłoka/Workspace switcher,06-powloka-produktu-i-nawigacja/20-06-workspace-switcher.md,backlog-target,"Specyfikacja targetu z fizycznym fixture; brak pliku story oznacza backlog, nie wdrożenie.",fixtures/storybook/124-20-06-workspace-switcher.json,ready|loading|empty|error,focus-first-interactive|exercise-component-interaction|verify-focus-restoration|verify-live-region|verify-keyboard-only,1440-light|1440-dark|768-reflow|390-mobile|200-percent-zoom|reduced-motion|state-error,backlog-target-not-implemented,
25 Dostęp/Powierzchnie/Dostęp zablokowany,03-dostep-rejestracja-onboarding/powierzchnie-auth/auth-28-dostep-zablokowany.md,backlog-target,"Specyfikacja targetu z fizycznym fixture; brak pliku story oznacza backlog, nie wdrożenie.",fixtures/storybook/125-auth-28-dostep-zablokowany.json,ready|loading|empty|error|validationError|rateLimited|blocked,focus-first-interactive|exercise-component-interaction|verify-focus-restoration|verify-live-region|verify-keyboard-only,1440-light|1440-dark|768-reflow|390-mobile|200-percent-zoom|reduced-motion|state-blocked,backlog-target-not-implemented,
25 Dostęp/Powierzchnie/Ekran po wylogowaniu,03-dostep-rejestracja-onboarding/powierzchnie-auth/auth-26-ekran-po-wylogowaniu.md,backlog-target,"Specyfikacja targetu z fizycznym fixture; brak pliku story oznacza backlog, nie wdrożenie.",fixtures/storybook/126-auth-26-ekran-po-wylogowaniu.json,ready|loading|empty|error|validationError|rateLimited|blocked,focus-first-interactive|exercise-component-interaction|verify-focus-restoration|verify-live-region|verify-keyboard-only,1440-light|1440-dark|768-reflow|390-mobile|200-percent-zoom|reduced-motion|state-blocked,backlog-target-not-implemented,
25 Dostęp/Powierzchnie/Firma już zarejestrowana,03-dostep-rejestracja-onboarding/powierzchnie-auth/auth-11-firma-juz-zarejestrowana.md,backlog-target,"Specyfikacja targetu z fizycznym fixture; brak pliku story oznacza backlog, nie wdrożenie.",fixtures/storybook/127-auth-11-firma-juz-zarejestrowana.json,ready|loading|empty|error|validationError|rateLimited|blocked,focus-first-interactive|exercise-component-interaction|verify-focus-restoration|verify-live-region|verify-keyboard-only,1440-light|1440-dark|768-reflow|390-mobile|200-percent-zoom|reduced-motion|state-blocked,backlog-target-not-implemented,
25 Dostęp/Powierzchnie/Identyfikacja firmy,03-dostep-rejestracja-onboarding/powierzchnie-auth/auth-07-identyfikacja-firmy.md,backlog-target,"Specyfikacja targetu z fizycznym fixture; brak pliku story oznacza backlog, nie wdrożenie.",fixtures/storybook/128-auth-07-identyfikacja-firmy.json,ready|loading|empty|error|validationError|rateLimited|blocked,focus-first-interactive|exercise-component-interaction|verify-focus-restoration|verify-live-region|verify-keyboard-only,1440-light|1440-dark|768-reflow|390-mobile|200-percent-zoom|reduced-motion|state-blocked,backlog-target-not-implemented,
25 Dostęp/Powierzchnie/Informacja o wysłaniu resetu,03-dostep-rejestracja-onboarding/powierzchnie-auth/auth-19-informacja-o-wyslaniu-resetu.md,backlog-target,"Specyfikacja targetu z fizycznym fixture; brak pliku story oznacza backlog, nie wdrożenie.",fixtures/storybook/129-auth-19-informacja-o-wyslaniu-resetu.json,ready|loading|empty|error|validationError|rateLimited|blocked,focus-first-interactive|exercise-component-interaction|verify-focus-restoration|verify-live-region|verify-keyboard-only,1440-light|1440-dark|768-reflow|390-mobile|200-percent-zoom|reduced-motion|state-blocked,backlog-target-not-implemented,
25 Dostęp/Powierzchnie/Konfiguracja MFA,03-dostep-rejestracja-onboarding/powierzchnie-auth/auth-17-konfiguracja-mfa.md,backlog-target,"Specyfikacja targetu z fizycznym fixture; brak pliku story oznacza backlog, nie wdrożenie.",fixtures/storybook/130-auth-17-konfiguracja-mfa.json,ready|loading|empty|error|validationError|rateLimited|blocked,focus-first-interactive|exercise-component-interaction|verify-focus-restoration|verify-live-region|verify-keyboard-only,1440-light|1440-dark|768-reflow|390-mobile|200-percent-zoom|reduced-motion|state-blocked,backlog-target-not-implemented,
25 Dostęp/Powierzchnie/Logowanie,03-dostep-rejestracja-onboarding/powierzchnie-auth/auth-02-logowanie.md,backlog-target,"Specyfikacja targetu z fizycznym fixture; brak pliku story oznacza backlog, nie wdrożenie.",fixtures/storybook/131-auth-02-logowanie.json,ready|loading|empty|error|validationError|rateLimited|blocked,focus-first-interactive|exercise-component-interaction|verify-focus-restoration|verify-live-region|verify-keyboard-only,1440-light|1440-dark|768-reflow|390-mobile|200-percent-zoom|reduced-motion|state-blocked,backlog-target-not-implemented,
25 Dostęp/Powierzchnie/Ponowne uwierzytelnienie,03-dostep-rejestracja-onboarding/powierzchnie-auth/auth-24-ponowne-uwierzytelnienie.md,backlog-target,"Specyfikacja targetu z fizycznym fixture; brak pliku story oznacza backlog, nie wdrożenie.",fixtures/storybook/132-auth-24-ponowne-uwierzytelnienie.json,ready|loading|empty|error|validationError|rateLimited|blocked,focus-first-interactive|exercise-component-interaction|verify-focus-restoration|verify-live-region|verify-keyboard-only,1440-light|1440-dark|768-reflow|390-mobile|200-percent-zoom|reduced-motion|state-blocked,backlog-target-not-implemented,
25 Dostęp/Powierzchnie/Prośba o odzyskanie hasła,03-dostep-rejestracja-onboarding/powierzchnie-auth/auth-18-prosba-o-odzyskanie-hasla.md,backlog-target,"Specyfikacja targetu z fizycznym fixture; brak pliku story oznacza backlog, nie wdrożenie.",fixtures/storybook/133-auth-18-prosba-o-odzyskanie-hasla.json,ready|loading|empty|error|validationError|rateLimited|blocked,focus-first-interactive|exercise-component-interaction|verify-focus-restoration|verify-live-region|verify-keyboard-only,1440-light|1440-dark|768-reflow|390-mobile|200-percent-zoom|reduced-motion|state-blocked,backlog-target-not-implemented,
25 Dostęp/Powierzchnie/Przegląd zaproszenia,03-dostep-rejestracja-onboarding/powierzchnie-auth/auth-15-przeglad-zaproszenia.md,backlog-target,"Specyfikacja targetu z fizycznym fixture; brak pliku story oznacza backlog, nie wdrożenie.",fixtures/storybook/134-auth-15-przeglad-zaproszenia.json,ready|loading|empty|error|validationError|rateLimited|blocked,focus-first-interactive|exercise-component-interaction|verify-focus-restoration|verify-live-region|verify-keyboard-only,1440-light|1440-dark|768-reflow|390-mobile|200-percent-zoom|reduced-motion|state-blocked,backlog-target-not-implemented,
25 Dostęp/Powierzchnie/Przetwarzanie rejestracji,03-dostep-rejestracja-onboarding/powierzchnie-auth/auth-13-przetwarzanie-rejestracji.md,backlog-target,"Specyfikacja targetu z fizycznym fixture; brak pliku story oznacza backlog, nie wdrożenie.",fixtures/storybook/135-auth-13-przetwarzanie-rejestracji.json,ready|loading|empty|error|validationError|rateLimited|blocked,focus-first-interactive|exercise-component-interaction|verify-focus-restoration|verify-live-region|verify-keyboard-only,1440-light|1440-dark|768-reflow|390-mobile|200-percent-zoom|reduced-motion|state-blocked,backlog-target-not-implemented,
25 Dostęp/Powierzchnie/Przetwarzanie wylogowania,03-dostep-rejestracja-onboarding/powierzchnie-auth/auth-25-przetwarzanie-wylogowania.md,backlog-target,"Specyfikacja targetu z fizycznym fixture; brak pliku story oznacza backlog, nie wdrożenie.",fixtures/storybook/136-auth-25-przetwarzanie-wylogowania.json,ready|loading|empty|error|validationError|rateLimited|blocked,focus-first-interactive|exercise-component-interaction|verify-focus-restoration|verify-live-region|verify-keyboard-only,1440-light|1440-dark|768-reflow|390-mobile|200-percent-zoom|reduced-motion|state-blocked,backlog-target-not-implemented,
25 Dostęp/Powierzchnie/Rejestracja adresem e-mail,03-dostep-rejestracja-onboarding/powierzchnie-auth/auth-04-rejestracja-adresem-e-mail.md,backlog-target,"Specyfikacja targetu z fizycznym fixture; brak pliku story oznacza backlog, nie wdrożenie.",fixtures/storybook/137-auth-04-rejestracja-adresem-e-mail.json,ready|loading|empty|error|validationError|rateLimited|blocked,focus-first-interactive|exercise-component-interaction|verify-focus-restoration|verify-live-region|verify-keyboard-only,1440-light|1440-dark|768-reflow|390-mobile|200-percent-zoom|reduced-motion|state-blocked,backlog-target-not-implemented,
25 Dostęp/Powierzchnie/Rejestracja przez OAuth,03-dostep-rejestracja-onboarding/powierzchnie-auth/auth-05-rejestracja-przez-oauth.md,backlog-target,"Specyfikacja targetu z fizycznym fixture; brak pliku story oznacza backlog, nie wdrożenie.",fixtures/storybook/138-auth-05-rejestracja-przez-oauth.json,ready|loading|empty|error|validationError|rateLimited|blocked,focus-first-interactive|exercise-component-interaction|verify-focus-restoration|verify-live-region|verify-keyboard-only,1440-light|1440-dark|768-reflow|390-mobile|200-percent-zoom|reduced-motion|state-blocked,backlog-target-not-implemented,
25 Dostęp/Powierzchnie/Rejestracja zakończona,03-dostep-rejestracja-onboarding/powierzchnie-auth/auth-14-rejestracja-zakonczona.md,backlog-target,"Specyfikacja targetu z fizycznym fixture; brak pliku story oznacza backlog, nie wdrożenie.",fixtures/storybook/139-auth-14-rejestracja-zakonczona.json,ready|loading|empty|error|validationError|rateLimited|blocked,focus-first-interactive|exercise-component-interaction|verify-focus-restoration|verify-live-region|verify-keyboard-only,1440-light|1440-dark|768-reflow|390-mobile|200-percent-zoom|reduced-motion|state-blocked,backlog-target-not-implemented,
25 Dostęp/Powierzchnie/Rozwiązanie dostępu,03-dostep-rejestracja-onboarding/powierzchnie-auth/auth-21-rozwiazanie-dostepu.md,backlog-target,"Specyfikacja targetu z fizycznym fixture; brak pliku story oznacza backlog, nie wdrożenie.",fixtures/storybook/140-auth-21-rozwiazanie-dostepu.json,ready|loading|empty|error|validationError|rateLimited|blocked,focus-first-interactive|exercise-component-interaction|verify-focus-restoration|verify-live-region|verify-keyboard-only,1440-light|1440-dark|768-reflow|390-mobile|200-percent-zoom|reduced-motion|state-blocked,backlog-target-not-implemented,
25 Dostęp/Powierzchnie/Ręczne wprowadzenie firmy,03-dostep-rejestracja-onboarding/powierzchnie-auth/auth-10-reczne-wprowadzenie-firmy.md,backlog-target,"Specyfikacja targetu z fizycznym fixture; brak pliku story oznacza backlog, nie wdrożenie.",fixtures/storybook/141-auth-10-reczne-wprowadzenie-firmy.json,ready|loading|empty|error|validationError|rateLimited|blocked,focus-first-interactive|exercise-component-interaction|verify-focus-restoration|verify-live-region|verify-keyboard-only,1440-light|1440-dark|768-reflow|390-mobile|200-percent-zoom|reduced-motion|state-blocked,backlog-target-not-implemented,
25 Dostęp/Powierzchnie/Sprawdzenie i edycja danych firmy,03-dostep-rejestracja-onboarding/powierzchnie-auth/auth-09-sprawdzenie-i-edycja-danych-firmy.md,backlog-target,"Specyfikacja targetu z fizycznym fixture; brak pliku story oznacza backlog, nie wdrożenie.",fixtures/storybook/142-auth-09-sprawdzenie-i-edycja-danych-firmy.json,ready|loading|empty|error|validationError|rateLimited|blocked,focus-first-interactive|exercise-component-interaction|verify-focus-restoration|verify-live-region|verify-keyboard-only,1440-light|1440-dark|768-reflow|390-mobile|200-percent-zoom|reduced-motion|state-blocked,backlog-target-not-implemented,
25 Dostęp/Powierzchnie/Ustawienie nowego hasła,03-dostep-rejestracja-onboarding/powierzchnie-auth/auth-20-ustawienie-nowego-hasla.md,backlog-target,"Specyfikacja targetu z fizycznym fixture; brak pliku story oznacza backlog, nie wdrożenie.",fixtures/storybook/143-auth-20-ustawienie-nowego-hasla.json,ready|loading|empty|error|validationError|rateLimited|blocked,focus-first-interactive|exercise-component-interaction|verify-focus-restoration|verify-live-region|verify-keyboard-only,1440-light|1440-dark|768-reflow|390-mobile|200-percent-zoom|reduced-motion|state-blocked,backlog-target-not-implemented,
25 Dostęp/Powierzchnie/Usługa Auth niedostępna,03-dostep-rejestracja-onboarding/powierzchnie-auth/auth-27-usluga-auth-niedostepna.md,backlog-target,"Specyfikacja targetu z fizycznym fixture; brak pliku story oznacza backlog, nie wdrożenie.",fixtures/storybook/144-auth-27-usluga-auth-niedostepna.json,ready|loading|empty|error|validationError|rateLimited|blocked,focus-first-interactive|exercise-component-interaction|verify-focus-restoration|verify-live-region|verify-keyboard-only,1440-light|1440-dark|768-reflow|390-mobile|200-percent-zoom|reduced-motion|state-blocked,backlog-target-not-implemented,
25 Dostęp/Powierzchnie/Wejście do Auth,03-dostep-rejestracja-onboarding/powierzchnie-auth/auth-01-wejscie-do-auth.md,backlog-target,"Specyfikacja targetu z fizycznym fixture; brak pliku story oznacza backlog, nie wdrożenie.",fixtures/storybook/145-auth-01-wejscie-do-auth.json,ready|loading|empty|error|validationError|rateLimited|blocked,focus-first-interactive|exercise-component-interaction|verify-focus-restoration|verify-live-region|verify-keyboard-only,1440-light|1440-dark|768-reflow|390-mobile|200-percent-zoom|reduced-motion|state-blocked,backlog-target-not-implemented,
25 Dostęp/Powierzchnie/Wejście do rejestracji,03-dostep-rejestracja-onboarding/powierzchnie-auth/auth-03-wejscie-do-rejestracji.md,backlog-target,"Specyfikacja targetu z fizycznym fixture; brak pliku story oznacza backlog, nie wdrożenie.",fixtures/storybook/146-auth-03-wejscie-do-rejestracji.json,ready|loading|empty|error|validationError|rateLimited|blocked,focus-first-interactive|exercise-component-interaction|verify-focus-restoration|verify-live-region|verify-keyboard-only,1440-light|1440-dark|768-reflow|390-mobile|200-percent-zoom|reduced-motion|state-blocked,backlog-target-not-implemented,
25 Dostęp/Powierzchnie/Weryfikacja MFA,03-dostep-rejestracja-onboarding/powierzchnie-auth/auth-16-weryfikacja-mfa.md,backlog-target,"Specyfikacja targetu z fizycznym fixture; brak pliku story oznacza backlog, nie wdrożenie.",fixtures/storybook/147-auth-16-weryfikacja-mfa.json,ready|loading|empty|error|validationError|rateLimited|blocked,focus-first-interactive|exercise-component-interaction|verify-focus-restoration|verify-live-region|verify-keyboard-only,1440-light|1440-dark|768-reflow|390-mobile|200-percent-zoom|reduced-motion|state-blocked,backlog-target-not-implemented,
25 Dostęp/Powierzchnie/Weryfikacja adresu e-mail,03-dostep-rejestracja-onboarding/powierzchnie-auth/auth-06-weryfikacja-adresu-e-mail.md,backlog-target,"Specyfikacja targetu z fizycznym fixture; brak pliku story oznacza backlog, nie wdrożenie.",fixtures/storybook/148-auth-06-weryfikacja-adresu-e-mail.json,ready|loading|empty|error|validationError|rateLimited|blocked,focus-first-interactive|exercise-component-interaction|verify-focus-restoration|verify-live-region|verify-keyboard-only,1440-light|1440-dark|768-reflow|390-mobile|200-percent-zoom|reduced-motion|state-blocked,backlog-target-not-implemented,
25 Dostęp/Powierzchnie/Wybór obszaru roboczego,03-dostep-rejestracja-onboarding/powierzchnie-auth/auth-23-wybor-obszaru-roboczego.md,backlog-target,"Specyfikacja targetu z fizycznym fixture; brak pliku story oznacza backlog, nie wdrożenie.",fixtures/storybook/149-auth-23-wybor-obszaru-roboczego.json,ready|loading|empty|error|validationError|rateLimited|blocked,focus-first-interactive|exercise-component-interaction|verify-focus-restoration|verify-live-region|verify-keyboard-only,1440-light|1440-dark|768-reflow|390-mobile|200-percent-zoom|reduced-motion|state-blocked,backlog-target-not-implemented,
25 Dostęp/Powierzchnie/Wybór organizacji lub tenanta,03-dostep-rejestracja-onboarding/powierzchnie-auth/auth-22-wybor-organizacji-lub-tenanta.md,backlog-target,"Specyfikacja targetu z fizycznym fixture; brak pliku story oznacza backlog, nie wdrożenie.",fixtures/storybook/150-auth-22-wybor-organizacji-lub-tenanta.json,ready|loading|empty|error|validationError|rateLimited|blocked,focus-first-interactive|exercise-component-interaction|verify-focus-restoration|verify-live-region|verify-keyboard-only,1440-light|1440-dark|768-reflow|390-mobile|200-percent-zoom|reduced-motion|state-blocked,backlog-target-not-implemented,
25 Dostęp/Powierzchnie/Wyszukiwanie firmy,03-dostep-rejestracja-onboarding/powierzchnie-auth/auth-08-wyszukiwanie-firmy.md,backlog-target,"Specyfikacja targetu z fizycznym fixture; brak pliku story oznacza backlog, nie wdrożenie.",fixtures/storybook/151-auth-08-wyszukiwanie-firmy.json,ready|loading|empty|error|validationError|rateLimited|blocked,focus-first-interactive|exercise-component-interaction|verify-focus-restoration|verify-live-region|verify-keyboard-only,1440-light|1440-dark|768-reflow|390-mobile|200-percent-zoom|reduced-motion|state-blocked,backlog-target-not-implemented,
25 Dostęp/Powierzchnie/Zakończenie procesu i wejście do aplikacji,03-dostep-rejestracja-onboarding/powierzchnie-auth/auth-29-zakonczenie-procesu-i-wejscie-do-aplikacji.md,backlog-target,"Specyfikacja targetu z fizycznym fixture; brak pliku story oznacza backlog, nie wdrożenie.",fixtures/storybook/152-auth-29-zakonczenie-procesu-i-wejscie-do-aplikacji.json,ready|loading|empty|error|validationError|rateLimited|blocked,focus-first-interactive|exercise-component-interaction|verify-focus-restoration|verify-live-region|verify-keyboard-only,1440-light|1440-dark|768-reflow|390-mobile|200-percent-zoom|reduced-motion|state-blocked,backlog-target-not-implemented,
25 Dostęp/Powierzchnie/Zgody rejestracyjne,03-dostep-rejestracja-onboarding/powierzchnie-auth/auth-12-zgody-rejestracyjne.md,backlog-target,"Specyfikacja targetu z fizycznym fixture; brak pliku story oznacza backlog, nie wdrożenie.",fixtures/storybook/153-auth-12-zgody-rejestracyjne.json,ready|loading|empty|error|validationError|rateLimited|blocked,focus-first-interactive|exercise-component-interaction|verify-focus-restoration|verify-live-region|verify-keyboard-only,1440-light|1440-dark|768-reflow|390-mobile|200-percent-zoom|reduced-motion|state-blocked,backlog-target-not-implemented,
30 Centrum Dowodzenia/Drivery wyniku,07-centrum-dowodzenia/30-05-drivery-wyniku.md,backlog-target,"Specyfikacja targetu z fizycznym fixture; brak pliku story oznacza backlog, nie wdrożenie.",fixtures/storybook/154-30-05-drivery-wyniku.json,ready|loading|empty|error|partial|stale|forbidden|offline,focus-first-interactive|activate-primary-action|verify-focus-restoration|verify-live-region|verify-keyboard-only,1440-light|1440-dark|768-reflow|390-mobile|200-percent-zoom|reduced-motion|state-offline,backlog-target-not-implemented,30.05
30 Centrum Dowodzenia/KPI,07-centrum-dowodzenia/30-03-kpi.md,backlog-target,"Specyfikacja targetu z fizycznym fixture; brak pliku story oznacza backlog, nie wdrożenie.",fixtures/storybook/155-30-03-kpi.json,ready|loading|empty|error|partial|stale|forbidden|offline,focus-first-interactive|activate-primary-action|verify-focus-restoration|verify-live-region|verify-keyboard-only,1440-light|1440-dark|768-reflow|390-mobile|200-percent-zoom|reduced-motion|state-offline,backlog-target-not-implemented,30.03
30 Centrum Dowodzenia/Klienci,07-centrum-dowodzenia/30-09-klienci.md,backlog-target,"Specyfikacja targetu z fizycznym fixture; brak pliku story oznacza backlog, nie wdrożenie.",fixtures/storybook/156-30-09-klienci.json,ready|loading|empty|error|partial|stale|forbidden|offline,focus-first-interactive|activate-primary-action|verify-focus-restoration|verify-live-region|verify-keyboard-only,1440-light|1440-dark|768-reflow|390-mobile|200-percent-zoom|reduced-motion|state-offline,backlog-target-not-implemented,30.09
30 Centrum Dowodzenia/Kolejka uwagi,07-centrum-dowodzenia/30-02-kolejka-uwagi.md,backlog-target,"Specyfikacja targetu z fizycznym fixture; brak pliku story oznacza backlog, nie wdrożenie.",fixtures/storybook/157-30-02-kolejka-uwagi.json,ready|loading|empty|error|partial|stale|forbidden|offline,focus-first-interactive|activate-primary-action|verify-focus-restoration|verify-live-region|verify-keyboard-only,1440-light|1440-dark|768-reflow|390-mobile|200-percent-zoom|reduced-motion|state-offline,backlog-target-not-implemented,30.02
30 Centrum Dowodzenia/Lejek,07-centrum-dowodzenia/30-10-lejek.md,backlog-target,"Specyfikacja targetu z fizycznym fixture; brak pliku story oznacza backlog, nie wdrożenie.",fixtures/storybook/158-30-10-lejek.json,ready|loading|empty|error|partial|stale|forbidden|offline,focus-first-interactive|activate-primary-action|verify-focus-restoration|verify-live-region|verify-keyboard-only,1440-light|1440-dark|768-reflow|390-mobile|200-percent-zoom|reduced-motion|state-offline,backlog-target-not-implemented,30.10
30 Centrum Dowodzenia/Plan vs wynik,07-centrum-dowodzenia/30-04-plan-vs-wynik.md,backlog-target,"Specyfikacja targetu z fizycznym fixture; brak pliku story oznacza backlog, nie wdrożenie.",fixtures/storybook/159-30-04-plan-vs-wynik.json,ready|loading|empty|error|partial|stale|forbidden|offline,focus-first-interactive|activate-primary-action|verify-focus-restoration|verify-live-region|verify-keyboard-only,1440-light|1440-dark|768-reflow|390-mobile|200-percent-zoom|reduced-motion|state-offline,backlog-target-not-implemented,30.04
30 Centrum Dowodzenia/Produkty,07-centrum-dowodzenia/30-08-produkty.md,backlog-target,"Specyfikacja targetu z fizycznym fixture; brak pliku story oznacza backlog, nie wdrożenie.",fixtures/storybook/160-30-08-produkty.json,ready|loading|empty|error|partial|stale|forbidden|offline,focus-first-interactive|activate-primary-action|verify-focus-restoration|verify-live-region|verify-keyboard-only,1440-light|1440-dark|768-reflow|390-mobile|200-percent-zoom|reduced-motion|state-offline,backlog-target-not-implemented,30.08
30 Centrum Dowodzenia/Rekomendacje AI — skrót,07-centrum-dowodzenia/30-11-rekomendacje-ai-skrot.md,backlog-target,"Specyfikacja targetu z fizycznym fixture; brak pliku story oznacza backlog, nie wdrożenie.",fixtures/storybook/161-30-11-rekomendacje-ai-skrot.json,ready|loading|empty|error|partial|stale|forbidden|offline,focus-first-interactive|activate-primary-action|verify-focus-restoration|verify-live-region|verify-keyboard-only,1440-light|1440-dark|768-reflow|390-mobile|200-percent-zoom|reduced-motion|state-offline,backlog-target-not-implemented,30.11
30 Centrum Dowodzenia/Ruch,07-centrum-dowodzenia/30-07-ruch.md,backlog-target,"Specyfikacja targetu z fizycznym fixture; brak pliku story oznacza backlog, nie wdrożenie.",fixtures/storybook/162-30-07-ruch.json,ready|loading|empty|error|partial|stale|forbidden|offline,focus-first-interactive|activate-primary-action|verify-focus-restoration|verify-live-region|verify-keyboard-only,1440-light|1440-dark|768-reflow|390-mobile|200-percent-zoom|reduced-motion|state-offline,backlog-target-not-implemented,30.07
30 Centrum Dowodzenia/Sygnały sprzedażowe,07-centrum-dowodzenia/30-12-sygnaly-sprzedazowe.md,backlog-target,"Specyfikacja targetu z fizycznym fixture; brak pliku story oznacza backlog, nie wdrożenie.",fixtures/storybook/163-30-12-sygnaly-sprzedazowe.json,ready|loading|empty|error|partial|stale|forbidden|offline,focus-first-interactive|activate-primary-action|verify-focus-restoration|verify-live-region|verify-keyboard-only,1440-light|1440-dark|768-reflow|390-mobile|200-percent-zoom|reduced-motion|state-offline,backlog-target-not-implemented,30.12
30 Centrum Dowodzenia/Warianty Centrum Dowodzenia,07-centrum-dowodzenia/30-14-warianty-centrum-dowodzenia.md,backlog-target,"Specyfikacja targetu z fizycznym fixture; brak pliku story oznacza backlog, nie wdrożenie.",fixtures/storybook/164-30-14-warianty-centrum-dowodzenia.json,ready|loading|empty|error|partial|stale|forbidden|offline,focus-first-interactive|activate-primary-action|verify-focus-restoration|verify-live-region|verify-keyboard-only,1440-light|1440-dark|768-reflow|390-mobile|200-percent-zoom|reduced-motion|state-offline,backlog-target-not-implemented,30.14
30 Centrum Dowodzenia/Waterfall,07-centrum-dowodzenia/30-13-waterfall.md,backlog-target,"Specyfikacja targetu z fizycznym fixture; brak pliku story oznacza backlog, nie wdrożenie.",fixtures/storybook/165-30-13-waterfall.json,ready|loading|empty|error|partial|stale|forbidden|offline,focus-first-interactive|activate-primary-action|verify-focus-restoration|verify-live-region|verify-keyboard-only,1440-light|1440-dark|768-reflow|390-mobile|200-percent-zoom|reduced-motion|state-offline,backlog-target-not-implemented,30.13
30 Centrum Dowodzenia/Widok główny,07-centrum-dowodzenia/30-01-widok-glowny.md,backlog-target,"Specyfikacja targetu z fizycznym fixture; brak pliku story oznacza backlog, nie wdrożenie.",fixtures/storybook/166-30-01-widok-glowny.json,ready|loading|empty|error|partial|stale|forbidden|offline,focus-first-interactive|activate-primary-action|verify-focus-restoration|verify-live-region|verify-keyboard-only,1440-light|1440-dark|768-reflow|390-mobile|200-percent-zoom|reduced-motion|state-offline,backlog-target-not-implemented,30.01
30 Centrum Dowodzenia/Źródła sprzedaży,07-centrum-dowodzenia/30-06-zrodla-sprzedazy.md,backlog-target,"Specyfikacja targetu z fizycznym fixture; brak pliku story oznacza backlog, nie wdrożenie.",fixtures/storybook/167-30-06-zrodla-sprzedazy.json,ready|loading|empty|error|partial|stale|forbidden|offline,focus-first-interactive|activate-primary-action|verify-focus-restoration|verify-live-region|verify-keyboard-only,1440-light|1440-dark|768-reflow|390-mobile|200-percent-zoom|reduced-motion|state-offline,backlog-target-not-implemented,30.06
31 Kampanie płatne/Atrybucja i sprzedaż,08-kampanie-platne/31-04-atrybucja-i-sprzedaz.md,backlog-target,"Specyfikacja targetu z fizycznym fixture; brak pliku story oznacza backlog, nie wdrożenie.",fixtures/storybook/168-31-04-atrybucja-i-sprzedaz.json,ready|loading|empty|error|partial|stale|forbidden|offline,focus-first-interactive|activate-primary-action|verify-focus-restoration|verify-live-region|verify-keyboard-only,1440-light|1440-dark|768-reflow|390-mobile|200-percent-zoom|reduced-motion|state-offline,backlog-target-not-implemented,31.04
31 Kampanie płatne/Budżet,08-kampanie-platne/31-05-budzet.md,backlog-target,"Specyfikacja targetu z fizycznym fixture; brak pliku story oznacza backlog, nie wdrożenie.",fixtures/storybook/169-31-05-budzet.json,ready|loading|empty|error|partial|stale|forbidden|offline,focus-first-interactive|activate-primary-action|verify-focus-restoration|verify-live-region|verify-keyboard-only,1440-light|1440-dark|768-reflow|390-mobile|200-percent-zoom|reduced-motion|state-offline,backlog-target-not-implemented,31.05
31 Kampanie płatne/Diagnostyka,08-kampanie-platne/31-06-diagnostyka.md,backlog-target,"Specyfikacja targetu z fizycznym fixture; brak pliku story oznacza backlog, nie wdrożenie.",fixtures/storybook/170-31-06-diagnostyka.json,ready|loading|empty|error|partial|stale|forbidden|offline,focus-first-interactive|activate-primary-action|verify-focus-restoration|verify-live-region|verify-keyboard-only,1440-light|1440-dark|768-reflow|390-mobile|200-percent-zoom|reduced-motion|state-offline,backlog-target-not-implemented,31.06
31 Kampanie płatne/Lista kampanii,08-kampanie-platne/31-02-lista-kampanii.md,backlog-target,"Specyfikacja targetu z fizycznym fixture; brak pliku story oznacza backlog, nie wdrożenie.",fixtures/storybook/171-31-02-lista-kampanii.json,ready|loading|empty|error|partial|stale|forbidden|offline,focus-first-interactive|activate-primary-action|verify-focus-restoration|verify-live-region|verify-keyboard-only,1440-light|1440-dark|768-reflow|390-mobile|200-percent-zoom|reduced-motion|state-offline,backlog-target-not-implemented,31.02
31 Kampanie płatne/Przegląd,08-kampanie-platne/31-01-przeglad.md,backlog-target,"Specyfikacja targetu z fizycznym fixture; brak pliku story oznacza backlog, nie wdrożenie.",fixtures/storybook/172-31-01-przeglad.json,ready|loading|empty|error|partial|stale|forbidden|offline,focus-first-interactive|activate-primary-action|verify-focus-restoration|verify-live-region|verify-keyboard-only,1440-light|1440-dark|768-reflow|390-mobile|200-percent-zoom|reduced-motion|state-offline,backlog-target-not-implemented,31.01
31 Kampanie płatne/Rekomendacje — kontekst domenowy,08-kampanie-platne/31-07-rekomendacje-kontekst-domenowy.md,backlog-target,"Specyfikacja targetu z fizycznym fixture; brak pliku story oznacza backlog, nie wdrożenie.",fixtures/storybook/173-31-07-rekomendacje-kontekst-domenowy.json,ready|loading|empty|error|partial|stale|forbidden|offline,focus-first-interactive|activate-primary-action|verify-focus-restoration|verify-live-region|verify-keyboard-only,1440-light|1440-dark|768-reflow|390-mobile|200-percent-zoom|reduced-motion|state-offline,backlog-target-not-implemented,31.07
31 Kampanie płatne/Szczegóły kampanii,08-kampanie-platne/31-03-szczegoly-kampanii.md,backlog-target,"Specyfikacja targetu z fizycznym fixture; brak pliku story oznacza backlog, nie wdrożenie.",fixtures/storybook/174-31-03-szczegoly-kampanii.json,ready|loading|empty|error|partial|stale|forbidden|offline,focus-first-interactive|activate-primary-action|verify-focus-restoration|verify-live-region|verify-keyboard-only,1440-light|1440-dark|768-reflow|390-mobile|200-percent-zoom|reduced-motion|state-offline,backlog-target-not-implemented,31.03
31 Kampanie płatne/Warianty kampanii,08-kampanie-platne/31-08-warianty-kampanii.md,backlog-target,"Specyfikacja targetu z fizycznym fixture; brak pliku story oznacza backlog, nie wdrożenie.",fixtures/storybook/175-31-08-warianty-kampanii.json,ready|loading|empty|error|partial|stale|forbidden|offline,focus-first-interactive|activate-primary-action|verify-focus-restoration|verify-live-region|verify-keyboard-only,1440-light|1440-dark|768-reflow|390-mobile|200-percent-zoom|reduced-motion|state-offline,backlog-target-not-implemented,31.08
32 Zamówienia/Eksport,09-zamowienia/32-07-eksport.md,backlog-target,"Specyfikacja targetu z fizycznym fixture; brak pliku story oznacza backlog, nie wdrożenie.",fixtures/storybook/176-32-07-eksport.json,ready|loading|empty|error|partial|stale|forbidden|offline,focus-first-interactive|activate-primary-action|verify-focus-restoration|verify-live-region|verify-keyboard-only,1440-light|1440-dark|768-reflow|390-mobile|200-percent-zoom|reduced-motion|state-offline,backlog-target-not-implemented,32.07
32 Zamówienia/Lista,09-zamowienia/32-02-lista.md,backlog-target,"Specyfikacja targetu z fizycznym fixture; brak pliku story oznacza backlog, nie wdrożenie.",fixtures/storybook/177-32-02-lista.json,ready|loading|empty|error|partial|stale|forbidden|offline,focus-first-interactive|activate-primary-action|verify-focus-restoration|verify-live-region|verify-keyboard-only,1440-light|1440-dark|768-reflow|390-mobile|200-percent-zoom|reduced-motion|state-offline,backlog-target-not-implemented,32.02
32 Zamówienia/Oś zdarzeń,09-zamowienia/32-04-os-zdarzen.md,backlog-target,"Specyfikacja targetu z fizycznym fixture; brak pliku story oznacza backlog, nie wdrożenie.",fixtures/storybook/178-32-04-os-zdarzen.json,ready|loading|empty|error|partial|stale|forbidden|offline,focus-first-interactive|activate-primary-action|verify-focus-restoration|verify-live-region|verify-keyboard-only,1440-light|1440-dark|768-reflow|390-mobile|200-percent-zoom|reduced-motion|state-offline,backlog-target-not-implemented,32.04
32 Zamówienia/Porównanie źródeł,09-zamowienia/32-05-porownanie-zrodel.md,backlog-target,"Specyfikacja targetu z fizycznym fixture; brak pliku story oznacza backlog, nie wdrożenie.",fixtures/storybook/179-32-05-porownanie-zrodel.json,ready|loading|empty|error|partial|stale|forbidden|offline,focus-first-interactive|activate-primary-action|verify-focus-restoration|verify-live-region|verify-keyboard-only,1440-light|1440-dark|768-reflow|390-mobile|200-percent-zoom|reduced-motion|state-offline,backlog-target-not-implemented,32.05
32 Zamówienia/Przegląd,09-zamowienia/32-01-przeglad.md,backlog-target,"Specyfikacja targetu z fizycznym fixture; brak pliku story oznacza backlog, nie wdrożenie.",fixtures/storybook/180-32-01-przeglad.json,ready|loading|empty|error|partial|stale|forbidden|offline,focus-first-interactive|activate-primary-action|verify-focus-restoration|verify-live-region|verify-keyboard-only,1440-light|1440-dark|768-reflow|390-mobile|200-percent-zoom|reduced-motion|state-offline,backlog-target-not-implemented,32.01
32 Zamówienia/Rekoncyliacja — skrót,09-zamowienia/32-06-rekoncyliacja-skrot.md,backlog-target,"Specyfikacja targetu z fizycznym fixture; brak pliku story oznacza backlog, nie wdrożenie.",fixtures/storybook/181-32-06-rekoncyliacja-skrot.json,ready|loading|empty|error|partial|stale|forbidden|offline,focus-first-interactive|activate-primary-action|verify-focus-restoration|verify-live-region|verify-keyboard-only,1440-light|1440-dark|768-reflow|390-mobile|200-percent-zoom|reduced-motion|state-offline,backlog-target-not-implemented,32.06
32 Zamówienia/Szczegóły,09-zamowienia/32-03-szczegoly.md,backlog-target,"Specyfikacja targetu z fizycznym fixture; brak pliku story oznacza backlog, nie wdrożenie.",fixtures/storybook/182-32-03-szczegoly.json,ready|loading|empty|error|partial|stale|forbidden|offline,focus-first-interactive|activate-primary-action|verify-focus-restoration|verify-live-region|verify-keyboard-only,1440-light|1440-dark|768-reflow|390-mobile|200-percent-zoom|reduced-motion|state-offline,backlog-target-not-implemented,32.03
32 Zamówienia/Warianty zamówień,09-zamowienia/32-08-warianty-zamowien.md,backlog-target,"Specyfikacja targetu z fizycznym fixture; brak pliku story oznacza backlog, nie wdrożenie.",fixtures/storybook/183-32-08-warianty-zamowien.json,ready|loading|empty|error|partial|stale|forbidden|offline,focus-first-interactive|activate-primary-action|verify-focus-restoration|verify-live-region|verify-keyboard-only,1440-light|1440-dark|768-reflow|390-mobile|200-percent-zoom|reduced-motion|state-offline,backlog-target-not-implemented,32.08
33 Produkty/Analiza wpływu,10-produkty/33-08-analiza-wplywu.md,backlog-target,"Specyfikacja targetu z fizycznym fixture; brak pliku story oznacza backlog, nie wdrożenie.",fixtures/storybook/184-33-08-analiza-wplywu.json,ready|loading|empty|error|partial|stale|forbidden|offline,focus-first-interactive|activate-primary-action|verify-focus-restoration|verify-live-region|verify-keyboard-only,1440-light|1440-dark|768-reflow|390-mobile|200-percent-zoom|reduced-motion|state-offline,backlog-target-not-implemented,33.08
33 Produkty/Katalog,10-produkty/33-02-katalog.md,backlog-target,"Specyfikacja targetu z fizycznym fixture; brak pliku story oznacza backlog, nie wdrożenie.",fixtures/storybook/185-33-02-katalog.json,ready|loading|empty|error|partial|stale|forbidden|offline,focus-first-interactive|activate-primary-action|verify-focus-restoration|verify-live-region|verify-keyboard-only,1440-light|1440-dark|768-reflow|390-mobile|200-percent-zoom|reduced-motion|state-offline,backlog-target-not-implemented,33.02
33 Produkty/Kolejka braków,10-produkty/33-07-kolejka-brakow.md,backlog-target,"Specyfikacja targetu z fizycznym fixture; brak pliku story oznacza backlog, nie wdrożenie.",fixtures/storybook/186-33-07-kolejka-brakow.json,ready|loading|empty|error|partial|stale|forbidden|offline,focus-first-interactive|activate-primary-action|verify-focus-restoration|verify-live-region|verify-keyboard-only,1440-light|1440-dark|768-reflow|390-mobile|200-percent-zoom|reduced-motion|state-offline,backlog-target-not-implemented,33.07
33 Produkty/Mapowanie,10-produkty/33-04-mapowanie.md,backlog-target,"Specyfikacja targetu z fizycznym fixture; brak pliku story oznacza backlog, nie wdrożenie.",fixtures/storybook/187-33-04-mapowanie.json,ready|loading|empty|error|partial|stale|forbidden|offline,focus-first-interactive|activate-primary-action|verify-focus-restoration|verify-live-region|verify-keyboard-only,1440-light|1440-dark|768-reflow|390-mobile|200-percent-zoom|reduced-motion|state-offline,backlog-target-not-implemented,33.04
33 Produkty/Oferty,10-produkty/33-05-oferty.md,backlog-target,"Specyfikacja targetu z fizycznym fixture; brak pliku story oznacza backlog, nie wdrożenie.",fixtures/storybook/188-33-05-oferty.json,ready|loading|empty|error|partial|stale|forbidden|offline,focus-first-interactive|activate-primary-action|verify-focus-restoration|verify-live-region|verify-keyboard-only,1440-light|1440-dark|768-reflow|390-mobile|200-percent-zoom|reduced-motion|state-offline,backlog-target-not-implemented,33.05
33 Produkty/Przegląd,10-produkty/33-01-przeglad.md,backlog-target,"Specyfikacja targetu z fizycznym fixture; brak pliku story oznacza backlog, nie wdrożenie.",fixtures/storybook/189-33-01-przeglad.json,ready|loading|empty|error|partial|stale|forbidden|offline,focus-first-interactive|activate-primary-action|verify-focus-restoration|verify-live-region|verify-keyboard-only,1440-light|1440-dark|768-reflow|390-mobile|200-percent-zoom|reduced-motion|state-offline,backlog-target-not-implemented,33.01
33 Produkty/Szczegóły,10-produkty/33-03-szczegoly.md,backlog-target,"Specyfikacja targetu z fizycznym fixture; brak pliku story oznacza backlog, nie wdrożenie.",fixtures/storybook/190-33-03-szczegoly.json,ready|loading|empty|error|partial|stale|forbidden|offline,focus-first-interactive|activate-primary-action|verify-focus-restoration|verify-live-region|verify-keyboard-only,1440-light|1440-dark|768-reflow|390-mobile|200-percent-zoom|reduced-motion|state-offline,backlog-target-not-implemented,33.03
33 Produkty/Warianty produktów,10-produkty/33-09-warianty-produktow.md,backlog-target,"Specyfikacja targetu z fizycznym fixture; brak pliku story oznacza backlog, nie wdrożenie.",fixtures/storybook/191-33-09-warianty-produktow.json,ready|loading|empty|error|partial|stale|forbidden|offline,focus-first-interactive|activate-primary-action|verify-focus-restoration|verify-live-region|verify-keyboard-only,1440-light|1440-dark|768-reflow|390-mobile|200-percent-zoom|reduced-motion|state-offline,backlog-target-not-implemented,33.09
33 Produkty/Wydajność,10-produkty/33-06-wydajnosc.md,backlog-target,"Specyfikacja targetu z fizycznym fixture; brak pliku story oznacza backlog, nie wdrożenie.",fixtures/storybook/192-33-06-wydajnosc.json,ready|loading|empty|error|partial|stale|forbidden|offline,focus-first-interactive|activate-primary-action|verify-focus-restoration|verify-live-region|verify-keyboard-only,1440-light|1440-dark|768-reflow|390-mobile|200-percent-zoom|reduced-motion|state-offline,backlog-target-not-implemented,33.06
34 Klienci/Analiza wpływu,11-klienci/34-07-analiza-wplywu.md,backlog-target,"Specyfikacja targetu z fizycznym fixture; brak pliku story oznacza backlog, nie wdrożenie.",fixtures/storybook/193-34-07-analiza-wplywu.json,ready|loading|empty|error|partial|stale|forbidden|offline,focus-first-interactive|activate-primary-action|verify-focus-restoration|verify-live-region|verify-keyboard-only,1440-light|1440-dark|768-reflow|390-mobile|200-percent-zoom|reduced-motion|state-offline,backlog-target-not-implemented,34.07
34 Klienci/Kohorty,11-klienci/34-03-kohorty.md,backlog-target,"Specyfikacja targetu z fizycznym fixture; brak pliku story oznacza backlog, nie wdrożenie.",fixtures/storybook/194-34-03-kohorty.json,ready|loading|empty|error|partial|stale|forbidden|offline,focus-first-interactive|activate-primary-action|verify-focus-restoration|verify-live-region|verify-keyboard-only,1440-light|1440-dark|768-reflow|390-mobile|200-percent-zoom|reduced-motion|state-offline,backlog-target-not-implemented,34.03
34 Klienci/Konflikty tożsamości,11-klienci/34-05-konflikty-tozsamosci.md,backlog-target,"Specyfikacja targetu z fizycznym fixture; brak pliku story oznacza backlog, nie wdrożenie.",fixtures/storybook/195-34-05-konflikty-tozsamosci.json,ready|loading|empty|error|partial|stale|forbidden|offline,focus-first-interactive|activate-primary-action|verify-focus-restoration|verify-live-region|verify-keyboard-only,1440-light|1440-dark|768-reflow|390-mobile|200-percent-zoom|reduced-motion|state-offline,backlog-target-not-implemented,34.05
34 Klienci/Prywatność,11-klienci/34-06-prywatnosc.md,backlog-target,"Specyfikacja targetu z fizycznym fixture; brak pliku story oznacza backlog, nie wdrożenie.",fixtures/storybook/196-34-06-prywatnosc.json,ready|loading|empty|error|partial|stale|forbidden|offline,focus-first-interactive|activate-primary-action|verify-focus-restoration|verify-live-region|verify-keyboard-only,1440-light|1440-dark|768-reflow|390-mobile|200-percent-zoom|reduced-motion|state-offline,backlog-target-not-implemented,34.06
34 Klienci/Przegląd,11-klienci/34-01-przeglad.md,backlog-target,"Specyfikacja targetu z fizycznym fixture; brak pliku story oznacza backlog, nie wdrożenie.",fixtures/storybook/197-34-01-przeglad.json,ready|loading|empty|error|partial|stale|forbidden|offline,focus-first-interactive|activate-primary-action|verify-focus-restoration|verify-live-region|verify-keyboard-only,1440-light|1440-dark|768-reflow|390-mobile|200-percent-zoom|reduced-motion|state-offline,backlog-target-not-implemented,34.01
34 Klienci/Segmenty,11-klienci/34-02-segmenty.md,backlog-target,"Specyfikacja targetu z fizycznym fixture; brak pliku story oznacza backlog, nie wdrożenie.",fixtures/storybook/198-34-02-segmenty.json,ready|loading|empty|error|partial|stale|forbidden|offline,focus-first-interactive|activate-primary-action|verify-focus-restoration|verify-live-region|verify-keyboard-only,1440-light|1440-dark|768-reflow|390-mobile|200-percent-zoom|reduced-motion|state-offline,backlog-target-not-implemented,34.02
34 Klienci/Szczegóły pseudonimizowane,11-klienci/34-04-szczegoly-pseudonimizowane.md,backlog-target,"Specyfikacja targetu z fizycznym fixture; brak pliku story oznacza backlog, nie wdrożenie.",fixtures/storybook/199-34-04-szczegoly-pseudonimizowane.json,ready|loading|empty|error|partial|stale|forbidden|offline,focus-first-interactive|activate-primary-action|verify-focus-restoration|verify-live-region|verify-keyboard-only,1440-light|1440-dark|768-reflow|390-mobile|200-percent-zoom|reduced-motion|state-offline,backlog-target-not-implemented,34.04
34 Klienci/Warianty klientów,11-klienci/34-08-warianty-klientow.md,backlog-target,"Specyfikacja targetu z fizycznym fixture; brak pliku story oznacza backlog, nie wdrożenie.",fixtures/storybook/200-34-08-warianty-klientow.json,ready|loading|empty|error|partial|stale|forbidden|offline,focus-first-interactive|activate-primary-action|verify-focus-restoration|verify-live-region|verify-keyboard-only,1440-light|1440-dark|768-reflow|390-mobile|200-percent-zoom|reduced-motion|state-offline,backlog-target-not-implemented,34.08
35 Ruch na stronie i lejek sprzedażowy/Definicje lejka,12-ruch-i-lejek/35-05-definicje-lejka.md,backlog-target,"Specyfikacja targetu z fizycznym fixture; brak pliku story oznacza backlog, nie wdrożenie.",fixtures/storybook/201-35-05-definicje-lejka.json,ready|loading|empty|error|partial|stale|forbidden|offline,focus-first-interactive|activate-primary-action|verify-focus-restoration|verify-live-region|verify-keyboard-only,1440-light|1440-dark|768-reflow|390-mobile|200-percent-zoom|reduced-motion|state-offline,backlog-target-not-implemented,35.05
35 Ruch na stronie i lejek sprzedażowy/GA4 vs zamówienia,12-ruch-i-lejek/35-06-ga4-vs-zamowienia.md,backlog-target,"Specyfikacja targetu z fizycznym fixture; brak pliku story oznacza backlog, nie wdrożenie.",fixtures/storybook/202-35-06-ga4-vs-zamowienia.json,ready|loading|empty|error|partial|stale|forbidden|offline,focus-first-interactive|activate-primary-action|verify-focus-restoration|verify-live-region|verify-keyboard-only,1440-light|1440-dark|768-reflow|390-mobile|200-percent-zoom|reduced-motion|state-offline,backlog-target-not-implemented,35.06
35 Ruch na stronie i lejek sprzedażowy/Jakość zdarzeń,12-ruch-i-lejek/35-07-jakosc-zdarzen.md,backlog-target,"Specyfikacja targetu z fizycznym fixture; brak pliku story oznacza backlog, nie wdrożenie.",fixtures/storybook/203-35-07-jakosc-zdarzen.json,ready|loading|empty|error|partial|stale|forbidden|offline,focus-first-interactive|activate-primary-action|verify-focus-restoration|verify-live-region|verify-keyboard-only,1440-light|1440-dark|768-reflow|390-mobile|200-percent-zoom|reduced-motion|state-offline,backlog-target-not-implemented,35.07
35 Ruch na stronie i lejek sprzedażowy/Kanały,12-ruch-i-lejek/35-02-kanaly.md,backlog-target,"Specyfikacja targetu z fizycznym fixture; brak pliku story oznacza backlog, nie wdrożenie.",fixtures/storybook/204-35-02-kanaly.json,ready|loading|empty|error|partial|stale|forbidden|offline,focus-first-interactive|activate-primary-action|verify-focus-restoration|verify-live-region|verify-keyboard-only,1440-light|1440-dark|768-reflow|390-mobile|200-percent-zoom|reduced-motion|state-offline,backlog-target-not-implemented,35.02
35 Ruch na stronie i lejek sprzedażowy/Lejek — szczegóły kroku,12-ruch-i-lejek/35-04-lejek-szczegoly-kroku.md,backlog-target,"Specyfikacja targetu z fizycznym fixture; brak pliku story oznacza backlog, nie wdrożenie.",fixtures/storybook/205-35-04-lejek-szczegoly-kroku.json,ready|loading|empty|error|partial|stale|forbidden|offline,focus-first-interactive|activate-primary-action|verify-focus-restoration|verify-live-region|verify-keyboard-only,1440-light|1440-dark|768-reflow|390-mobile|200-percent-zoom|reduced-motion|state-offline,backlog-target-not-implemented,35.04
35 Ruch na stronie i lejek sprzedażowy/Lejek — widok,12-ruch-i-lejek/35-03-lejek-widok.md,backlog-target,"Specyfikacja targetu z fizycznym fixture; brak pliku story oznacza backlog, nie wdrożenie.",fixtures/storybook/206-35-03-lejek-widok.json,ready|loading|empty|error|partial|stale|forbidden|offline,focus-first-interactive|activate-primary-action|verify-focus-restoration|verify-live-region|verify-keyboard-only,1440-light|1440-dark|768-reflow|390-mobile|200-percent-zoom|reduced-motion|state-offline,backlog-target-not-implemented,35.03
35 Ruch na stronie i lejek sprzedażowy/Przegląd ruchu,12-ruch-i-lejek/35-01-przeglad-ruchu.md,backlog-target,"Specyfikacja targetu z fizycznym fixture; brak pliku story oznacza backlog, nie wdrożenie.",fixtures/storybook/207-35-01-przeglad-ruchu.json,ready|loading|empty|error|partial|stale|forbidden|offline,focus-first-interactive|activate-primary-action|verify-focus-restoration|verify-live-region|verify-keyboard-only,1440-light|1440-dark|768-reflow|390-mobile|200-percent-zoom|reduced-motion|state-offline,backlog-target-not-implemented,35.01
35 Ruch na stronie i lejek sprzedażowy/Strony wejścia,12-ruch-i-lejek/35-08-strony-wejscia.md,backlog-target,"Specyfikacja targetu z fizycznym fixture; brak pliku story oznacza backlog, nie wdrożenie.",fixtures/storybook/208-35-08-strony-wejscia.json,ready|loading|empty|error|partial|stale|forbidden|offline,focus-first-interactive|activate-primary-action|verify-focus-restoration|verify-live-region|verify-keyboard-only,1440-light|1440-dark|768-reflow|390-mobile|200-percent-zoom|reduced-motion|state-offline,backlog-target-not-implemented,35.08
35 Ruch na stronie i lejek sprzedażowy/Warianty ruchu,12-ruch-i-lejek/35-09-warianty-ruchu.md,backlog-target,"Specyfikacja targetu z fizycznym fixture; brak pliku story oznacza backlog, nie wdrożenie.",fixtures/storybook/209-35-09-warianty-ruchu.json,ready|loading|empty|error|partial|stale|forbidden|offline,focus-first-interactive|activate-primary-action|verify-focus-restoration|verify-live-region|verify-keyboard-only,1440-light|1440-dark|768-reflow|390-mobile|200-percent-zoom|reduced-motion|state-offline,backlog-target-not-implemented,35.09
40 Integracje i synchronizacja/Awaria providera,13-integracje-i-synchronizacja/40-09-awaria-providera.md,backlog-target,"Specyfikacja targetu z fizycznym fixture; brak pliku story oznacza backlog, nie wdrożenie.",fixtures/storybook/210-40-09-awaria-providera.json,ready|loading|empty|error|partial|stale|forbidden|offline,focus-first-interactive|activate-primary-action|verify-focus-restoration|verify-live-region|verify-keyboard-only,1440-light|1440-dark|768-reflow|390-mobile|200-percent-zoom|reduced-motion|state-offline,backlog-target-not-implemented,40.09
40 Integracje i synchronizacja/Historia synchronizacji,13-integracje-i-synchronizacja/40-04-historia-synchronizacji.md,backlog-target,"Specyfikacja targetu z fizycznym fixture; brak pliku story oznacza backlog, nie wdrożenie.",fixtures/storybook/211-40-04-historia-synchronizacji.json,ready|loading|empty|error|partial|stale|forbidden|offline,focus-first-interactive|activate-primary-action|verify-focus-restoration|verify-live-region|verify-keyboard-only,1440-light|1440-dark|768-reflow|390-mobile|200-percent-zoom|reduced-motion|state-offline,backlog-target-not-implemented,40.04
40 Integracje i synchronizacja/Katalog integracji,13-integracje-i-synchronizacja/40-01-katalog-integracji.md,backlog-target,"Specyfikacja targetu z fizycznym fixture; brak pliku story oznacza backlog, nie wdrożenie.",fixtures/storybook/212-40-01-katalog-integracji.json,ready|loading|empty|error|partial|stale|forbidden|offline,focus-first-interactive|activate-primary-action|verify-focus-restoration|verify-live-region|verify-keyboard-only,1440-light|1440-dark|768-reflow|390-mobile|200-percent-zoom|reduced-motion|state-offline,backlog-target-not-implemented,40.01
40 Integracje i synchronizacja/Kreator połączenia,13-integracje-i-synchronizacja/40-02-kreator-polaczenia.md,backlog-target,"Specyfikacja targetu z fizycznym fixture; brak pliku story oznacza backlog, nie wdrożenie.",fixtures/storybook/213-40-02-kreator-polaczenia.json,ready|loading|empty|error|partial|stale|forbidden|offline,focus-first-interactive|activate-primary-action|verify-focus-restoration|verify-live-region|verify-keyboard-only,1440-light|1440-dark|768-reflow|390-mobile|200-percent-zoom|reduced-motion|state-offline,backlog-target-not-implemented,40.02
40 Integracje i synchronizacja/Odłączenie,13-integracje-i-synchronizacja/40-08-odlaczenie.md,backlog-target,"Specyfikacja targetu z fizycznym fixture; brak pliku story oznacza backlog, nie wdrożenie.",fixtures/storybook/214-40-08-odlaczenie.json,ready|loading|empty|error|partial|stale|forbidden|offline,focus-first-interactive|activate-primary-action|verify-focus-restoration|verify-live-region|verify-keyboard-only,1440-light|1440-dark|768-reflow|390-mobile|200-percent-zoom|reduced-motion|state-offline,backlog-target-not-implemented,40.08
40 Integracje i synchronizacja/Ponowne połączenie,13-integracje-i-synchronizacja/40-07-ponowne-polaczenie.md,backlog-target,"Specyfikacja targetu z fizycznym fixture; brak pliku story oznacza backlog, nie wdrożenie.",fixtures/storybook/215-40-07-ponowne-polaczenie.json,ready|loading|empty|error|partial|stale|forbidden|offline,focus-first-interactive|activate-primary-action|verify-focus-restoration|verify-live-region|verify-keyboard-only,1440-light|1440-dark|768-reflow|390-mobile|200-percent-zoom|reduced-motion|state-offline,backlog-target-not-implemented,40.07
40 Integracje i synchronizacja/Przebieg synchronizacji,13-integracje-i-synchronizacja/40-05-przebieg-synchronizacji.md,backlog-target,"Specyfikacja targetu z fizycznym fixture; brak pliku story oznacza backlog, nie wdrożenie.",fixtures/storybook/216-40-05-przebieg-synchronizacji.json,ready|loading|empty|error|partial|stale|forbidden|offline,focus-first-interactive|activate-primary-action|verify-focus-restoration|verify-live-region|verify-keyboard-only,1440-light|1440-dark|768-reflow|390-mobile|200-percent-zoom|reduced-motion|state-offline,backlog-target-not-implemented,40.05
40 Integracje i synchronizacja/Szczegóły integracji,13-integracje-i-synchronizacja/40-03-szczegoly-integracji.md,backlog-target,"Specyfikacja targetu z fizycznym fixture; brak pliku story oznacza backlog, nie wdrożenie.",fixtures/storybook/217-40-03-szczegoly-integracji.json,ready|loading|empty|error|partial|stale|forbidden|offline,focus-first-interactive|activate-primary-action|verify-focus-restoration|verify-live-region|verify-keyboard-only,1440-light|1440-dark|768-reflow|390-mobile|200-percent-zoom|reduced-motion|state-offline,backlog-target-not-implemented,40.03
40 Integracje i synchronizacja/Warianty integracji,13-integracje-i-synchronizacja/40-10-warianty-integracji.md,backlog-target,"Specyfikacja targetu z fizycznym fixture; brak pliku story oznacza backlog, nie wdrożenie.",fixtures/storybook/218-40-10-warianty-integracji.json,ready|loading|empty|error|partial|stale|forbidden|offline,focus-first-interactive|activate-primary-action|verify-focus-restoration|verify-live-region|verify-keyboard-only,1440-light|1440-dark|768-reflow|390-mobile|200-percent-zoom|reduced-motion|state-offline,backlog-target-not-implemented,40.10
40 Integracje i synchronizacja/Zakres synchronizacji,13-integracje-i-synchronizacja/40-06-zakres-synchronizacji.md,backlog-target,"Specyfikacja targetu z fizycznym fixture; brak pliku story oznacza backlog, nie wdrożenie.",fixtures/storybook/219-40-06-zakres-synchronizacji.json,ready|loading|empty|error|partial|stale|forbidden|offline,focus-first-interactive|activate-primary-action|verify-focus-restoration|verify-live-region|verify-keyboard-only,1440-light|1440-dark|768-reflow|390-mobile|200-percent-zoom|reduced-motion|state-offline,backlog-target-not-implemented,40.06
41 Jakość danych i integralność/Centrum jakości,14-jakosc-danych-i-integralnosc/41-01-centrum-jakosci.md,backlog-target,"Specyfikacja targetu z fizycznym fixture; brak pliku story oznacza backlog, nie wdrożenie.",fixtures/storybook/220-41-01-centrum-jakosci.json,ready|loading|empty|error|partial|stale|forbidden|offline,focus-first-interactive|activate-primary-action|verify-focus-restoration|verify-live-region|verify-keyboard-only,1440-light|1440-dark|768-reflow|390-mobile|200-percent-zoom|reduced-motion|state-offline,backlog-target-not-implemented,41.01
41 Jakość danych i integralność/Konflikty,14-jakosc-danych-i-integralnosc/41-06-konflikty.md,backlog-target,"Specyfikacja targetu z fizycznym fixture; brak pliku story oznacza backlog, nie wdrożenie.",fixtures/storybook/221-41-06-konflikty.json,ready|loading|empty|error|partial|stale|forbidden|offline,focus-first-interactive|activate-primary-action|verify-focus-restoration|verify-live-region|verify-keyboard-only,1440-light|1440-dark|768-reflow|390-mobile|200-percent-zoom|reduced-motion|state-offline,backlog-target-not-implemented,41.06
41 Jakość danych i integralność/Nadrzędność źródła,14-jakosc-danych-i-integralnosc/41-05-nadrzednosc-zrodla.md,backlog-target,"Specyfikacja targetu z fizycznym fixture; brak pliku story oznacza backlog, nie wdrożenie.",fixtures/storybook/222-41-05-nadrzednosc-zrodla.json,ready|loading|empty|error|partial|stale|forbidden|offline,focus-first-interactive|activate-primary-action|verify-focus-restoration|verify-live-region|verify-keyboard-only,1440-light|1440-dark|768-reflow|390-mobile|200-percent-zoom|reduced-motion|state-offline,backlog-target-not-implemented,41.05
41 Jakość danych i integralność/Nakładanie źródeł,14-jakosc-danych-i-integralnosc/41-04-nakladanie-zrodel.md,backlog-target,"Specyfikacja targetu z fizycznym fixture; brak pliku story oznacza backlog, nie wdrożenie.",fixtures/storybook/223-41-04-nakladanie-zrodel.json,ready|loading|empty|error|partial|stale|forbidden|offline,focus-first-interactive|activate-primary-action|verify-focus-restoration|verify-live-region|verify-keyboard-only,1440-light|1440-dark|768-reflow|390-mobile|200-percent-zoom|reduced-motion|state-offline,backlog-target-not-implemented,41.04
41 Jakość danych i integralność/Pochodzenie danych,14-jakosc-danych-i-integralnosc/41-03-pochodzenie-danych.md,backlog-target,"Specyfikacja targetu z fizycznym fixture; brak pliku story oznacza backlog, nie wdrożenie.",fixtures/storybook/224-41-03-pochodzenie-danych.json,ready|loading|empty|error|partial|stale|forbidden|offline,focus-first-interactive|activate-primary-action|verify-focus-restoration|verify-live-region|verify-keyboard-only,1440-light|1440-dark|768-reflow|390-mobile|200-percent-zoom|reduced-motion|state-offline,backlog-target-not-implemented,41.03
41 Jakość danych i integralność/Ponowne przetwarzanie,14-jakosc-danych-i-integralnosc/41-08-ponowne-przetwarzanie.md,backlog-target,"Specyfikacja targetu z fizycznym fixture; brak pliku story oznacza backlog, nie wdrożenie.",fixtures/storybook/225-41-08-ponowne-przetwarzanie.json,ready|loading|empty|error|partial|stale|forbidden|offline,focus-first-interactive|activate-primary-action|verify-focus-restoration|verify-live-region|verify-keyboard-only,1440-light|1440-dark|768-reflow|390-mobile|200-percent-zoom|reduced-motion|state-offline,backlog-target-not-implemented,41.08
41 Jakość danych i integralność/Przegląd ręczny,14-jakosc-danych-i-integralnosc/41-07-przeglad-reczny.md,backlog-target,"Specyfikacja targetu z fizycznym fixture; brak pliku story oznacza backlog, nie wdrożenie.",fixtures/storybook/226-41-07-przeglad-reczny.json,ready|loading|empty|error|partial|stale|forbidden|offline,focus-first-interactive|activate-primary-action|verify-focus-restoration|verify-live-region|verify-keyboard-only,1440-light|1440-dark|768-reflow|390-mobile|200-percent-zoom|reduced-motion|state-offline,backlog-target-not-implemented,41.07
41 Jakość danych i integralność/Rekoncyliacja,14-jakosc-danych-i-integralnosc/41-09-rekoncyliacja.md,backlog-target,"Specyfikacja targetu z fizycznym fixture; brak pliku story oznacza backlog, nie wdrożenie.",fixtures/storybook/227-41-09-rekoncyliacja.json,ready|loading|empty|error|partial|stale|forbidden|offline,focus-first-interactive|activate-primary-action|verify-focus-restoration|verify-live-region|verify-keyboard-only,1440-light|1440-dark|768-reflow|390-mobile|200-percent-zoom|reduced-motion|state-offline,backlog-target-not-implemented,41.09
41 Jakość danych i integralność/Warianty jakości danych,14-jakosc-danych-i-integralnosc/41-10-warianty-jakosci-danych.md,backlog-target,"Specyfikacja targetu z fizycznym fixture; brak pliku story oznacza backlog, nie wdrożenie.",fixtures/storybook/228-41-10-warianty-jakosci-danych.json,ready|loading|empty|error|partial|stale|forbidden|offline,focus-first-interactive|activate-primary-action|verify-focus-restoration|verify-live-region|verify-keyboard-only,1440-light|1440-dark|768-reflow|390-mobile|200-percent-zoom|reduced-motion|state-offline,backlog-target-not-implemented,41.10
41 Jakość danych i integralność/Zbiór danych,14-jakosc-danych-i-integralnosc/41-02-zbior-danych.md,backlog-target,"Specyfikacja targetu z fizycznym fixture; brak pliku story oznacza backlog, nie wdrożenie.",fixtures/storybook/229-41-02-zbior-danych.json,ready|loading|empty|error|partial|stale|forbidden|offline,focus-first-interactive|activate-primary-action|verify-focus-restoration|verify-live-region|verify-keyboard-only,1440-light|1440-dark|768-reflow|390-mobile|200-percent-zoom|reduced-motion|state-offline,backlog-target-not-implemented,41.02
50 Papa Asystent i Laboratorium AI/AI Action Approval,15-papa-asystent-i-laboratorium-ai/50-12-ai-action-approval.md,backlog-target,"Specyfikacja targetu z fizycznym fixture; brak pliku story oznacza backlog, nie wdrożenie.",fixtures/storybook/230-50-12-ai-action-approval.json,ready|loading|empty|error|partial|stale|forbidden|offline,focus-first-interactive|activate-primary-action|verify-focus-restoration|verify-live-region|verify-keyboard-only,1440-light|1440-dark|768-reflow|390-mobile|200-percent-zoom|reduced-motion|state-offline,backlog-target-not-implemented,50.12
50 Papa Asystent i Laboratorium AI/AI Actions,15-papa-asystent-i-laboratorium-ai/50-13-ai-actions.md,backlog-target,"Specyfikacja targetu z fizycznym fixture; brak pliku story oznacza backlog, nie wdrożenie.",fixtures/storybook/231-50-13-ai-actions.json,ready|loading|empty|error|partial|stale|forbidden|offline,focus-first-interactive|activate-primary-action|verify-focus-restoration|verify-live-region|verify-keyboard-only,1440-light|1440-dark|768-reflow|390-mobile|200-percent-zoom|reduced-motion|state-offline,backlog-target-not-implemented,50.13
50 Papa Asystent i Laboratorium AI/AssistantShell,15-papa-asystent-i-laboratorium-ai/50-02-assistantshell.md,backlog-target,"Specyfikacja targetu z fizycznym fixture; brak pliku story oznacza backlog, nie wdrożenie.",fixtures/storybook/232-50-02-assistantshell.json,ready|loading|empty|error|partial|stale|forbidden|offline,focus-first-interactive|activate-primary-action|verify-focus-restoration|verify-live-region|verify-keyboard-only,1440-light|1440-dark|768-reflow|390-mobile|200-percent-zoom|reduced-motion|state-offline,backlog-target-not-implemented,50.02
50 Papa Asystent i Laboratorium AI/Confidence,15-papa-asystent-i-laboratorium-ai/50-07-confidence.md,backlog-target,"Specyfikacja targetu z fizycznym fixture; brak pliku story oznacza backlog, nie wdrożenie.",fixtures/storybook/233-50-07-confidence.json,ready|loading|empty|error|partial|stale|forbidden|offline,focus-first-interactive|activate-primary-action|verify-focus-restoration|verify-live-region|verify-keyboard-only,1440-light|1440-dark|768-reflow|390-mobile|200-percent-zoom|reduced-motion|state-offline,backlog-target-not-implemented,50.07
50 Papa Asystent i Laboratorium AI/Context basket,15-papa-asystent-i-laboratorium-ai/50-04-context-basket.md,backlog-target,"Specyfikacja targetu z fizycznym fixture; brak pliku story oznacza backlog, nie wdrożenie.",fixtures/storybook/234-50-04-context-basket.json,ready|loading|empty|error|partial|stale|forbidden|offline,focus-first-interactive|activate-primary-action|verify-focus-restoration|verify-live-region|verify-keyboard-only,1440-light|1440-dark|768-reflow|390-mobile|200-percent-zoom|reduced-motion|state-offline,backlog-target-not-implemented,50.04
50 Papa Asystent i Laboratorium AI/Dowody,15-papa-asystent-i-laboratorium-ai/50-06-dowody.md,backlog-target,"Specyfikacja targetu z fizycznym fixture; brak pliku story oznacza backlog, nie wdrożenie.",fixtures/storybook/235-50-06-dowody.json,ready|loading|empty|error|partial|stale|forbidden|offline,focus-first-interactive|activate-primary-action|verify-focus-restoration|verify-live-region|verify-keyboard-only,1440-light|1440-dark|768-reflow|390-mobile|200-percent-zoom|reduced-motion|state-offline,backlog-target-not-implemented,50.06
50 Papa Asystent i Laboratorium AI/Historia i pamięć Papa,15-papa-asystent-i-laboratorium-ai/50-15-historia-i-pamiec-papa.md,backlog-target,"Specyfikacja targetu z fizycznym fixture; brak pliku story oznacza backlog, nie wdrożenie.",fixtures/storybook/236-50-15-historia-i-pamiec-papa.json,ready|loading|empty|error|partial|stale|forbidden|offline,focus-first-interactive|activate-primary-action|verify-focus-restoration|verify-live-region|verify-keyboard-only,1440-light|1440-dark|768-reflow|390-mobile|200-percent-zoom|reduced-motion|state-offline,backlog-target-not-implemented,50.15
50 Papa Asystent i Laboratorium AI/Laboratorium AI,15-papa-asystent-i-laboratorium-ai/50-08-laboratorium-ai.md,backlog-target,"Specyfikacja targetu z fizycznym fixture; brak pliku story oznacza backlog, nie wdrożenie.",fixtures/storybook/237-50-08-laboratorium-ai.json,ready|loading|empty|error|partial|stale|forbidden|offline,focus-first-interactive|activate-primary-action|verify-focus-restoration|verify-live-region|verify-keyboard-only,1440-light|1440-dark|768-reflow|390-mobile|200-percent-zoom|reduced-motion|state-offline,backlog-target-not-implemented,50.08
50 Papa Asystent i Laboratorium AI/Obserwacje,15-papa-asystent-i-laboratorium-ai/50-09-obserwacje.md,backlog-target,"Specyfikacja targetu z fizycznym fixture; brak pliku story oznacza backlog, nie wdrożenie.",fixtures/storybook/238-50-09-obserwacje.json,ready|loading|empty|error|partial|stale|forbidden|offline,focus-first-interactive|activate-primary-action|verify-focus-restoration|verify-live-region|verify-keyboard-only,1440-light|1440-dark|768-reflow|390-mobile|200-percent-zoom|reduced-motion|state-offline,backlog-target-not-implemented,50.09
50 Papa Asystent i Laboratorium AI/Odpowiedź Papa,15-papa-asystent-i-laboratorium-ai/50-05-odpowiedz-papa.md,backlog-target,"Specyfikacja targetu z fizycznym fixture; brak pliku story oznacza backlog, nie wdrożenie.",fixtures/storybook/239-50-05-odpowiedz-papa.json,ready|loading|empty|error|partial|stale|forbidden|offline,focus-first-interactive|activate-primary-action|verify-focus-restoration|verify-live-region|verify-keyboard-only,1440-light|1440-dark|768-reflow|390-mobile|200-percent-zoom|reduced-motion|state-offline,backlog-target-not-implemented,50.05
50 Papa Asystent i Laboratorium AI/Panel kontekstowy Papa,15-papa-asystent-i-laboratorium-ai/50-01-panel-kontekstowy-papa.md,backlog-target,"Specyfikacja targetu z fizycznym fixture; brak pliku story oznacza backlog, nie wdrożenie.",fixtures/storybook/240-50-01-panel-kontekstowy-papa.json,ready|loading|empty|error|partial|stale|forbidden|offline,focus-first-interactive|activate-primary-action|verify-focus-restoration|verify-live-region|verify-keyboard-only,1440-light|1440-dark|768-reflow|390-mobile|200-percent-zoom|reduced-motion|state-offline,backlog-target-not-implemented,50.01
50 Papa Asystent i Laboratorium AI/Propozycje AI,15-papa-asystent-i-laboratorium-ai/50-11-propozycje-ai.md,backlog-target,"Specyfikacja targetu z fizycznym fixture; brak pliku story oznacza backlog, nie wdrożenie.",fixtures/storybook/241-50-11-propozycje-ai.json,ready|loading|empty|error|partial|stale|forbidden|offline,focus-first-interactive|activate-primary-action|verify-focus-restoration|verify-live-region|verify-keyboard-only,1440-light|1440-dark|768-reflow|390-mobile|200-percent-zoom|reduced-motion|state-offline,backlog-target-not-implemented,50.11
50 Papa Asystent i Laboratorium AI/Rekomendacje i warianty,15-papa-asystent-i-laboratorium-ai/50-10-rekomendacje-i-warianty.md,backlog-target,"Specyfikacja targetu z fizycznym fixture; brak pliku story oznacza backlog, nie wdrożenie.",fixtures/storybook/242-50-10-rekomendacje-i-warianty.json,ready|loading|empty|error|partial|stale|forbidden|offline,focus-first-interactive|activate-primary-action|verify-focus-restoration|verify-live-region|verify-keyboard-only,1440-light|1440-dark|768-reflow|390-mobile|200-percent-zoom|reduced-motion|state-offline,backlog-target-not-implemented,50.10
50 Papa Asystent i Laboratorium AI/Tryby pracy,15-papa-asystent-i-laboratorium-ai/50-03-tryby-pracy.md,backlog-target,"Specyfikacja targetu z fizycznym fixture; brak pliku story oznacza backlog, nie wdrożenie.",fixtures/storybook/243-50-03-tryby-pracy.json,ready|loading|empty|error|partial|stale|forbidden|offline,focus-first-interactive|activate-primary-action|verify-focus-restoration|verify-live-region|verify-keyboard-only,1440-light|1440-dark|768-reflow|390-mobile|200-percent-zoom|reduced-motion|state-offline,backlog-target-not-implemented,50.03
50 Papa Asystent i Laboratorium AI/Ustawienia AI i Governance,15-papa-asystent-i-laboratorium-ai/50-16-ustawienia-ai-i-governance.md,backlog-target,"Specyfikacja targetu z fizycznym fixture; brak pliku story oznacza backlog, nie wdrożenie.",fixtures/storybook/244-50-16-ustawienia-ai-i-governance.json,ready|loading|empty|error|partial|stale|forbidden|offline,focus-first-interactive|activate-primary-action|verify-focus-restoration|verify-live-region|verify-keyboard-only,1440-light|1440-dark|768-reflow|390-mobile|200-percent-zoom|reduced-motion|state-offline,backlog-target-not-implemented,50.16
50 Papa Asystent i Laboratorium AI/Warianty Papa,15-papa-asystent-i-laboratorium-ai/50-17-warianty-papa.md,backlog-target,"Specyfikacja targetu z fizycznym fixture; brak pliku story oznacza backlog, nie wdrożenie.",fixtures/storybook/245-50-17-warianty-papa.json,ready|loading|empty|error|partial|stale|forbidden|offline,focus-first-interactive|activate-primary-action|verify-focus-restoration|verify-live-region|verify-keyboard-only,1440-light|1440-dark|768-reflow|390-mobile|200-percent-zoom|reduced-motion|state-offline,backlog-target-not-implemented,50.17
50 Papa Asystent i Laboratorium AI/Zablokowane działania AI,15-papa-asystent-i-laboratorium-ai/50-14-zablokowane-dzialania-ai.md,backlog-target,"Specyfikacja targetu z fizycznym fixture; brak pliku story oznacza backlog, nie wdrożenie.",fixtures/storybook/246-50-14-zablokowane-dzialania-ai.json,ready|loading|empty|error|partial|stale|forbidden|offline,focus-first-interactive|activate-primary-action|verify-focus-restoration|verify-live-region|verify-keyboard-only,1440-light|1440-dark|768-reflow|390-mobile|200-percent-zoom|reduced-motion|state-offline,backlog-target-not-implemented,50.14
"60 Ustawienia, zespół i bezpieczeństwo/Audyt",16-ustawienia-zespol-bezpieczenstwo/60-07-audyt.md,backlog-target,"Specyfikacja targetu z fizycznym fixture; brak pliku story oznacza backlog, nie wdrożenie.",fixtures/storybook/247-60-07-audyt.json,ready|loading|empty|error|partial|stale|forbidden|offline,focus-first-interactive|activate-primary-action|verify-focus-restoration|verify-live-region|verify-keyboard-only,1440-light|1440-dark|768-reflow|390-mobile|200-percent-zoom|reduced-motion|state-offline,backlog-target-not-implemented,60.07
"60 Ustawienia, zespół i bezpieczeństwo/Bezpieczeństwo konta",16-ustawienia-zespol-bezpieczenstwo/60-05-bezpieczenstwo-konta.md,backlog-target,"Specyfikacja targetu z fizycznym fixture; brak pliku story oznacza backlog, nie wdrożenie.",fixtures/storybook/248-60-05-bezpieczenstwo-konta.json,ready|loading|empty|error|partial|stale|forbidden|offline,focus-first-interactive|activate-primary-action|verify-focus-restoration|verify-live-region|verify-keyboard-only,1440-light|1440-dark|768-reflow|390-mobile|200-percent-zoom|reduced-motion|state-offline,backlog-target-not-implemented,60.05
"60 Ustawienia, zespół i bezpieczeństwo/Członkostwa",16-ustawienia-zespol-bezpieczenstwo/60-03-czlonkostwa.md,backlog-target,"Specyfikacja targetu z fizycznym fixture; brak pliku story oznacza backlog, nie wdrożenie.",fixtures/storybook/249-60-03-czlonkostwa.json,ready|loading|empty|error|partial|stale|forbidden|offline,focus-first-interactive|activate-primary-action|verify-focus-restoration|verify-live-region|verify-keyboard-only,1440-light|1440-dark|768-reflow|390-mobile|200-percent-zoom|reduced-motion|state-offline,backlog-target-not-implemented,60.03
"60 Ustawienia, zespół i bezpieczeństwo/Dostęp wsparcia",16-ustawienia-zespol-bezpieczenstwo/60-09-dostep-wsparcia.md,backlog-target,"Specyfikacja targetu z fizycznym fixture; brak pliku story oznacza backlog, nie wdrożenie.",fixtures/storybook/250-60-09-dostep-wsparcia.json,ready|loading|empty|error|partial|stale|forbidden|offline,focus-first-interactive|activate-primary-action|verify-focus-restoration|verify-live-region|verify-keyboard-only,1440-light|1440-dark|768-reflow|390-mobile|200-percent-zoom|reduced-motion|state-offline,backlog-target-not-implemented,60.09
"60 Ustawienia, zespół i bezpieczeństwo/Organizacja",16-ustawienia-zespol-bezpieczenstwo/60-01-organizacja.md,backlog-target,"Specyfikacja targetu z fizycznym fixture; brak pliku story oznacza backlog, nie wdrożenie.",fixtures/storybook/251-60-01-organizacja.json,ready|loading|empty|error|partial|stale|forbidden|offline,focus-first-interactive|activate-primary-action|verify-focus-restoration|verify-live-region|verify-keyboard-only,1440-light|1440-dark|768-reflow|390-mobile|200-percent-zoom|reduced-motion|state-offline,backlog-target-not-implemented,60.01
"60 Ustawienia, zespół i bezpieczeństwo/Prywatność",16-ustawienia-zespol-bezpieczenstwo/60-08-prywatnosc.md,backlog-target,"Specyfikacja targetu z fizycznym fixture; brak pliku story oznacza backlog, nie wdrożenie.",fixtures/storybook/252-60-08-prywatnosc.json,ready|loading|empty|error|partial|stale|forbidden|offline,focus-first-interactive|activate-primary-action|verify-focus-restoration|verify-live-region|verify-keyboard-only,1440-light|1440-dark|768-reflow|390-mobile|200-percent-zoom|reduced-motion|state-offline,backlog-target-not-implemented,60.08
"60 Ustawienia, zespół i bezpieczeństwo/Role i uprawnienia",16-ustawienia-zespol-bezpieczenstwo/60-04-role-i-uprawnienia.md,backlog-target,"Specyfikacja targetu z fizycznym fixture; brak pliku story oznacza backlog, nie wdrożenie.",fixtures/storybook/253-60-04-role-i-uprawnienia.json,ready|loading|empty|error|partial|stale|forbidden|offline,focus-first-interactive|activate-primary-action|verify-focus-restoration|verify-live-region|verify-keyboard-only,1440-light|1440-dark|768-reflow|390-mobile|200-percent-zoom|reduced-motion|state-offline,backlog-target-not-implemented,60.04
"60 Ustawienia, zespół i bezpieczeństwo/Sesje",16-ustawienia-zespol-bezpieczenstwo/60-06-sesje.md,backlog-target,"Specyfikacja targetu z fizycznym fixture; brak pliku story oznacza backlog, nie wdrożenie.",fixtures/storybook/254-60-06-sesje.json,ready|loading|empty|error|partial|stale|forbidden|offline,focus-first-interactive|activate-primary-action|verify-focus-restoration|verify-live-region|verify-keyboard-only,1440-light|1440-dark|768-reflow|390-mobile|200-percent-zoom|reduced-motion|state-offline,backlog-target-not-implemented,60.06
"60 Ustawienia, zespół i bezpieczeństwo/Warianty ustawień",16-ustawienia-zespol-bezpieczenstwo/60-10-warianty-ustawien.md,backlog-target,"Specyfikacja targetu z fizycznym fixture; brak pliku story oznacza backlog, nie wdrożenie.",fixtures/storybook/255-60-10-warianty-ustawien.json,ready|loading|empty|error|partial|stale|forbidden|offline,focus-first-interactive|activate-primary-action|verify-focus-restoration|verify-live-region|verify-keyboard-only,1440-light|1440-dark|768-reflow|390-mobile|200-percent-zoom|reduced-motion|state-offline,backlog-target-not-implemented,60.10
"60 Ustawienia, zespół i bezpieczeństwo/Workspace",16-ustawienia-zespol-bezpieczenstwo/60-02-workspace.md,backlog-target,"Specyfikacja targetu z fizycznym fixture; brak pliku story oznacza backlog, nie wdrożenie.",fixtures/storybook/256-60-02-workspace.json,ready|loading|empty|error|partial|stale|forbidden|offline,focus-first-interactive|activate-primary-action|verify-focus-restoration|verify-live-region|verify-keyboard-only,1440-light|1440-dark|768-reflow|390-mobile|200-percent-zoom|reduced-motion|state-offline,backlog-target-not-implemented,60.02
70 Subskrypcja i płatności/Faktury,17-subskrypcja-i-platnosci/70-04-faktury.md,backlog-target,"Specyfikacja targetu z fizycznym fixture; brak pliku story oznacza backlog, nie wdrożenie.",fixtures/storybook/257-70-04-faktury.json,ready|loading|empty|error|partial|stale|forbidden|offline,focus-first-interactive|activate-primary-action|verify-focus-restoration|verify-live-region|verify-keyboard-only,1440-light|1440-dark|768-reflow|390-mobile|200-percent-zoom|reduced-motion|state-offline,backlog-target-not-implemented,70.04
70 Subskrypcja i płatności/Korekty,17-subskrypcja-i-platnosci/70-07-korekty.md,backlog-target,"Specyfikacja targetu z fizycznym fixture; brak pliku story oznacza backlog, nie wdrożenie.",fixtures/storybook/258-70-07-korekty.json,ready|loading|empty|error|partial|stale|forbidden|offline,focus-first-interactive|activate-primary-action|verify-focus-restoration|verify-live-region|verify-keyboard-only,1440-light|1440-dark|768-reflow|390-mobile|200-percent-zoom|reduced-motion|state-offline,backlog-target-not-implemented,70.07
70 Subskrypcja i płatności/Pilot do abonamentu,17-subskrypcja-i-platnosci/70-09-pilot-do-abonamentu.md,backlog-target,"Specyfikacja targetu z fizycznym fixture; brak pliku story oznacza backlog, nie wdrożenie.",fixtures/storybook/259-70-09-pilot-do-abonamentu.json,ready|loading|empty|error|partial|stale|forbidden|offline,focus-first-interactive|activate-primary-action|verify-focus-restoration|verify-live-region|verify-keyboard-only,1440-light|1440-dark|768-reflow|390-mobile|200-percent-zoom|reduced-motion|state-offline,backlog-target-not-implemented,70.09
70 Subskrypcja i płatności/Plany,17-subskrypcja-i-platnosci/70-03-plany.md,backlog-target,"Specyfikacja targetu z fizycznym fixture; brak pliku story oznacza backlog, nie wdrożenie.",fixtures/storybook/260-70-03-plany.json,ready|loading|empty|error|partial|stale|forbidden|offline,focus-first-interactive|activate-primary-action|verify-focus-restoration|verify-live-region|verify-keyboard-only,1440-light|1440-dark|768-reflow|390-mobile|200-percent-zoom|reduced-motion|state-offline,backlog-target-not-implemented,70.03
70 Subskrypcja i płatności/Płatności,17-subskrypcja-i-platnosci/70-05-platnosci.md,backlog-target,"Specyfikacja targetu z fizycznym fixture; brak pliku story oznacza backlog, nie wdrożenie.",fixtures/storybook/261-70-05-platnosci.json,ready|loading|empty|error|partial|stale|forbidden|offline,focus-first-interactive|activate-primary-action|verify-focus-restoration|verify-live-region|verify-keyboard-only,1440-light|1440-dark|768-reflow|390-mobile|200-percent-zoom|reduced-motion|state-offline,backlog-target-not-implemented,70.05
70 Subskrypcja i płatności/Subskrypcja,17-subskrypcja-i-platnosci/70-01-subskrypcja.md,backlog-target,"Specyfikacja targetu z fizycznym fixture; brak pliku story oznacza backlog, nie wdrożenie.",fixtures/storybook/262-70-01-subskrypcja.json,ready|loading|empty|error|partial|stale|forbidden|offline,focus-first-interactive|activate-primary-action|verify-focus-restoration|verify-live-region|verify-keyboard-only,1440-light|1440-dark|768-reflow|390-mobile|200-percent-zoom|reduced-motion|state-offline,backlog-target-not-implemented,70.01
70 Subskrypcja i płatności/Użycie i limity,17-subskrypcja-i-platnosci/70-02-uzycie-i-limity.md,backlog-target,"Specyfikacja targetu z fizycznym fixture; brak pliku story oznacza backlog, nie wdrożenie.",fixtures/storybook/263-70-02-uzycie-i-limity.json,ready|loading|empty|error|partial|stale|forbidden|offline,focus-first-interactive|activate-primary-action|verify-focus-restoration|verify-live-region|verify-keyboard-only,1440-light|1440-dark|768-reflow|390-mobile|200-percent-zoom|reduced-motion|state-offline,backlog-target-not-implemented,70.02
70 Subskrypcja i płatności/Warianty billingowe,17-subskrypcja-i-platnosci/70-10-warianty-billingowe.md,backlog-target,"Specyfikacja targetu z fizycznym fixture; brak pliku story oznacza backlog, nie wdrożenie.",fixtures/storybook/264-70-10-warianty-billingowe.json,ready|loading|empty|error|partial|stale|forbidden|offline,focus-first-interactive|activate-primary-action|verify-focus-restoration|verify-live-region|verify-keyboard-only,1440-light|1440-dark|768-reflow|390-mobile|200-percent-zoom|reduced-motion|state-offline,backlog-target-not-implemented,70.10
70 Subskrypcja i płatności/Zaległa płatność,17-subskrypcja-i-platnosci/70-06-zalegla-platnosc.md,backlog-target,"Specyfikacja targetu z fizycznym fixture; brak pliku story oznacza backlog, nie wdrożenie.",fixtures/storybook/265-70-06-zalegla-platnosc.json,ready|loading|empty|error|partial|stale|forbidden|offline,focus-first-interactive|activate-primary-action|verify-focus-restoration|verify-live-region|verify-keyboard-only,1440-light|1440-dark|768-reflow|390-mobile|200-percent-zoom|reduced-motion|state-offline,backlog-target-not-implemented,70.06
70 Subskrypcja i płatności/Zmiana i anulowanie,17-subskrypcja-i-platnosci/70-08-zmiana-i-anulowanie.md,backlog-target,"Specyfikacja targetu z fizycznym fixture; brak pliku story oznacza backlog, nie wdrożenie.",fixtures/storybook/266-70-08-zmiana-i-anulowanie.json,ready|loading|empty|error|partial|stale|forbidden|offline,focus-first-interactive|activate-primary-action|verify-focus-restoration|verify-live-region|verify-keyboard-only,1440-light|1440-dark|768-reflow|390-mobile|200-percent-zoom|reduced-motion|state-offline,backlog-target-not-implemented,70.08
"80 Wsparcie marketingowe, decyzje i działania/Biblioteka działań",18-wsparcie-marketingowe-decyzje-dzialania/80-08-biblioteka-dzialan.md,backlog-target,"Specyfikacja targetu z fizycznym fixture; brak pliku story oznacza backlog, nie wdrożenie.",fixtures/storybook/267-80-08-biblioteka-dzialan.json,ready|loading|empty|error|partial|stale|forbidden|offline,focus-first-interactive|activate-primary-action|verify-focus-restoration|verify-live-region|verify-keyboard-only,1440-light|1440-dark|768-reflow|390-mobile|200-percent-zoom|reduced-motion|state-offline,backlog-target-not-implemented,80.08
"80 Wsparcie marketingowe, decyzje i działania/Brief działania",18-wsparcie-marketingowe-decyzje-dzialania/80-05-brief-dzialania.md,backlog-target,"Specyfikacja targetu z fizycznym fixture; brak pliku story oznacza backlog, nie wdrożenie.",fixtures/storybook/268-80-05-brief-dzialania.json,ready|loading|empty|error|partial|stale|forbidden|offline,focus-first-interactive|activate-primary-action|verify-focus-restoration|verify-live-region|verify-keyboard-only,1440-light|1440-dark|768-reflow|390-mobile|200-percent-zoom|reduced-motion|state-offline,backlog-target-not-implemented,80.05
"80 Wsparcie marketingowe, decyzje i działania/Centrum decyzji",18-wsparcie-marketingowe-decyzje-dzialania/80-01-centrum-decyzji.md,backlog-target,"Specyfikacja targetu z fizycznym fixture; brak pliku story oznacza backlog, nie wdrożenie.",fixtures/storybook/269-80-01-centrum-decyzji.json,ready|loading|empty|error|partial|stale|forbidden|offline,focus-first-interactive|activate-primary-action|verify-focus-restoration|verify-live-region|verify-keyboard-only,1440-light|1440-dark|768-reflow|390-mobile|200-percent-zoom|reduced-motion|state-offline,backlog-target-not-implemented,80.01
"80 Wsparcie marketingowe, decyzje i działania/Obserwacje",18-wsparcie-marketingowe-decyzje-dzialania/80-02-obserwacje.md,backlog-target,"Specyfikacja targetu z fizycznym fixture; brak pliku story oznacza backlog, nie wdrożenie.",fixtures/storybook/270-80-02-obserwacje.json,ready|loading|empty|error|partial|stale|forbidden|offline,focus-first-interactive|activate-primary-action|verify-focus-restoration|verify-live-region|verify-keyboard-only,1440-light|1440-dark|768-reflow|390-mobile|200-percent-zoom|reduced-motion|state-offline,backlog-target-not-implemented,80.02
"80 Wsparcie marketingowe, decyzje i działania/Pomiar",18-wsparcie-marketingowe-decyzje-dzialania/80-07-pomiar.md,backlog-target,"Specyfikacja targetu z fizycznym fixture; brak pliku story oznacza backlog, nie wdrożenie.",fixtures/storybook/271-80-07-pomiar.json,ready|loading|empty|error|partial|stale|forbidden|offline,focus-first-interactive|activate-primary-action|verify-focus-restoration|verify-live-region|verify-keyboard-only,1440-light|1440-dark|768-reflow|390-mobile|200-percent-zoom|reduced-motion|state-offline,backlog-target-not-implemented,80.07
"80 Wsparcie marketingowe, decyzje i działania/Powiązania z modułami i sprawami",18-wsparcie-marketingowe-decyzje-dzialania/80-09-powiazania-z-modulami-i-sprawami.md,backlog-target,"Specyfikacja targetu z fizycznym fixture; brak pliku story oznacza backlog, nie wdrożenie.",fixtures/storybook/272-80-09-powiazania-z-modulami-i-sprawami.json,ready|loading|empty|error|partial|stale|forbidden|offline,focus-first-interactive|activate-primary-action|verify-focus-restoration|verify-live-region|verify-keyboard-only,1440-light|1440-dark|768-reflow|390-mobile|200-percent-zoom|reduced-motion|state-offline,backlog-target-not-implemented,80.09
"80 Wsparcie marketingowe, decyzje i działania/Rejestr decyzji",18-wsparcie-marketingowe-decyzje-dzialania/80-04-rejestr-decyzji.md,backlog-target,"Specyfikacja targetu z fizycznym fixture; brak pliku story oznacza backlog, nie wdrożenie.",fixtures/storybook/273-80-04-rejestr-decyzji.json,ready|loading|empty|error|partial|stale|forbidden|offline,focus-first-interactive|activate-primary-action|verify-focus-restoration|verify-live-region|verify-keyboard-only,1440-light|1440-dark|768-reflow|390-mobile|200-percent-zoom|reduced-motion|state-offline,backlog-target-not-implemented,80.04
"80 Wsparcie marketingowe, decyzje i działania/Rekomendacje",18-wsparcie-marketingowe-decyzje-dzialania/80-03-rekomendacje.md,backlog-target,"Specyfikacja targetu z fizycznym fixture; brak pliku story oznacza backlog, nie wdrożenie.",fixtures/storybook/274-80-03-rekomendacje.json,ready|loading|empty|error|partial|stale|forbidden|offline,focus-first-interactive|activate-primary-action|verify-focus-restoration|verify-live-region|verify-keyboard-only,1440-light|1440-dark|768-reflow|390-mobile|200-percent-zoom|reduced-motion|state-offline,backlog-target-not-implemented,80.03
"80 Wsparcie marketingowe, decyzje i działania/Szczegóły działania",18-wsparcie-marketingowe-decyzje-dzialania/80-06-szczegoly-dzialania.md,backlog-target,"Specyfikacja targetu z fizycznym fixture; brak pliku story oznacza backlog, nie wdrożenie.",fixtures/storybook/275-80-06-szczegoly-dzialania.json,ready|loading|empty|error|partial|stale|forbidden|offline,focus-first-interactive|activate-primary-action|verify-focus-restoration|verify-live-region|verify-keyboard-only,1440-light|1440-dark|768-reflow|390-mobile|200-percent-zoom|reduced-motion|state-offline,backlog-target-not-implemented,80.06
"80 Wsparcie marketingowe, decyzje i działania/Warianty decyzji i działań",18-wsparcie-marketingowe-decyzje-dzialania/80-10-warianty-decyzji-i-dzialan.md,backlog-target,"Specyfikacja targetu z fizycznym fixture; brak pliku story oznacza backlog, nie wdrożenie.",fixtures/storybook/276-80-10-warianty-decyzji-i-dzialan.json,ready|loading|empty|error|partial|stale|forbidden|offline,focus-first-interactive|activate-primary-action|verify-focus-restoration|verify-live-region|verify-keyboard-only,1440-light|1440-dark|768-reflow|390-mobile|200-percent-zoom|reduced-motion|state-offline,backlog-target-not-implemented,80.10
85 Centrum Pomocy/Lista wyników,19-centrum-pomocy/85-03-lista-wynikow.md,backlog-target,"Specyfikacja targetu z fizycznym fixture; brak pliku story oznacza backlog, nie wdrożenie.",fixtures/storybook/277-85-03-lista-wynikow.json,ready|loading|empty|error|partial|stale|forbidden|offline,focus-first-interactive|activate-primary-action|verify-focus-restoration|verify-live-region|verify-keyboard-only,1440-light|1440-dark|768-reflow|390-mobile|200-percent-zoom|reduced-motion|state-offline,backlog-target-not-implemented,85.03
85 Centrum Pomocy/Procedury,19-centrum-pomocy/85-02-procedury.md,backlog-target,"Specyfikacja targetu z fizycznym fixture; brak pliku story oznacza backlog, nie wdrożenie.",fixtures/storybook/278-85-02-procedury.json,ready|loading|empty|error|partial|stale|forbidden|offline,focus-first-interactive|activate-primary-action|verify-focus-restoration|verify-live-region|verify-keyboard-only,1440-light|1440-dark|768-reflow|390-mobile|200-percent-zoom|reduced-motion|state-offline,backlog-target-not-implemented,85.02
85 Centrum Pomocy/Strona główna pomocy,19-centrum-pomocy/85-01-strona-glowna-pomocy.md,backlog-target,"Specyfikacja targetu z fizycznym fixture; brak pliku story oznacza backlog, nie wdrożenie.",fixtures/storybook/279-85-01-strona-glowna-pomocy.json,ready|loading|empty|error|partial|stale|forbidden|offline,focus-first-interactive|activate-primary-action|verify-focus-restoration|verify-live-region|verify-keyboard-only,1440-light|1440-dark|768-reflow|390-mobile|200-percent-zoom|reduced-motion|state-offline,backlog-target-not-implemented,85.01
85 Centrum Pomocy/Szczegóły procedury,19-centrum-pomocy/85-04-szczegoly-procedury.md,backlog-target,"Specyfikacja targetu z fizycznym fixture; brak pliku story oznacza backlog, nie wdrożenie.",fixtures/storybook/280-85-04-szczegoly-procedury.json,ready|loading|empty|error|partial|stale|forbidden|offline,focus-first-interactive|activate-primary-action|verify-focus-restoration|verify-live-region|verify-keyboard-only,1440-light|1440-dark|768-reflow|390-mobile|200-percent-zoom|reduced-motion|state-offline,backlog-target-not-implemented,85.04
85 Centrum Pomocy/Warianty Centrum Pomocy,19-centrum-pomocy/85-06-warianty-centrum-pomocy.md,backlog-target,"Specyfikacja targetu z fizycznym fixture; brak pliku story oznacza backlog, nie wdrożenie.",fixtures/storybook/281-85-06-warianty-centrum-pomocy.json,ready|loading|empty|error|partial|stale|forbidden|offline,focus-first-interactive|activate-primary-action|verify-focus-restoration|verify-live-region|verify-keyboard-only,1440-light|1440-dark|768-reflow|390-mobile|200-percent-zoom|reduced-motion|state-offline,backlog-target-not-implemented,85.06
85 Centrum Pomocy/Zgłoszenie wsparcia,19-centrum-pomocy/85-05-zgloszenie-wsparcia.md,backlog-target,"Specyfikacja targetu z fizycznym fixture; brak pliku story oznacza backlog, nie wdrożenie.",fixtures/storybook/282-85-05-zgloszenie-wsparcia.json,ready|loading|empty|error|partial|stale|forbidden|offline,focus-first-interactive|activate-primary-action|verify-focus-restoration|verify-live-region|verify-keyboard-only,1440-light|1440-dark|768-reflow|390-mobile|200-percent-zoom|reduced-motion|state-offline,backlog-target-not-implemented,85.05
ARCH-audyt-i-telemetria Stany i wzorce przekrojowe/Audyt i telemetria,25-kontrakty-domenowe-i-api/audit-telemetry.md,backlog-target,"Specyfikacja targetu z fizycznym fixture; brak pliku story oznacza backlog, nie wdrożenie.",fixtures/storybook/283-audit-telemetry.json,ready|loading|empty|error,focus-first-interactive|exercise-component-interaction|verify-focus-restoration|verify-live-region|verify-keyboard-only,1440-light|1440-dark|768-reflow|390-mobile|200-percent-zoom|reduced-motion|state-error,backlog-target-not-implemented,
"ARCH-joby-artefakty-i-powiadomienia Stany i wzorce przekrojowe/Joby, artefakty i powiadomienia",25-kontrakty-domenowe-i-api/jobs-notifications.md,backlog-target,"Specyfikacja targetu z fizycznym fixture; brak pliku story oznacza backlog, nie wdrożenie.",fixtures/storybook/284-jobs-notifications.json,ready|loading|empty|error,focus-first-interactive|exercise-component-interaction|verify-focus-restoration|verify-live-region|verify-keyboard-only,1440-light|1440-dark|768-reflow|390-mobile|200-percent-zoom|reduced-motion|state-error,backlog-target-not-implemented,
"ARCH-readiness-provenance-i-definicje-metryk Stany i wzorce przekrojowe/Readiness, provenance i definicje metryk",25-kontrakty-domenowe-i-api/readiness-provenance.md,backlog-target,"Specyfikacja targetu z fizycznym fixture; brak pliku story oznacza backlog, nie wdrożenie.",fixtures/storybook/285-readiness-provenance.json,ready|loading|empty|error,focus-first-interactive|exercise-component-interaction|verify-focus-restoration|verify-live-region|verify-keyboard-only,1440-light|1440-dark|768-reflow|390-mobile|200-percent-zoom|reduced-motion|state-error,backlog-target-not-implemented,
"ARCH-tozsamosc-dostep-i-sesje Stany i wzorce przekrojowe/Tożsamość, dostęp i sesje",25-kontrakty-domenowe-i-api/identity-access.md,backlog-target,"Specyfikacja targetu z fizycznym fixture; brak pliku story oznacza backlog, nie wdrożenie.",fixtures/storybook/286-identity-access.json,ready|loading|empty|error,focus-first-interactive|exercise-component-interaction|verify-focus-restoration|verify-live-region|verify-keyboard-only,1440-light|1440-dark|768-reflow|390-mobile|200-percent-zoom|reduced-motion|state-error,backlog-target-not-implemented,
