flow_id,flow_name,step_no,step_name,surface_doc,route,ui_action,operation_id,operation_kind,event_name,fixture_id,entry_condition,success_state,recoverable_error,resume_rule,postcondition,assertion,test_id
90.01,Zaproszenie do pierwszego KPI,1,Przegląd zaproszenia,03-dostep-rejestracja-onboarding/powierzchnie-auth/auth-15-przeglad-zaproszenia.md,/auth/invitation,Na powierzchni „Przegląd zaproszenia” użytkownik uruchamia `invitation.validate`. Formularz blokuje submit do czasu walidacji; mutacja przekazuje idempotency key i po powodzeniu blokuje ponowne kliknięcie.,invitation.validate,command,e2e_90_01_01_invitation_validate,fixtures/e2e/90-01/01-przegl-d-zaproszenia.json,Warunek domenowy zaproszenie do pierwszego kpi przegl d zaproszenia: Aktor posiada `auth.read`; fixture ładuje request `fixtures/api/invitation.validate.request.json` i stan domeny wymagany dla kroku 1 procesu 90.01. Poprzedni krok zakończył się potwierdzonym postcondition albo jest to punkt startowy.,"Komenda zwraca applied/queued, audit event zawiera `invitation.validate`, a odczyt potwierdzający pokazuje zmianę wymaganą przed krokiem „Utworzenie lub powiązanie konta”.","Odzyskanie kroku zaproszenie do pierwszego kpi przegl d zaproszenia: `INVITATION_OR_ACCESS_FAILED` dla kroku 1: zachowaj niesekretne dane formularza i route `/auth/invitation`, pokaż correlationId oraz akcję retry tylko dla błędu oznaczonego `recoverable=true`; błąd capability kończy proces bez retry.","Reguła wznowienia zaproszenie do pierwszego kpi przegl d zaproszenia: Checkpoint `E2E_90_01_01_przeglad-zaproszenia` zapisuje zakończony step_no=1, operationId i identyfikatory zasobów z response fixture. Po wznowieniu system ponownie sprawdza `auth.read` i odczytuje aktualny stan; komendy nie są automatycznie odtwarzane bez tego samego idempotency key.","Po kroku „Przegląd zaproszenia” obowiązuje domenowy warunek: operacja `invitation.validate` jest widoczna w audycie, fixture response `fixtures/api/invitation.validate.response.json` przechodzi walidację schema, a następna powierzchnia „Utworzenie lub powiązanie konta” jest osiągalna wyłącznie zgodnie z procesem 90.01.","Asercja domenowa zaproszenie do pierwszego kpi przegl d zaproszenia: Sprawdź operation kind `command`, capability `auth.read`, schema request/response, expected event `e2e_90_01_01_invitation_validate`, brak podwójnego efektu, prawidłowy focus po zmianie powierzchni oraz kod `INVITATION_OR_ACCESS_FAILED` w kontrolowanym scenariuszu błędu.",E2E_90_01_01_przeglad-zaproszenia
90.01,Zaproszenie do pierwszego KPI,2,Utworzenie lub powiązanie konta,03-dostep-rejestracja-onboarding/powierzchnie-auth/auth-04-rejestracja-adresem-e-mail.md,/auth/register,Na powierzchni „Utworzenie lub powiązanie konta” użytkownik uruchamia `auth.register.email`. Formularz blokuje submit do czasu walidacji; mutacja przekazuje idempotency key i po powodzeniu blokuje ponowne kliknięcie.,auth.register.email,command,e2e_90_01_02_auth_register_email,fixtures/e2e/90-01/02-utworzenie-lub-powi-zanie-konta.json,Warunek domenowy zaproszenie do pierwszego kpi utworzenie lub powi zanie konta: Aktor posiada `auth.write`; fixture ładuje request `fixtures/api/auth.register.email.request.json` i stan domeny wymagany dla kroku 2 procesu 90.01. Poprzedni krok zakończył się potwierdzonym postcondition albo jest to punkt startowy.,"Komenda zwraca applied/queued, audit event zawiera `auth.register.email`, a odczyt potwierdzający pokazuje zmianę wymaganą przed krokiem „Weryfikacja MFA”.","Odzyskanie kroku zaproszenie do pierwszego kpi utworzenie lub powi zanie konta: `INVITATION_OR_ACCESS_FAILED` dla kroku 2: zachowaj niesekretne dane formularza i route `/auth/register`, pokaż correlationId oraz akcję retry tylko dla błędu oznaczonego `recoverable=true`; błąd capability kończy proces bez retry.","Reguła wznowienia zaproszenie do pierwszego kpi utworzenie lub powi zanie konta: Checkpoint `E2E_90_01_02_utworzenie-lub-powiazanie-konta` zapisuje zakończony step_no=2, operationId i identyfikatory zasobów z response fixture. Po wznowieniu system ponownie sprawdza `auth.write` i odczytuje aktualny stan; komendy nie są automatycznie odtwarzane bez tego samego idempotency key.","Po kroku „Utworzenie lub powiązanie konta” obowiązuje domenowy warunek: operacja `auth.register.email` jest widoczna w audycie, fixture response `fixtures/api/auth.register.email.response.json` przechodzi walidację schema, a następna powierzchnia „Weryfikacja MFA” jest osiągalna wyłącznie zgodnie z procesem 90.01.","Asercja domenowa zaproszenie do pierwszego kpi utworzenie lub powi zanie konta: Sprawdź operation kind `command`, capability `auth.write`, schema request/response, expected event `e2e_90_01_02_auth_register_email`, brak podwójnego efektu, prawidłowy focus po zmianie powierzchni oraz kod `INVITATION_OR_ACCESS_FAILED` w kontrolowanym scenariuszu błędu.",E2E_90_01_02_utworzenie-lub-powiazanie-konta
90.01,Zaproszenie do pierwszego KPI,3,Weryfikacja MFA,03-dostep-rejestracja-onboarding/powierzchnie-auth/auth-16-weryfikacja-mfa.md,/auth/mfa,Na powierzchni „Weryfikacja MFA” użytkownik uruchamia `auth.mfa.verify`. Formularz blokuje submit do czasu walidacji; mutacja przekazuje idempotency key i po powodzeniu blokuje ponowne kliknięcie.,auth.mfa.verify,command,e2e_90_01_03_auth_mfa_verify,fixtures/e2e/90-01/03-weryfikacja-mfa.json,Warunek domenowy zaproszenie do pierwszego kpi weryfikacja mfa: Aktor posiada `auth.write`; fixture ładuje request `fixtures/api/auth.mfa.verify.request.json` i stan domeny wymagany dla kroku 3 procesu 90.01. Poprzedni krok zakończył się potwierdzonym postcondition albo jest to punkt startowy.,"Komenda zwraca applied/queued, audit event zawiera `auth.mfa.verify`, a odczyt potwierdzający pokazuje zmianę wymaganą przed krokiem „Wybór workspace”.","Odzyskanie kroku zaproszenie do pierwszego kpi weryfikacja mfa: `INVITATION_OR_ACCESS_FAILED` dla kroku 3: zachowaj niesekretne dane formularza i route `/auth/mfa`, pokaż correlationId oraz akcję retry tylko dla błędu oznaczonego `recoverable=true`; błąd capability kończy proces bez retry.","Reguła wznowienia zaproszenie do pierwszego kpi weryfikacja mfa: Checkpoint `E2E_90_01_03_weryfikacja-mfa` zapisuje zakończony step_no=3, operationId i identyfikatory zasobów z response fixture. Po wznowieniu system ponownie sprawdza `auth.write` i odczytuje aktualny stan; komendy nie są automatycznie odtwarzane bez tego samego idempotency key.","Po kroku „Weryfikacja MFA” obowiązuje domenowy warunek: operacja `auth.mfa.verify` jest widoczna w audycie, fixture response `fixtures/api/auth.mfa.verify.response.json` przechodzi walidację schema, a następna powierzchnia „Wybór workspace” jest osiągalna wyłącznie zgodnie z procesem 90.01.","Asercja domenowa zaproszenie do pierwszego kpi weryfikacja mfa: Sprawdź operation kind `command`, capability `auth.write`, schema request/response, expected event `e2e_90_01_03_auth_mfa_verify`, brak podwójnego efektu, prawidłowy focus po zmianie powierzchni oraz kod `INVITATION_OR_ACCESS_FAILED` w kontrolowanym scenariuszu błędu.",E2E_90_01_03_weryfikacja-mfa
90.01,Zaproszenie do pierwszego KPI,4,Wybór workspace,03-dostep-rejestracja-onboarding/powierzchnie-auth/auth-23-wybor-obszaru-roboczego.md,/auth/workspace,Na powierzchni „Wybór workspace” użytkownik uruchamia `access.workspace.select`. Formularz blokuje submit do czasu walidacji; mutacja przekazuje idempotency key i po powodzeniu blokuje ponowne kliknięcie.,access.workspace.select,command,e2e_90_01_04_access_workspace_select,fixtures/e2e/90-01/04-wyb-r-workspace.json,Warunek domenowy zaproszenie do pierwszego kpi wyb r workspace: Aktor posiada `workspace.write`; fixture ładuje request `fixtures/api/access.workspace.select.request.json` i stan domeny wymagany dla kroku 4 procesu 90.01. Poprzedni krok zakończył się potwierdzonym postcondition albo jest to punkt startowy.,"Komenda zwraca applied/queued, audit event zawiera `access.workspace.select`, a odczyt potwierdzający pokazuje zmianę wymaganą przed krokiem „Onboarding”.","Odzyskanie kroku zaproszenie do pierwszego kpi wyb r workspace: `INVITATION_OR_ACCESS_FAILED` dla kroku 4: zachowaj niesekretne dane formularza i route `/auth/workspace`, pokaż correlationId oraz akcję retry tylko dla błędu oznaczonego `recoverable=true`; błąd capability kończy proces bez retry.","Reguła wznowienia zaproszenie do pierwszego kpi wyb r workspace: Checkpoint `E2E_90_01_04_wybor-workspace` zapisuje zakończony step_no=4, operationId i identyfikatory zasobów z response fixture. Po wznowieniu system ponownie sprawdza `workspace.write` i odczytuje aktualny stan; komendy nie są automatycznie odtwarzane bez tego samego idempotency key.","Po kroku „Wybór workspace” obowiązuje domenowy warunek: operacja `access.workspace.select` jest widoczna w audycie, fixture response `fixtures/api/access.workspace.select.response.json` przechodzi walidację schema, a następna powierzchnia „Onboarding” jest osiągalna wyłącznie zgodnie z procesem 90.01.","Asercja domenowa zaproszenie do pierwszego kpi wyb r workspace: Sprawdź operation kind `command`, capability `workspace.write`, schema request/response, expected event `e2e_90_01_04_access_workspace_select`, brak podwójnego efektu, prawidłowy focus po zmianie powierzchni oraz kod `INVITATION_OR_ACCESS_FAILED` w kontrolowanym scenariuszu błędu.",E2E_90_01_04_wybor-workspace
90.01,Zaproszenie do pierwszego KPI,5,Onboarding,03-dostep-rejestracja-onboarding/katalogi/25-10-onboarding.md,/app/onboarding,Na powierzchni „Onboarding” użytkownik uruchamia `onboarding.profile.update`. Formularz blokuje submit do czasu walidacji; mutacja przekazuje idempotency key i po powodzeniu blokuje ponowne kliknięcie.,onboarding.profile.update,command,e2e_90_01_05_onboarding_profile_update,fixtures/e2e/90-01/05-onboarding.json,Warunek domenowy zaproszenie do pierwszego kpi onboarding: Aktor posiada `workspace.write`; fixture ładuje request `fixtures/api/onboarding.profile.update.request.json` i stan domeny wymagany dla kroku 5 procesu 90.01. Poprzedni krok zakończył się potwierdzonym postcondition albo jest to punkt startowy.,"Komenda zwraca applied/queued, audit event zawiera `onboarding.profile.update`, a odczyt potwierdzający pokazuje zmianę wymaganą przed krokiem „Połączenie integracji”.","Odzyskanie kroku zaproszenie do pierwszego kpi onboarding: `INVITATION_OR_ACCESS_FAILED` dla kroku 5: zachowaj niesekretne dane formularza i route `/app/onboarding`, pokaż correlationId oraz akcję retry tylko dla błędu oznaczonego `recoverable=true`; błąd capability kończy proces bez retry.","Reguła wznowienia zaproszenie do pierwszego kpi onboarding: Checkpoint `E2E_90_01_05_onboarding` zapisuje zakończony step_no=5, operationId i identyfikatory zasobów z response fixture. Po wznowieniu system ponownie sprawdza `workspace.write` i odczytuje aktualny stan; komendy nie są automatycznie odtwarzane bez tego samego idempotency key.","Po kroku „Onboarding” obowiązuje domenowy warunek: operacja `onboarding.profile.update` jest widoczna w audycie, fixture response `fixtures/api/onboarding.profile.update.response.json` przechodzi walidację schema, a następna powierzchnia „Połączenie integracji” jest osiągalna wyłącznie zgodnie z procesem 90.01.","Asercja domenowa zaproszenie do pierwszego kpi onboarding: Sprawdź operation kind `command`, capability `workspace.write`, schema request/response, expected event `e2e_90_01_05_onboarding_profile_update`, brak podwójnego efektu, prawidłowy focus po zmianie powierzchni oraz kod `INVITATION_OR_ACCESS_FAILED` w kontrolowanym scenariuszu błędu.",E2E_90_01_05_onboarding
90.01,Zaproszenie do pierwszego KPI,6,Połączenie integracji,13-integracje-i-synchronizacja/40-02-kreator-polaczenia.md,/app/integrations/kreator-polaczenia,Na powierzchni „Połączenie integracji” użytkownik uruchamia `integrations.connection.create`. Formularz blokuje submit do czasu walidacji; mutacja przekazuje idempotency key i po powodzeniu blokuje ponowne kliknięcie.,integrations.connection.create,command,e2e_90_01_06_integrations_connection_create,fixtures/e2e/90-01/06-po-czenie-integracji.json,Warunek domenowy zaproszenie do pierwszego kpi po czenie integracji: Aktor posiada `integrations.write`; fixture ładuje request `fixtures/api/integrations.connection.create.request.json` i stan domeny wymagany dla kroku 6 procesu 90.01. Poprzedni krok zakończył się potwierdzonym postcondition albo jest to punkt startowy.,"Komenda zwraca applied/queued, audit event zawiera `integrations.connection.create`, a odczyt potwierdzający pokazuje zmianę wymaganą przed krokiem „Pierwsza synchronizacja”.","Odzyskanie kroku zaproszenie do pierwszego kpi po czenie integracji: `INVITATION_OR_ACCESS_FAILED` dla kroku 6: zachowaj niesekretne dane formularza i route `/app/integrations/kreator-polaczenia`, pokaż correlationId oraz akcję retry tylko dla błędu oznaczonego `recoverable=true`; błąd capability kończy proces bez retry.","Reguła wznowienia zaproszenie do pierwszego kpi po czenie integracji: Checkpoint `E2E_90_01_06_polaczenie-integracji` zapisuje zakończony step_no=6, operationId i identyfikatory zasobów z response fixture. Po wznowieniu system ponownie sprawdza `integrations.write` i odczytuje aktualny stan; komendy nie są automatycznie odtwarzane bez tego samego idempotency key.","Po kroku „Połączenie integracji” obowiązuje domenowy warunek: operacja `integrations.connection.create` jest widoczna w audycie, fixture response `fixtures/api/integrations.connection.create.response.json` przechodzi walidację schema, a następna powierzchnia „Pierwsza synchronizacja” jest osiągalna wyłącznie zgodnie z procesem 90.01.","Asercja domenowa zaproszenie do pierwszego kpi po czenie integracji: Sprawdź operation kind `command`, capability `integrations.write`, schema request/response, expected event `e2e_90_01_06_integrations_connection_create`, brak podwójnego efektu, prawidłowy focus po zmianie powierzchni oraz kod `INVITATION_OR_ACCESS_FAILED` w kontrolowanym scenariuszu błędu.",E2E_90_01_06_polaczenie-integracji
90.01,Zaproszenie do pierwszego KPI,7,Pierwsza synchronizacja,13-integracje-i-synchronizacja/40-05-przebieg-synchronizacji.md,/app/integrations/przebieg-synchronizacji,Na powierzchni „Pierwsza synchronizacja” użytkownik uruchamia `integrations.sync.start`. Formularz blokuje submit do czasu walidacji; mutacja przekazuje idempotency key i po powodzeniu blokuje ponowne kliknięcie.,integrations.sync.start,command,e2e_90_01_07_integrations_sync_start,fixtures/e2e/90-01/07-pierwsza-synchronizacja.json,Warunek domenowy zaproszenie do pierwszego kpi pierwsza synchronizacja: Aktor posiada `integrations.write`; fixture ładuje request `fixtures/api/integrations.sync.start.request.json` i stan domeny wymagany dla kroku 7 procesu 90.01. Poprzedni krok zakończył się potwierdzonym postcondition albo jest to punkt startowy.,"Komenda zwraca applied/queued, audit event zawiera `integrations.sync.start`, a odczyt potwierdzający pokazuje zmianę wymaganą przed krokiem „Pierwszy KPI”.","Odzyskanie kroku zaproszenie do pierwszego kpi pierwsza synchronizacja: `INVITATION_OR_ACCESS_FAILED` dla kroku 7: zachowaj niesekretne dane formularza i route `/app/integrations/przebieg-synchronizacji`, pokaż correlationId oraz akcję retry tylko dla błędu oznaczonego `recoverable=true`; błąd capability kończy proces bez retry.","Reguła wznowienia zaproszenie do pierwszego kpi pierwsza synchronizacja: Checkpoint `E2E_90_01_07_pierwsza-synchronizacja` zapisuje zakończony step_no=7, operationId i identyfikatory zasobów z response fixture. Po wznowieniu system ponownie sprawdza `integrations.write` i odczytuje aktualny stan; komendy nie są automatycznie odtwarzane bez tego samego idempotency key.","Po kroku „Pierwsza synchronizacja” obowiązuje domenowy warunek: operacja `integrations.sync.start` jest widoczna w audycie, fixture response `fixtures/api/integrations.sync.start.response.json` przechodzi walidację schema, a następna powierzchnia „Pierwszy KPI” jest osiągalna wyłącznie zgodnie z procesem 90.01.","Asercja domenowa zaproszenie do pierwszego kpi pierwsza synchronizacja: Sprawdź operation kind `command`, capability `integrations.write`, schema request/response, expected event `e2e_90_01_07_integrations_sync_start`, brak podwójnego efektu, prawidłowy focus po zmianie powierzchni oraz kod `INVITATION_OR_ACCESS_FAILED` w kontrolowanym scenariuszu błędu.",E2E_90_01_07_pierwsza-synchronizacja
90.01,Zaproszenie do pierwszego KPI,8,Pierwszy KPI,07-centrum-dowodzenia/30-03-kpi.md,/app/command-center/kpi,"Na powierzchni „Pierwszy KPI” użytkownik uruchamia `command-center.kpi.read`. Odczyt zachowuje aktualny route, filtry i focus; nie emituje zdarzenia mutacji.",command-center.kpi.read,query,e2e_90_01_08_command_center_kpi_read,fixtures/e2e/90-01/08-pierwszy-kpi.json,Warunek domenowy zaproszenie do pierwszego kpi pierwszy kpi: Aktor posiada `analytics.read`; fixture ładuje request `fixtures/api/command-center.kpi.read.request.json` i stan domeny wymagany dla kroku 8 procesu 90.01. Poprzedni krok zakończył się potwierdzonym postcondition albo jest to punkt startowy.,"Odpowiedź `CommandCenterKpiReadResponse` ma operationId `command-center.kpi.read`, brak ApiProblem krytycznego, a UI renderuje dane kroku „Pierwszy KPI” bez zamiany null na zero.","Odzyskanie kroku zaproszenie do pierwszego kpi pierwszy kpi: `INVITATION_OR_ACCESS_FAILED` dla kroku 8: zachowaj niesekretne dane formularza i route `/app/command-center/kpi`, pokaż correlationId oraz akcję retry tylko dla błędu oznaczonego `recoverable=true`; błąd capability kończy proces bez retry.","Reguła wznowienia zaproszenie do pierwszego kpi pierwszy kpi: Checkpoint `E2E_90_01_08_pierwszy-kpi` zapisuje zakończony step_no=8, operationId i identyfikatory zasobów z response fixture. Po wznowieniu system ponownie sprawdza `analytics.read` i odczytuje aktualny stan; komendy nie są automatycznie odtwarzane bez tego samego idempotency key.","Po kroku „Pierwszy KPI” obowiązuje domenowy warunek: operacja `command-center.kpi.read` jest widoczna w audycie, fixture response `fixtures/api/command-center.kpi.read.response.json` przechodzi walidację schema, a następna powierzchnia „Centrum Dowodzenia” jest osiągalna wyłącznie zgodnie z procesem 90.01.","Asercja domenowa zaproszenie do pierwszego kpi pierwszy kpi: Sprawdź operation kind `query`, capability `analytics.read`, schema request/response, expected event `e2e_90_01_08_command_center_kpi_read`, brak podwójnego efektu, prawidłowy focus po zmianie powierzchni oraz kod `INVITATION_OR_ACCESS_FAILED` w kontrolowanym scenariuszu błędu.",E2E_90_01_08_pierwszy-kpi
90.01,Zaproszenie do pierwszego KPI,9,Centrum Dowodzenia,07-centrum-dowodzenia/30-01-widok-glowny.md,/app/command-center/widok-glowny,"Na powierzchni „Centrum Dowodzenia” użytkownik uruchamia `command-center.overview.read`. Odczyt zachowuje aktualny route, filtry i focus; nie emituje zdarzenia mutacji.",command-center.overview.read,query,e2e_90_01_09_command_center_overview_read,fixtures/e2e/90-01/09-centrum-dowodzenia.json,Warunek domenowy zaproszenie do pierwszego kpi centrum dowodzenia: Aktor posiada `analytics.read`; fixture ładuje request `fixtures/api/command-center.overview.read.request.json` i stan domeny wymagany dla kroku 9 procesu 90.01. Poprzedni krok zakończył się potwierdzonym postcondition albo jest to punkt startowy.,"Odpowiedź `CommandCenterOverviewReadResponse` ma operationId `command-center.overview.read`, brak ApiProblem krytycznego, a UI renderuje dane kroku „Centrum Dowodzenia” bez zamiany null na zero.","Odzyskanie kroku zaproszenie do pierwszego kpi centrum dowodzenia: `INVITATION_OR_ACCESS_FAILED` dla kroku 9: zachowaj niesekretne dane formularza i route `/app/command-center/widok-glowny`, pokaż correlationId oraz akcję retry tylko dla błędu oznaczonego `recoverable=true`; błąd capability kończy proces bez retry.","Reguła wznowienia zaproszenie do pierwszego kpi centrum dowodzenia: Checkpoint `E2E_90_01_09_centrum-dowodzenia` zapisuje zakończony step_no=9, operationId i identyfikatory zasobów z response fixture. Po wznowieniu system ponownie sprawdza `analytics.read` i odczytuje aktualny stan; komendy nie są automatycznie odtwarzane bez tego samego idempotency key.","Po kroku „Centrum Dowodzenia” obowiązuje domenowy warunek: operacja `command-center.overview.read` jest widoczna w audycie, fixture response `fixtures/api/command-center.overview.read.response.json` przechodzi walidację schema, a następna powierzchnia „stan końcowy procesu” jest osiągalna wyłącznie zgodnie z procesem 90.01.","Asercja domenowa zaproszenie do pierwszego kpi centrum dowodzenia: Sprawdź operation kind `query`, capability `analytics.read`, schema request/response, expected event `e2e_90_01_09_command_center_overview_read`, brak podwójnego efektu, prawidłowy focus po zmianie powierzchni oraz kod `INVITATION_OR_ACCESS_FAILED` w kontrolowanym scenariuszu błędu.",E2E_90_01_09_centrum-dowodzenia
90.02,Onboarding do pierwszej wartości,1,Profil działalności,03-dostep-rejestracja-onboarding/katalogi/25-10-onboarding.md,/app/onboarding/profile,Na powierzchni „Profil działalności” użytkownik uruchamia `onboarding.profile.update`. Formularz blokuje submit do czasu walidacji; mutacja przekazuje idempotency key i po powodzeniu blokuje ponowne kliknięcie.,onboarding.profile.update,command,e2e_90_02_01_onboarding_profile_update,fixtures/e2e/90-02/01-profil-dzia-alno-ci.json,Warunek domenowy onboarding do pierwszej warto ci profil dzia alno ci: Aktor posiada `workspace.write`; fixture ładuje request `fixtures/api/onboarding.profile.update.request.json` i stan domeny wymagany dla kroku 1 procesu 90.02. Poprzedni krok zakończył się potwierdzonym postcondition albo jest to punkt startowy.,"Komenda zwraca applied/queued, audit event zawiera `onboarding.profile.update`, a odczyt potwierdzający pokazuje zmianę wymaganą przed krokiem „Identyfikacja firmy”.","Odzyskanie kroku onboarding do pierwszej warto ci profil dzia alno ci: `ONBOARDING_FIRST_VALUE_BLOCKED` dla kroku 1: zachowaj niesekretne dane formularza i route `/app/onboarding/profile`, pokaż correlationId oraz akcję retry tylko dla błędu oznaczonego `recoverable=true`; błąd capability kończy proces bez retry.","Reguła wznowienia onboarding do pierwszej warto ci profil dzia alno ci: Checkpoint `E2E_90_02_01_profil-dzialalnosci` zapisuje zakończony step_no=1, operationId i identyfikatory zasobów z response fixture. Po wznowieniu system ponownie sprawdza `workspace.write` i odczytuje aktualny stan; komendy nie są automatycznie odtwarzane bez tego samego idempotency key.","Po kroku „Profil działalności” obowiązuje domenowy warunek: operacja `onboarding.profile.update` jest widoczna w audycie, fixture response `fixtures/api/onboarding.profile.update.response.json` przechodzi walidację schema, a następna powierzchnia „Identyfikacja firmy” jest osiągalna wyłącznie zgodnie z procesem 90.02.","Asercja domenowa onboarding do pierwszej warto ci profil dzia alno ci: Sprawdź operation kind `command`, capability `workspace.write`, schema request/response, expected event `e2e_90_02_01_onboarding_profile_update`, brak podwójnego efektu, prawidłowy focus po zmianie powierzchni oraz kod `ONBOARDING_FIRST_VALUE_BLOCKED` w kontrolowanym scenariuszu błędu.",E2E_90_02_01_profil-dzialalnosci
90.02,Onboarding do pierwszej wartości,2,Identyfikacja firmy,03-dostep-rejestracja-onboarding/powierzchnie-auth/auth-07-identyfikacja-firmy.md,/auth/company,"Na powierzchni „Identyfikacja firmy” użytkownik uruchamia `company.lookup`. Odczyt zachowuje aktualny route, filtry i focus; nie emituje zdarzenia mutacji.",company.lookup,query,e2e_90_02_02_company_lookup,fixtures/e2e/90-02/02-identyfikacja-firmy.json,Warunek domenowy onboarding do pierwszej warto ci identyfikacja firmy: Aktor posiada `company.read`; fixture ładuje request `fixtures/api/company.lookup.request.json` i stan domeny wymagany dla kroku 2 procesu 90.02. Poprzedni krok zakończył się potwierdzonym postcondition albo jest to punkt startowy.,"Odpowiedź `CompanyLookupResponse` ma operationId `company.lookup`, brak ApiProblem krytycznego, a UI renderuje dane kroku „Identyfikacja firmy” bez zamiany null na zero.","Odzyskanie kroku onboarding do pierwszej warto ci identyfikacja firmy: `ONBOARDING_FIRST_VALUE_BLOCKED` dla kroku 2: zachowaj niesekretne dane formularza i route `/auth/company`, pokaż correlationId oraz akcję retry tylko dla błędu oznaczonego `recoverable=true`; błąd capability kończy proces bez retry.","Reguła wznowienia onboarding do pierwszej warto ci identyfikacja firmy: Checkpoint `E2E_90_02_02_identyfikacja-firmy` zapisuje zakończony step_no=2, operationId i identyfikatory zasobów z response fixture. Po wznowieniu system ponownie sprawdza `company.read` i odczytuje aktualny stan; komendy nie są automatycznie odtwarzane bez tego samego idempotency key.","Po kroku „Identyfikacja firmy” obowiązuje domenowy warunek: operacja `company.lookup` jest widoczna w audycie, fixture response `fixtures/api/company.lookup.response.json` przechodzi walidację schema, a następna powierzchnia „Karta pilotażu” jest osiągalna wyłącznie zgodnie z procesem 90.02.","Asercja domenowa onboarding do pierwszej warto ci identyfikacja firmy: Sprawdź operation kind `query`, capability `company.read`, schema request/response, expected event `e2e_90_02_02_company_lookup`, brak podwójnego efektu, prawidłowy focus po zmianie powierzchni oraz kod `ONBOARDING_FIRST_VALUE_BLOCKED` w kontrolowanym scenariuszu błędu.",E2E_90_02_02_identyfikacja-firmy
90.02,Onboarding do pierwszej wartości,3,Karta pilotażu,17-subskrypcja-i-platnosci/70-09-pilot-do-abonamentu.md,/app/billing/pilot-do-abonamentu,"Na powierzchni „Karta pilotażu” użytkownik uruchamia `billing.pilot.read`. Odczyt zachowuje aktualny route, filtry i focus; nie emituje zdarzenia mutacji.",billing.pilot.read,query,e2e_90_02_03_billing_pilot_read,fixtures/e2e/90-02/03-karta-pilota-u.json,Warunek domenowy onboarding do pierwszej warto ci karta pilota u: Aktor posiada `billing.read`; fixture ładuje request `fixtures/api/billing.pilot.read.request.json` i stan domeny wymagany dla kroku 3 procesu 90.02. Poprzedni krok zakończył się potwierdzonym postcondition albo jest to punkt startowy.,"Odpowiedź `BillingPilotReadResponse` ma operationId `billing.pilot.read`, brak ApiProblem krytycznego, a UI renderuje dane kroku „Karta pilotażu” bez zamiany null na zero.","Odzyskanie kroku onboarding do pierwszej warto ci karta pilota u: `ONBOARDING_FIRST_VALUE_BLOCKED` dla kroku 3: zachowaj niesekretne dane formularza i route `/app/billing/pilot-do-abonamentu`, pokaż correlationId oraz akcję retry tylko dla błędu oznaczonego `recoverable=true`; błąd capability kończy proces bez retry.","Reguła wznowienia onboarding do pierwszej warto ci karta pilota u: Checkpoint `E2E_90_02_03_karta-pilotazu` zapisuje zakończony step_no=3, operationId i identyfikatory zasobów z response fixture. Po wznowieniu system ponownie sprawdza `billing.read` i odczytuje aktualny stan; komendy nie są automatycznie odtwarzane bez tego samego idempotency key.","Po kroku „Karta pilotażu” obowiązuje domenowy warunek: operacja `billing.pilot.read` jest widoczna w audycie, fixture response `fixtures/api/billing.pilot.read.response.json` przechodzi walidację schema, a następna powierzchnia „Integracja” jest osiągalna wyłącznie zgodnie z procesem 90.02.","Asercja domenowa onboarding do pierwszej warto ci karta pilota u: Sprawdź operation kind `query`, capability `billing.read`, schema request/response, expected event `e2e_90_02_03_billing_pilot_read`, brak podwójnego efektu, prawidłowy focus po zmianie powierzchni oraz kod `ONBOARDING_FIRST_VALUE_BLOCKED` w kontrolowanym scenariuszu błędu.",E2E_90_02_03_karta-pilotazu
90.02,Onboarding do pierwszej wartości,4,Integracja,13-integracje-i-synchronizacja/40-02-kreator-polaczenia.md,/app/integrations/kreator-polaczenia,Na powierzchni „Integracja” użytkownik uruchamia `integrations.connection.create`. Formularz blokuje submit do czasu walidacji; mutacja przekazuje idempotency key i po powodzeniu blokuje ponowne kliknięcie.,integrations.connection.create,command,e2e_90_02_04_integrations_connection_create,fixtures/e2e/90-02/04-integracja.json,Warunek domenowy onboarding do pierwszej warto ci integracja: Aktor posiada `integrations.write`; fixture ładuje request `fixtures/api/integrations.connection.create.request.json` i stan domeny wymagany dla kroku 4 procesu 90.02. Poprzedni krok zakończył się potwierdzonym postcondition albo jest to punkt startowy.,"Komenda zwraca applied/queued, audit event zawiera `integrations.connection.create`, a odczyt potwierdzający pokazuje zmianę wymaganą przed krokiem „Dane częściowe”.","Odzyskanie kroku onboarding do pierwszej warto ci integracja: `ONBOARDING_FIRST_VALUE_BLOCKED` dla kroku 4: zachowaj niesekretne dane formularza i route `/app/integrations/kreator-polaczenia`, pokaż correlationId oraz akcję retry tylko dla błędu oznaczonego `recoverable=true`; błąd capability kończy proces bez retry.","Reguła wznowienia onboarding do pierwszej warto ci integracja: Checkpoint `E2E_90_02_04_integracja` zapisuje zakończony step_no=4, operationId i identyfikatory zasobów z response fixture. Po wznowieniu system ponownie sprawdza `integrations.write` i odczytuje aktualny stan; komendy nie są automatycznie odtwarzane bez tego samego idempotency key.","Po kroku „Integracja” obowiązuje domenowy warunek: operacja `integrations.connection.create` jest widoczna w audycie, fixture response `fixtures/api/integrations.connection.create.response.json` przechodzi walidację schema, a następna powierzchnia „Dane częściowe” jest osiągalna wyłącznie zgodnie z procesem 90.02.","Asercja domenowa onboarding do pierwszej warto ci integracja: Sprawdź operation kind `command`, capability `integrations.write`, schema request/response, expected event `e2e_90_02_04_integrations_connection_create`, brak podwójnego efektu, prawidłowy focus po zmianie powierzchni oraz kod `ONBOARDING_FIRST_VALUE_BLOCKED` w kontrolowanym scenariuszu błędu.",E2E_90_02_04_integracja
90.02,Onboarding do pierwszej wartości,5,Dane częściowe,14-jakosc-danych-i-integralnosc/41-01-centrum-jakosci.md,/app/data-quality/centrum-jakosci,"Na powierzchni „Dane częściowe” użytkownik uruchamia `data-quality.readiness.read`. Odczyt zachowuje aktualny route, filtry i focus; nie emituje zdarzenia mutacji.",data-quality.readiness.read,query,e2e_90_02_05_data_quality_readiness_read,fixtures/e2e/90-02/05-dane-cz-ciowe.json,Warunek domenowy onboarding do pierwszej warto ci dane cz ciowe: Aktor posiada `data-quality.read`; fixture ładuje request `fixtures/api/data-quality.readiness.read.request.json` i stan domeny wymagany dla kroku 5 procesu 90.02. Poprzedni krok zakończył się potwierdzonym postcondition albo jest to punkt startowy.,"Odpowiedź `DataQualityReadinessReadResponse` ma operationId `data-quality.readiness.read`, brak ApiProblem krytycznego, a UI renderuje dane kroku „Dane częściowe” bez zamiany null na zero.","Odzyskanie kroku onboarding do pierwszej warto ci dane cz ciowe: `ONBOARDING_FIRST_VALUE_BLOCKED` dla kroku 5: zachowaj niesekretne dane formularza i route `/app/data-quality/centrum-jakosci`, pokaż correlationId oraz akcję retry tylko dla błędu oznaczonego `recoverable=true`; błąd capability kończy proces bez retry.","Reguła wznowienia onboarding do pierwszej warto ci dane cz ciowe: Checkpoint `E2E_90_02_05_dane-czesciowe` zapisuje zakończony step_no=5, operationId i identyfikatory zasobów z response fixture. Po wznowieniu system ponownie sprawdza `data-quality.read` i odczytuje aktualny stan; komendy nie są automatycznie odtwarzane bez tego samego idempotency key.","Po kroku „Dane częściowe” obowiązuje domenowy warunek: operacja `data-quality.readiness.read` jest widoczna w audycie, fixture response `fixtures/api/data-quality.readiness.read.response.json` przechodzi walidację schema, a następna powierzchnia „Pierwszy insight” jest osiągalna wyłącznie zgodnie z procesem 90.02.","Asercja domenowa onboarding do pierwszej warto ci dane cz ciowe: Sprawdź operation kind `query`, capability `data-quality.read`, schema request/response, expected event `e2e_90_02_05_data_quality_readiness_read`, brak podwójnego efektu, prawidłowy focus po zmianie powierzchni oraz kod `ONBOARDING_FIRST_VALUE_BLOCKED` w kontrolowanym scenariuszu błędu.",E2E_90_02_05_dane-czesciowe
90.02,Onboarding do pierwszej wartości,6,Pierwszy insight,07-centrum-dowodzenia/30-11-rekomendacje-ai-skrot.md,/app/command-center/rekomendacje-ai-skrot,"Na powierzchni „Pierwszy insight” użytkownik uruchamia `command-center.ai-recommendations.read`. Odczyt zachowuje aktualny route, filtry i focus; nie emituje zdarzenia mutacji.",command-center.ai-recommendations.read,query,e2e_90_02_06_command_center_ai_recommendations_read,fixtures/e2e/90-02/06-pierwszy-insight.json,Warunek domenowy onboarding do pierwszej warto ci pierwszy insight: Aktor posiada `analytics.read`; fixture ładuje request `fixtures/api/command-center.ai-recommendations.read.request.json` i stan domeny wymagany dla kroku 6 procesu 90.02. Poprzedni krok zakończył się potwierdzonym postcondition albo jest to punkt startowy.,"Odpowiedź `CommandCenterAiRecommendationsReadResponse` ma operationId `command-center.ai-recommendations.read`, brak ApiProblem krytycznego, a UI renderuje dane kroku „Pierwszy insight” bez zamiany null na zero.","Odzyskanie kroku onboarding do pierwszej warto ci pierwszy insight: `ONBOARDING_FIRST_VALUE_BLOCKED` dla kroku 6: zachowaj niesekretne dane formularza i route `/app/command-center/rekomendacje-ai-skrot`, pokaż correlationId oraz akcję retry tylko dla błędu oznaczonego `recoverable=true`; błąd capability kończy proces bez retry.","Reguła wznowienia onboarding do pierwszej warto ci pierwszy insight: Checkpoint `E2E_90_02_06_pierwszy-insight` zapisuje zakończony step_no=6, operationId i identyfikatory zasobów z response fixture. Po wznowieniu system ponownie sprawdza `analytics.read` i odczytuje aktualny stan; komendy nie są automatycznie odtwarzane bez tego samego idempotency key.","Po kroku „Pierwszy insight” obowiązuje domenowy warunek: operacja `command-center.ai-recommendations.read` jest widoczna w audycie, fixture response `fixtures/api/command-center.ai-recommendations.read.response.json` przechodzi walidację schema, a następna powierzchnia „Rekomendacja” jest osiągalna wyłącznie zgodnie z procesem 90.02.","Asercja domenowa onboarding do pierwszej warto ci pierwszy insight: Sprawdź operation kind `query`, capability `analytics.read`, schema request/response, expected event `e2e_90_02_06_command_center_ai_recommendations_read`, brak podwójnego efektu, prawidłowy focus po zmianie powierzchni oraz kod `ONBOARDING_FIRST_VALUE_BLOCKED` w kontrolowanym scenariuszu błędu.",E2E_90_02_06_pierwszy-insight
90.02,Onboarding do pierwszej wartości,7,Rekomendacja,18-wsparcie-marketingowe-decyzje-dzialania/80-03-rekomendacje.md,/app/decisions/rekomendacje,"Na powierzchni „Rekomendacja” użytkownik uruchamia `decisions.recommendation.read`. Odczyt zachowuje aktualny route, filtry i focus; nie emituje zdarzenia mutacji.",decisions.recommendation.read,query,e2e_90_02_07_decisions_recommendation_read,fixtures/e2e/90-02/07-rekomendacja.json,Warunek domenowy onboarding do pierwszej warto ci rekomendacja: Aktor posiada `decisions.read`; fixture ładuje request `fixtures/api/decisions.recommendation.read.request.json` i stan domeny wymagany dla kroku 7 procesu 90.02. Poprzedni krok zakończył się potwierdzonym postcondition albo jest to punkt startowy.,"Odpowiedź `DecisionsRecommendationReadResponse` ma operationId `decisions.recommendation.read`, brak ApiProblem krytycznego, a UI renderuje dane kroku „Rekomendacja” bez zamiany null na zero.","Odzyskanie kroku onboarding do pierwszej warto ci rekomendacja: `ONBOARDING_FIRST_VALUE_BLOCKED` dla kroku 7: zachowaj niesekretne dane formularza i route `/app/decisions/rekomendacje`, pokaż correlationId oraz akcję retry tylko dla błędu oznaczonego `recoverable=true`; błąd capability kończy proces bez retry.","Reguła wznowienia onboarding do pierwszej warto ci rekomendacja: Checkpoint `E2E_90_02_07_rekomendacja` zapisuje zakończony step_no=7, operationId i identyfikatory zasobów z response fixture. Po wznowieniu system ponownie sprawdza `decisions.read` i odczytuje aktualny stan; komendy nie są automatycznie odtwarzane bez tego samego idempotency key.","Po kroku „Rekomendacja” obowiązuje domenowy warunek: operacja `decisions.recommendation.read` jest widoczna w audycie, fixture response `fixtures/api/decisions.recommendation.read.response.json` przechodzi walidację schema, a następna powierzchnia „stan końcowy procesu” jest osiągalna wyłącznie zgodnie z procesem 90.02.","Asercja domenowa onboarding do pierwszej warto ci rekomendacja: Sprawdź operation kind `query`, capability `decisions.read`, schema request/response, expected event `e2e_90_02_07_decisions_recommendation_read`, brak podwójnego efektu, prawidłowy focus po zmianie powierzchni oraz kod `ONBOARDING_FIRST_VALUE_BLOCKED` w kontrolowanym scenariuszu błędu.",E2E_90_02_07_rekomendacja
90.03,Zmiana workspace,1,Aktywny moduł,07-centrum-dowodzenia/30-01-widok-glowny.md,/app/command-center/widok-glowny,"Na powierzchni „Aktywny moduł” użytkownik uruchamia `command-center.overview.read`. Odczyt zachowuje aktualny route, filtry i focus; nie emituje zdarzenia mutacji.",command-center.overview.read,query,e2e_90_03_01_command_center_overview_read,fixtures/e2e/90-03/01-aktywny-modu.json,Warunek domenowy zmiana workspace aktywny modu: Aktor posiada `analytics.read`; fixture ładuje request `fixtures/api/command-center.overview.read.request.json` i stan domeny wymagany dla kroku 1 procesu 90.03. Poprzedni krok zakończył się potwierdzonym postcondition albo jest to punkt startowy.,"Odpowiedź `CommandCenterOverviewReadResponse` ma operationId `command-center.overview.read`, brak ApiProblem krytycznego, a UI renderuje dane kroku „Aktywny moduł” bez zamiany null na zero.","Odzyskanie kroku zmiana workspace aktywny modu: `WORKSPACE_SWITCH_FAILED` dla kroku 1: zachowaj niesekretne dane formularza i route `/app/command-center/widok-glowny`, pokaż correlationId oraz akcję retry tylko dla błędu oznaczonego `recoverable=true`; błąd capability kończy proces bez retry.","Reguła wznowienia zmiana workspace aktywny modu: Checkpoint `E2E_90_03_01_aktywny-modul` zapisuje zakończony step_no=1, operationId i identyfikatory zasobów z response fixture. Po wznowieniu system ponownie sprawdza `analytics.read` i odczytuje aktualny stan; komendy nie są automatycznie odtwarzane bez tego samego idempotency key.","Po kroku „Aktywny moduł” obowiązuje domenowy warunek: operacja `command-center.overview.read` jest widoczna w audycie, fixture response `fixtures/api/command-center.overview.read.response.json` przechodzi walidację schema, a następna powierzchnia „Otwarcie przełącznika workspace” jest osiągalna wyłącznie zgodnie z procesem 90.03.","Asercja domenowa zmiana workspace aktywny modu: Sprawdź operation kind `query`, capability `analytics.read`, schema request/response, expected event `e2e_90_03_01_command_center_overview_read`, brak podwójnego efektu, prawidłowy focus po zmianie powierzchni oraz kod `WORKSPACE_SWITCH_FAILED` w kontrolowanym scenariuszu błędu.",E2E_90_03_01_aktywny-modul
90.03,Zmiana workspace,2,Otwarcie przełącznika workspace,06-powloka-produktu-i-nawigacja/20-06-workspace-switcher.md,/app/shell/workspace-switcher,"Na powierzchni „Otwarcie przełącznika workspace” użytkownik uruchamia `auth.session.read`. Odczyt zachowuje aktualny route, filtry i focus; nie emituje zdarzenia mutacji.",auth.session.read,query,e2e_90_03_02_auth_session_read,fixtures/e2e/90-03/02-otwarcie-prze-cznika-workspace.json,Warunek domenowy zmiana workspace otwarcie prze cznika workspace: Aktor posiada `auth.read`; fixture ładuje request `fixtures/api/auth.session.read.request.json` i stan domeny wymagany dla kroku 2 procesu 90.03. Poprzedni krok zakończył się potwierdzonym postcondition albo jest to punkt startowy.,"Odpowiedź `AuthSessionReadResponse` ma operationId `auth.session.read`, brak ApiProblem krytycznego, a UI renderuje dane kroku „Otwarcie przełącznika workspace” bez zamiany null na zero.","Odzyskanie kroku zmiana workspace otwarcie prze cznika workspace: `WORKSPACE_SWITCH_FAILED` dla kroku 2: zachowaj niesekretne dane formularza i route `/app/shell/workspace-switcher`, pokaż correlationId oraz akcję retry tylko dla błędu oznaczonego `recoverable=true`; błąd capability kończy proces bez retry.","Reguła wznowienia zmiana workspace otwarcie prze cznika workspace: Checkpoint `E2E_90_03_02_otwarcie-przelacznika-workspace` zapisuje zakończony step_no=2, operationId i identyfikatory zasobów z response fixture. Po wznowieniu system ponownie sprawdza `auth.read` i odczytuje aktualny stan; komendy nie są automatycznie odtwarzane bez tego samego idempotency key.","Po kroku „Otwarcie przełącznika workspace” obowiązuje domenowy warunek: operacja `auth.session.read` jest widoczna w audycie, fixture response `fixtures/api/auth.session.read.response.json` przechodzi walidację schema, a następna powierzchnia „Walidacja dostępu” jest osiągalna wyłącznie zgodnie z procesem 90.03.","Asercja domenowa zmiana workspace otwarcie prze cznika workspace: Sprawdź operation kind `query`, capability `auth.read`, schema request/response, expected event `e2e_90_03_02_auth_session_read`, brak podwójnego efektu, prawidłowy focus po zmianie powierzchni oraz kod `WORKSPACE_SWITCH_FAILED` w kontrolowanym scenariuszu błędu.",E2E_90_03_02_otwarcie-przelacznika-workspace
90.03,Zmiana workspace,3,Walidacja dostępu,03-dostep-rejestracja-onboarding/powierzchnie-auth/auth-21-rozwiazanie-dostepu.md,/auth/access-resolution,Na powierzchni „Walidacja dostępu” użytkownik uruchamia `access.resolve`. Formularz blokuje submit do czasu walidacji; mutacja przekazuje idempotency key i po powodzeniu blokuje ponowne kliknięcie.,access.resolve,command,e2e_90_03_03_access_resolve,fixtures/e2e/90-03/03-walidacja-dost-pu.json,Warunek domenowy zmiana workspace walidacja dost pu: Aktor posiada `access.read`; fixture ładuje request `fixtures/api/access.resolve.request.json` i stan domeny wymagany dla kroku 3 procesu 90.03. Poprzedni krok zakończył się potwierdzonym postcondition albo jest to punkt startowy.,"Komenda zwraca applied/queued, audit event zawiera `access.resolve`, a odczyt potwierdzający pokazuje zmianę wymaganą przed krokiem „Zmiana workspace”.","Odzyskanie kroku zmiana workspace walidacja dost pu: `WORKSPACE_SWITCH_FAILED` dla kroku 3: zachowaj niesekretne dane formularza i route `/auth/access-resolution`, pokaż correlationId oraz akcję retry tylko dla błędu oznaczonego `recoverable=true`; błąd capability kończy proces bez retry.","Reguła wznowienia zmiana workspace walidacja dost pu: Checkpoint `E2E_90_03_03_walidacja-dostepu` zapisuje zakończony step_no=3, operationId i identyfikatory zasobów z response fixture. Po wznowieniu system ponownie sprawdza `access.read` i odczytuje aktualny stan; komendy nie są automatycznie odtwarzane bez tego samego idempotency key.","Po kroku „Walidacja dostępu” obowiązuje domenowy warunek: operacja `access.resolve` jest widoczna w audycie, fixture response `fixtures/api/access.resolve.response.json` przechodzi walidację schema, a następna powierzchnia „Zmiana workspace” jest osiągalna wyłącznie zgodnie z procesem 90.03.","Asercja domenowa zmiana workspace walidacja dost pu: Sprawdź operation kind `command`, capability `access.read`, schema request/response, expected event `e2e_90_03_03_access_resolve`, brak podwójnego efektu, prawidłowy focus po zmianie powierzchni oraz kod `WORKSPACE_SWITCH_FAILED` w kontrolowanym scenariuszu błędu.",E2E_90_03_03_walidacja-dostepu
90.03,Zmiana workspace,4,Zmiana workspace,03-dostep-rejestracja-onboarding/powierzchnie-auth/auth-23-wybor-obszaru-roboczego.md,/auth/workspace,Na powierzchni „Zmiana workspace” użytkownik uruchamia `access.workspace.select`. Formularz blokuje submit do czasu walidacji; mutacja przekazuje idempotency key i po powodzeniu blokuje ponowne kliknięcie.,access.workspace.select,command,e2e_90_03_04_access_workspace_select,fixtures/e2e/90-03/04-zmiana-workspace.json,Warunek domenowy zmiana workspace zmiana workspace: Aktor posiada `workspace.write`; fixture ładuje request `fixtures/api/access.workspace.select.request.json` i stan domeny wymagany dla kroku 4 procesu 90.03. Poprzedni krok zakończył się potwierdzonym postcondition albo jest to punkt startowy.,"Komenda zwraca applied/queued, audit event zawiera `access.workspace.select`, a odczyt potwierdzający pokazuje zmianę wymaganą przed krokiem „Zachowanie modułu albo fallback”.","Odzyskanie kroku zmiana workspace zmiana workspace: `WORKSPACE_SWITCH_FAILED` dla kroku 4: zachowaj niesekretne dane formularza i route `/auth/workspace`, pokaż correlationId oraz akcję retry tylko dla błędu oznaczonego `recoverable=true`; błąd capability kończy proces bez retry.","Reguła wznowienia zmiana workspace zmiana workspace: Checkpoint `E2E_90_03_04_zmiana-workspace` zapisuje zakończony step_no=4, operationId i identyfikatory zasobów z response fixture. Po wznowieniu system ponownie sprawdza `workspace.write` i odczytuje aktualny stan; komendy nie są automatycznie odtwarzane bez tego samego idempotency key.","Po kroku „Zmiana workspace” obowiązuje domenowy warunek: operacja `access.workspace.select` jest widoczna w audycie, fixture response `fixtures/api/access.workspace.select.response.json` przechodzi walidację schema, a następna powierzchnia „Zachowanie modułu albo fallback” jest osiągalna wyłącznie zgodnie z procesem 90.03.","Asercja domenowa zmiana workspace zmiana workspace: Sprawdź operation kind `command`, capability `workspace.write`, schema request/response, expected event `e2e_90_03_04_access_workspace_select`, brak podwójnego efektu, prawidłowy focus po zmianie powierzchni oraz kod `WORKSPACE_SWITCH_FAILED` w kontrolowanym scenariuszu błędu.",E2E_90_03_04_zmiana-workspace
90.03,Zmiana workspace,5,Zachowanie modułu albo fallback,06-powloka-produktu-i-nawigacja/20-01-appshell.md,/app,"Na powierzchni „Zachowanie modułu albo fallback” użytkownik uruchamia `command-center.overview.read`. Odczyt zachowuje aktualny route, filtry i focus; nie emituje zdarzenia mutacji.",command-center.overview.read,query,e2e_90_03_05_command_center_overview_read,fixtures/e2e/90-03/05-zachowanie-modu-u-albo-fallback.json,Warunek domenowy zmiana workspace zachowanie modu u albo fallback: Aktor posiada `analytics.read`; fixture ładuje request `fixtures/api/command-center.overview.read.request.json` i stan domeny wymagany dla kroku 5 procesu 90.03. Poprzedni krok zakończył się potwierdzonym postcondition albo jest to punkt startowy.,"Odpowiedź `CommandCenterOverviewReadResponse` ma operationId `command-center.overview.read`, brak ApiProblem krytycznego, a UI renderuje dane kroku „Zachowanie modułu albo fallback” bez zamiany null na zero.","Odzyskanie kroku zmiana workspace zachowanie modu u albo fallback: `WORKSPACE_SWITCH_FAILED` dla kroku 5: zachowaj niesekretne dane formularza i route `/app`, pokaż correlationId oraz akcję retry tylko dla błędu oznaczonego `recoverable=true`; błąd capability kończy proces bez retry.","Reguła wznowienia zmiana workspace zachowanie modu u albo fallback: Checkpoint `E2E_90_03_05_zachowanie-modulu-albo-fallback` zapisuje zakończony step_no=5, operationId i identyfikatory zasobów z response fixture. Po wznowieniu system ponownie sprawdza `analytics.read` i odczytuje aktualny stan; komendy nie są automatycznie odtwarzane bez tego samego idempotency key.","Po kroku „Zachowanie modułu albo fallback” obowiązuje domenowy warunek: operacja `command-center.overview.read` jest widoczna w audycie, fixture response `fixtures/api/command-center.overview.read.response.json` przechodzi walidację schema, a następna powierzchnia „Komunikat wpływu na dane” jest osiągalna wyłącznie zgodnie z procesem 90.03.","Asercja domenowa zmiana workspace zachowanie modu u albo fallback: Sprawdź operation kind `query`, capability `analytics.read`, schema request/response, expected event `e2e_90_03_05_command_center_overview_read`, brak podwójnego efektu, prawidłowy focus po zmianie powierzchni oraz kod `WORKSPACE_SWITCH_FAILED` w kontrolowanym scenariuszu błędu.",E2E_90_03_05_zachowanie-modulu-albo-fallback
90.03,Zmiana workspace,6,Komunikat wpływu na dane,06-powloka-produktu-i-nawigacja/20-08-powiadomienia.md,/app/notifications,"Na powierzchni „Komunikat wpływu na dane” użytkownik uruchamia `auth.session.read`. Odczyt zachowuje aktualny route, filtry i focus; nie emituje zdarzenia mutacji.",auth.session.read,query,e2e_90_03_06_auth_session_read,fixtures/e2e/90-03/06-komunikat-wp-ywu-na-dane.json,Warunek domenowy zmiana workspace komunikat wp ywu na dane: Aktor posiada `auth.read`; fixture ładuje request `fixtures/api/auth.session.read.request.json` i stan domeny wymagany dla kroku 6 procesu 90.03. Poprzedni krok zakończył się potwierdzonym postcondition albo jest to punkt startowy.,"Odpowiedź `AuthSessionReadResponse` ma operationId `auth.session.read`, brak ApiProblem krytycznego, a UI renderuje dane kroku „Komunikat wpływu na dane” bez zamiany null na zero.","Odzyskanie kroku zmiana workspace komunikat wp ywu na dane: `WORKSPACE_SWITCH_FAILED` dla kroku 6: zachowaj niesekretne dane formularza i route `/app/notifications`, pokaż correlationId oraz akcję retry tylko dla błędu oznaczonego `recoverable=true`; błąd capability kończy proces bez retry.","Reguła wznowienia zmiana workspace komunikat wp ywu na dane: Checkpoint `E2E_90_03_06_komunikat-wplywu-na-dane` zapisuje zakończony step_no=6, operationId i identyfikatory zasobów z response fixture. Po wznowieniu system ponownie sprawdza `auth.read` i odczytuje aktualny stan; komendy nie są automatycznie odtwarzane bez tego samego idempotency key.","Po kroku „Komunikat wpływu na dane” obowiązuje domenowy warunek: operacja `auth.session.read` jest widoczna w audycie, fixture response `fixtures/api/auth.session.read.response.json` przechodzi walidację schema, a następna powierzchnia „stan końcowy procesu” jest osiągalna wyłącznie zgodnie z procesem 90.03.","Asercja domenowa zmiana workspace komunikat wp ywu na dane: Sprawdź operation kind `query`, capability `auth.read`, schema request/response, expected event `e2e_90_03_06_auth_session_read`, brak podwójnego efektu, prawidłowy focus po zmianie powierzchni oraz kod `WORKSPACE_SWITCH_FAILED` w kontrolowanym scenariuszu błędu.",E2E_90_03_06_komunikat-wplywu-na-dane
90.04,KPI do rekordu źródłowego,1,KPI,07-centrum-dowodzenia/30-03-kpi.md,/app/command-center/kpi,"Na powierzchni „KPI” użytkownik uruchamia `command-center.kpi.read`. Odczyt zachowuje aktualny route, filtry i focus; nie emituje zdarzenia mutacji.",command-center.kpi.read,query,e2e_90_04_01_command_center_kpi_read,fixtures/e2e/90-04/01-kpi.json,Warunek domenowy kpi do rekordu r d owego kpi: Aktor posiada `analytics.read`; fixture ładuje request `fixtures/api/command-center.kpi.read.request.json` i stan domeny wymagany dla kroku 1 procesu 90.04. Poprzedni krok zakończył się potwierdzonym postcondition albo jest to punkt startowy.,"Odpowiedź `CommandCenterKpiReadResponse` ma operationId `command-center.kpi.read`, brak ApiProblem krytycznego, a UI renderuje dane kroku „KPI” bez zamiany null na zero.","Odzyskanie kroku kpi do rekordu r d owego kpi: `SOURCE_RECORD_UNAVAILABLE` dla kroku 1: zachowaj niesekretne dane formularza i route `/app/command-center/kpi`, pokaż correlationId oraz akcję retry tylko dla błędu oznaczonego `recoverable=true`; błąd capability kończy proces bez retry.","Reguła wznowienia kpi do rekordu r d owego kpi: Checkpoint `E2E_90_04_01_kpi` zapisuje zakończony step_no=1, operationId i identyfikatory zasobów z response fixture. Po wznowieniu system ponownie sprawdza `analytics.read` i odczytuje aktualny stan; komendy nie są automatycznie odtwarzane bez tego samego idempotency key.","Po kroku „KPI” obowiązuje domenowy warunek: operacja `command-center.kpi.read` jest widoczna w audycie, fixture response `fixtures/api/command-center.kpi.read.response.json` przechodzi walidację schema, a następna powierzchnia „Wykres” jest osiągalna wyłącznie zgodnie z procesem 90.04.","Asercja domenowa kpi do rekordu r d owego kpi: Sprawdź operation kind `query`, capability `analytics.read`, schema request/response, expected event `e2e_90_04_01_command_center_kpi_read`, brak podwójnego efektu, prawidłowy focus po zmianie powierzchni oraz kod `SOURCE_RECORD_UNAVAILABLE` w kontrolowanym scenariuszu błędu.",E2E_90_04_01_kpi
90.04,KPI do rekordu źródłowego,2,Wykres,07-centrum-dowodzenia/30-04-plan-vs-wynik.md,/app/command-center/plan-vs-wynik,"Na powierzchni „Wykres” użytkownik uruchamia `command-center.plan-performance.read`. Odczyt zachowuje aktualny route, filtry i focus; nie emituje zdarzenia mutacji.",command-center.plan-performance.read,query,e2e_90_04_02_command_center_plan_performance_read,fixtures/e2e/90-04/02-wykres.json,Warunek domenowy kpi do rekordu r d owego wykres: Aktor posiada `analytics.read`; fixture ładuje request `fixtures/api/command-center.plan-performance.read.request.json` i stan domeny wymagany dla kroku 2 procesu 90.04. Poprzedni krok zakończył się potwierdzonym postcondition albo jest to punkt startowy.,"Odpowiedź `CommandCenterPlanPerformanceReadResponse` ma operationId `command-center.plan-performance.read`, brak ApiProblem krytycznego, a UI renderuje dane kroku „Wykres” bez zamiany null na zero.","Odzyskanie kroku kpi do rekordu r d owego wykres: `SOURCE_RECORD_UNAVAILABLE` dla kroku 2: zachowaj niesekretne dane formularza i route `/app/command-center/plan-vs-wynik`, pokaż correlationId oraz akcję retry tylko dla błędu oznaczonego `recoverable=true`; błąd capability kończy proces bez retry.","Reguła wznowienia kpi do rekordu r d owego wykres: Checkpoint `E2E_90_04_02_wykres` zapisuje zakończony step_no=2, operationId i identyfikatory zasobów z response fixture. Po wznowieniu system ponownie sprawdza `analytics.read` i odczytuje aktualny stan; komendy nie są automatycznie odtwarzane bez tego samego idempotency key.","Po kroku „Wykres” obowiązuje domenowy warunek: operacja `command-center.plan-performance.read` jest widoczna w audycie, fixture response `fixtures/api/command-center.plan-performance.read.response.json` przechodzi walidację schema, a następna powierzchnia „Tabela alternatywna” jest osiągalna wyłącznie zgodnie z procesem 90.04.","Asercja domenowa kpi do rekordu r d owego wykres: Sprawdź operation kind `query`, capability `analytics.read`, schema request/response, expected event `e2e_90_04_02_command_center_plan_performance_read`, brak podwójnego efektu, prawidłowy focus po zmianie powierzchni oraz kod `SOURCE_RECORD_UNAVAILABLE` w kontrolowanym scenariuszu błędu.",E2E_90_04_02_wykres
90.04,KPI do rekordu źródłowego,3,Tabela alternatywna,09-zamowienia/32-02-lista.md,/app/orders/lista,"Na powierzchni „Tabela alternatywna” użytkownik uruchamia `orders.list.read`. Odczyt zachowuje aktualny route, filtry i focus; nie emituje zdarzenia mutacji.",orders.list.read,query,e2e_90_04_03_orders_list_read,fixtures/e2e/90-04/03-tabela-alternatywna.json,Warunek domenowy kpi do rekordu r d owego tabela alternatywna: Aktor posiada `orders.read`; fixture ładuje request `fixtures/api/orders.list.read.request.json` i stan domeny wymagany dla kroku 3 procesu 90.04. Poprzedni krok zakończył się potwierdzonym postcondition albo jest to punkt startowy.,"Odpowiedź `OrdersListReadResponse` ma operationId `orders.list.read`, brak ApiProblem krytycznego, a UI renderuje dane kroku „Tabela alternatywna” bez zamiany null na zero.","Odzyskanie kroku kpi do rekordu r d owego tabela alternatywna: `SOURCE_RECORD_UNAVAILABLE` dla kroku 3: zachowaj niesekretne dane formularza i route `/app/orders/lista`, pokaż correlationId oraz akcję retry tylko dla błędu oznaczonego `recoverable=true`; błąd capability kończy proces bez retry.","Reguła wznowienia kpi do rekordu r d owego tabela alternatywna: Checkpoint `E2E_90_04_03_tabela-alternatywna` zapisuje zakończony step_no=3, operationId i identyfikatory zasobów z response fixture. Po wznowieniu system ponownie sprawdza `orders.read` i odczytuje aktualny stan; komendy nie są automatycznie odtwarzane bez tego samego idempotency key.","Po kroku „Tabela alternatywna” obowiązuje domenowy warunek: operacja `orders.list.read` jest widoczna w audycie, fixture response `fixtures/api/orders.list.read.response.json` przechodzi walidację schema, a następna powierzchnia „Źródło” jest osiągalna wyłącznie zgodnie z procesem 90.04.","Asercja domenowa kpi do rekordu r d owego tabela alternatywna: Sprawdź operation kind `query`, capability `orders.read`, schema request/response, expected event `e2e_90_04_03_orders_list_read`, brak podwójnego efektu, prawidłowy focus po zmianie powierzchni oraz kod `SOURCE_RECORD_UNAVAILABLE` w kontrolowanym scenariuszu błędu.",E2E_90_04_03_tabela-alternatywna
90.04,KPI do rekordu źródłowego,4,Źródło,13-integracje-i-synchronizacja/40-03-szczegoly-integracji.md,/app/integrations/szczegoly-integracji,"Na powierzchni „Źródło” użytkownik uruchamia `integrations.detail.read`. Odczyt zachowuje aktualny route, filtry i focus; nie emituje zdarzenia mutacji.",integrations.detail.read,query,e2e_90_04_04_integrations_detail_read,fixtures/e2e/90-04/04-r-d-o.json,Warunek domenowy kpi do rekordu r d owego r d o: Aktor posiada `integrations.read`; fixture ładuje request `fixtures/api/integrations.detail.read.request.json` i stan domeny wymagany dla kroku 4 procesu 90.04. Poprzedni krok zakończył się potwierdzonym postcondition albo jest to punkt startowy.,"Odpowiedź `IntegrationsDetailReadResponse` ma operationId `integrations.detail.read`, brak ApiProblem krytycznego, a UI renderuje dane kroku „Źródło” bez zamiany null na zero.","Odzyskanie kroku kpi do rekordu r d owego r d o: `SOURCE_RECORD_UNAVAILABLE` dla kroku 4: zachowaj niesekretne dane formularza i route `/app/integrations/szczegoly-integracji`, pokaż correlationId oraz akcję retry tylko dla błędu oznaczonego `recoverable=true`; błąd capability kończy proces bez retry.","Reguła wznowienia kpi do rekordu r d owego r d o: Checkpoint `E2E_90_04_04_zrodlo` zapisuje zakończony step_no=4, operationId i identyfikatory zasobów z response fixture. Po wznowieniu system ponownie sprawdza `integrations.read` i odczytuje aktualny stan; komendy nie są automatycznie odtwarzane bez tego samego idempotency key.","Po kroku „Źródło” obowiązuje domenowy warunek: operacja `integrations.detail.read` jest widoczna w audycie, fixture response `fixtures/api/integrations.detail.read.response.json` przechodzi walidację schema, a następna powierzchnia „Rekord źródłowy” jest osiągalna wyłącznie zgodnie z procesem 90.04.","Asercja domenowa kpi do rekordu r d owego r d o: Sprawdź operation kind `query`, capability `integrations.read`, schema request/response, expected event `e2e_90_04_04_integrations_detail_read`, brak podwójnego efektu, prawidłowy focus po zmianie powierzchni oraz kod `SOURCE_RECORD_UNAVAILABLE` w kontrolowanym scenariuszu błędu.",E2E_90_04_04_zrodlo
90.04,KPI do rekordu źródłowego,5,Rekord źródłowy,09-zamowienia/32-03-szczegoly.md,/app/orders/szczegoly,"Na powierzchni „Rekord źródłowy” użytkownik uruchamia `orders.detail.read`. Odczyt zachowuje aktualny route, filtry i focus; nie emituje zdarzenia mutacji.",orders.detail.read,query,e2e_90_04_05_orders_detail_read,fixtures/e2e/90-04/05-rekord-r-d-owy.json,Warunek domenowy kpi do rekordu r d owego rekord r d owy: Aktor posiada `orders.read`; fixture ładuje request `fixtures/api/orders.detail.read.request.json` i stan domeny wymagany dla kroku 5 procesu 90.04. Poprzedni krok zakończył się potwierdzonym postcondition albo jest to punkt startowy.,"Odpowiedź `OrdersDetailReadResponse` ma operationId `orders.detail.read`, brak ApiProblem krytycznego, a UI renderuje dane kroku „Rekord źródłowy” bez zamiany null na zero.","Odzyskanie kroku kpi do rekordu r d owego rekord r d owy: `SOURCE_RECORD_UNAVAILABLE` dla kroku 5: zachowaj niesekretne dane formularza i route `/app/orders/szczegoly`, pokaż correlationId oraz akcję retry tylko dla błędu oznaczonego `recoverable=true`; błąd capability kończy proces bez retry.","Reguła wznowienia kpi do rekordu r d owego rekord r d owy: Checkpoint `E2E_90_04_05_rekord-zrodlowy` zapisuje zakończony step_no=5, operationId i identyfikatory zasobów z response fixture. Po wznowieniu system ponownie sprawdza `orders.read` i odczytuje aktualny stan; komendy nie są automatycznie odtwarzane bez tego samego idempotency key.","Po kroku „Rekord źródłowy” obowiązuje domenowy warunek: operacja `orders.detail.read` jest widoczna w audycie, fixture response `fixtures/api/orders.detail.read.response.json` przechodzi walidację schema, a następna powierzchnia „Lineage” jest osiągalna wyłącznie zgodnie z procesem 90.04.","Asercja domenowa kpi do rekordu r d owego rekord r d owy: Sprawdź operation kind `query`, capability `orders.read`, schema request/response, expected event `e2e_90_04_05_orders_detail_read`, brak podwójnego efektu, prawidłowy focus po zmianie powierzchni oraz kod `SOURCE_RECORD_UNAVAILABLE` w kontrolowanym scenariuszu błędu.",E2E_90_04_05_rekord-zrodlowy
90.04,KPI do rekordu źródłowego,6,Lineage,14-jakosc-danych-i-integralnosc/41-03-pochodzenie-danych.md,/app/data-quality/pochodzenie-danych,"Na powierzchni „Lineage” użytkownik uruchamia `data-quality.lineage.read`. Odczyt zachowuje aktualny route, filtry i focus; nie emituje zdarzenia mutacji.",data-quality.lineage.read,query,e2e_90_04_06_data_quality_lineage_read,fixtures/e2e/90-04/06-lineage.json,Warunek domenowy kpi do rekordu r d owego lineage: Aktor posiada `data-quality.read`; fixture ładuje request `fixtures/api/data-quality.lineage.read.request.json` i stan domeny wymagany dla kroku 6 procesu 90.04. Poprzedni krok zakończył się potwierdzonym postcondition albo jest to punkt startowy.,"Odpowiedź `DataQualityLineageReadResponse` ma operationId `data-quality.lineage.read`, brak ApiProblem krytycznego, a UI renderuje dane kroku „Lineage” bez zamiany null na zero.","Odzyskanie kroku kpi do rekordu r d owego lineage: `SOURCE_RECORD_UNAVAILABLE` dla kroku 6: zachowaj niesekretne dane formularza i route `/app/data-quality/pochodzenie-danych`, pokaż correlationId oraz akcję retry tylko dla błędu oznaczonego `recoverable=true`; błąd capability kończy proces bez retry.","Reguła wznowienia kpi do rekordu r d owego lineage: Checkpoint `E2E_90_04_06_lineage` zapisuje zakończony step_no=6, operationId i identyfikatory zasobów z response fixture. Po wznowieniu system ponownie sprawdza `data-quality.read` i odczytuje aktualny stan; komendy nie są automatycznie odtwarzane bez tego samego idempotency key.","Po kroku „Lineage” obowiązuje domenowy warunek: operacja `data-quality.lineage.read` jest widoczna w audycie, fixture response `fixtures/api/data-quality.lineage.read.response.json` przechodzi walidację schema, a następna powierzchnia „Problem danych” jest osiągalna wyłącznie zgodnie z procesem 90.04.","Asercja domenowa kpi do rekordu r d owego lineage: Sprawdź operation kind `query`, capability `data-quality.read`, schema request/response, expected event `e2e_90_04_06_data_quality_lineage_read`, brak podwójnego efektu, prawidłowy focus po zmianie powierzchni oraz kod `SOURCE_RECORD_UNAVAILABLE` w kontrolowanym scenariuszu błędu.",E2E_90_04_06_lineage
90.04,KPI do rekordu źródłowego,7,Problem danych,14-jakosc-danych-i-integralnosc/41-06-konflikty.md,/app/data-quality/konflikty,"Na powierzchni „Problem danych” użytkownik uruchamia `data-quality.conflicts.read`. Odczyt zachowuje aktualny route, filtry i focus; nie emituje zdarzenia mutacji.",data-quality.conflicts.read,query,e2e_90_04_07_data_quality_conflicts_read,fixtures/e2e/90-04/07-problem-danych.json,Warunek domenowy kpi do rekordu r d owego problem danych: Aktor posiada `data-quality.read`; fixture ładuje request `fixtures/api/data-quality.conflicts.read.request.json` i stan domeny wymagany dla kroku 7 procesu 90.04. Poprzedni krok zakończył się potwierdzonym postcondition albo jest to punkt startowy.,"Odpowiedź `DataQualityConflictsReadResponse` ma operationId `data-quality.conflicts.read`, brak ApiProblem krytycznego, a UI renderuje dane kroku „Problem danych” bez zamiany null na zero.","Odzyskanie kroku kpi do rekordu r d owego problem danych: `SOURCE_RECORD_UNAVAILABLE` dla kroku 7: zachowaj niesekretne dane formularza i route `/app/data-quality/konflikty`, pokaż correlationId oraz akcję retry tylko dla błędu oznaczonego `recoverable=true`; błąd capability kończy proces bez retry.","Reguła wznowienia kpi do rekordu r d owego problem danych: Checkpoint `E2E_90_04_07_problem-danych` zapisuje zakończony step_no=7, operationId i identyfikatory zasobów z response fixture. Po wznowieniu system ponownie sprawdza `data-quality.read` i odczytuje aktualny stan; komendy nie są automatycznie odtwarzane bez tego samego idempotency key.","Po kroku „Problem danych” obowiązuje domenowy warunek: operacja `data-quality.conflicts.read` jest widoczna w audycie, fixture response `fixtures/api/data-quality.conflicts.read.response.json` przechodzi walidację schema, a następna powierzchnia „stan końcowy procesu” jest osiągalna wyłącznie zgodnie z procesem 90.04.","Asercja domenowa kpi do rekordu r d owego problem danych: Sprawdź operation kind `query`, capability `data-quality.read`, schema request/response, expected event `e2e_90_04_07_data_quality_conflicts_read`, brak podwójnego efektu, prawidłowy focus po zmianie powierzchni oraz kod `SOURCE_RECORD_UNAVAILABLE` w kontrolowanym scenariuszu błędu.",E2E_90_04_07_problem-danych
90.05,Połączenie do pierwszych danych,1,Katalog integracji,13-integracje-i-synchronizacja/40-01-katalog-integracji.md,/app/integrations/katalog-integracji,"Na powierzchni „Katalog integracji” użytkownik uruchamia `integrations.catalog.read`. Odczyt zachowuje aktualny route, filtry i focus; nie emituje zdarzenia mutacji.",integrations.catalog.read,query,e2e_90_05_01_integrations_catalog_read,fixtures/e2e/90-05/01-katalog-integracji.json,Warunek domenowy po czenie do pierwszych danych katalog integracji: Aktor posiada `integrations.read`; fixture ładuje request `fixtures/api/integrations.catalog.read.request.json` i stan domeny wymagany dla kroku 1 procesu 90.05. Poprzedni krok zakończył się potwierdzonym postcondition albo jest to punkt startowy.,"Odpowiedź `IntegrationsCatalogReadResponse` ma operationId `integrations.catalog.read`, brak ApiProblem krytycznego, a UI renderuje dane kroku „Katalog integracji” bez zamiany null na zero.","Odzyskanie kroku po czenie do pierwszych danych katalog integracji: `INTEGRATION_FIRST_SYNC_FAILED` dla kroku 1: zachowaj niesekretne dane formularza i route `/app/integrations/katalog-integracji`, pokaż correlationId oraz akcję retry tylko dla błędu oznaczonego `recoverable=true`; błąd capability kończy proces bez retry.","Reguła wznowienia po czenie do pierwszych danych katalog integracji: Checkpoint `E2E_90_05_01_katalog-integracji` zapisuje zakończony step_no=1, operationId i identyfikatory zasobów z response fixture. Po wznowieniu system ponownie sprawdza `integrations.read` i odczytuje aktualny stan; komendy nie są automatycznie odtwarzane bez tego samego idempotency key.","Po kroku „Katalog integracji” obowiązuje domenowy warunek: operacja `integrations.catalog.read` jest widoczna w audycie, fixture response `fixtures/api/integrations.catalog.read.response.json` przechodzi walidację schema, a następna powierzchnia „Kreator połączenia” jest osiągalna wyłącznie zgodnie z procesem 90.05.","Asercja domenowa po czenie do pierwszych danych katalog integracji: Sprawdź operation kind `query`, capability `integrations.read`, schema request/response, expected event `e2e_90_05_01_integrations_catalog_read`, brak podwójnego efektu, prawidłowy focus po zmianie powierzchni oraz kod `INTEGRATION_FIRST_SYNC_FAILED` w kontrolowanym scenariuszu błędu.",E2E_90_05_01_katalog-integracji
90.05,Połączenie do pierwszych danych,2,Kreator połączenia,13-integracje-i-synchronizacja/40-02-kreator-polaczenia.md,/app/integrations/kreator-polaczenia,Na powierzchni „Kreator połączenia” użytkownik uruchamia `integrations.connection.create`. Formularz blokuje submit do czasu walidacji; mutacja przekazuje idempotency key i po powodzeniu blokuje ponowne kliknięcie.,integrations.connection.create,command,e2e_90_05_02_integrations_connection_create,fixtures/e2e/90-05/02-kreator-po-czenia.json,Warunek domenowy po czenie do pierwszych danych kreator po czenia: Aktor posiada `integrations.write`; fixture ładuje request `fixtures/api/integrations.connection.create.request.json` i stan domeny wymagany dla kroku 2 procesu 90.05. Poprzedni krok zakończył się potwierdzonym postcondition albo jest to punkt startowy.,"Komenda zwraca applied/queued, audit event zawiera `integrations.connection.create`, a odczyt potwierdzający pokazuje zmianę wymaganą przed krokiem „OAuth lub API key”.","Odzyskanie kroku po czenie do pierwszych danych kreator po czenia: `INTEGRATION_FIRST_SYNC_FAILED` dla kroku 2: zachowaj niesekretne dane formularza i route `/app/integrations/kreator-polaczenia`, pokaż correlationId oraz akcję retry tylko dla błędu oznaczonego `recoverable=true`; błąd capability kończy proces bez retry.","Reguła wznowienia po czenie do pierwszych danych kreator po czenia: Checkpoint `E2E_90_05_02_kreator-polaczenia` zapisuje zakończony step_no=2, operationId i identyfikatory zasobów z response fixture. Po wznowieniu system ponownie sprawdza `integrations.write` i odczytuje aktualny stan; komendy nie są automatycznie odtwarzane bez tego samego idempotency key.","Po kroku „Kreator połączenia” obowiązuje domenowy warunek: operacja `integrations.connection.create` jest widoczna w audycie, fixture response `fixtures/api/integrations.connection.create.response.json` przechodzi walidację schema, a następna powierzchnia „OAuth lub API key” jest osiągalna wyłącznie zgodnie z procesem 90.05.","Asercja domenowa po czenie do pierwszych danych kreator po czenia: Sprawdź operation kind `command`, capability `integrations.write`, schema request/response, expected event `e2e_90_05_02_integrations_connection_create`, brak podwójnego efektu, prawidłowy focus po zmianie powierzchni oraz kod `INTEGRATION_FIRST_SYNC_FAILED` w kontrolowanym scenariuszu błędu.",E2E_90_05_02_kreator-polaczenia
90.05,Połączenie do pierwszych danych,3,OAuth lub API key,13-integracje-i-synchronizacja/40-02-kreator-polaczenia.md,/app/integrations/kreator-polaczenia,Na powierzchni „OAuth lub API key” użytkownik uruchamia `integrations.oauth.callback`. Formularz blokuje submit do czasu walidacji; mutacja przekazuje idempotency key i po powodzeniu blokuje ponowne kliknięcie.,integrations.oauth.callback,callback,e2e_90_05_03_integrations_oauth_callback,fixtures/e2e/90-05/03-oauth-lub-api-key.json,Warunek domenowy po czenie do pierwszych danych oauth lub api key: Aktor posiada `integrations.write`; fixture ładuje request `fixtures/api/integrations.oauth.callback.request.json` i stan domeny wymagany dla kroku 3 procesu 90.05. Poprzedni krok zakończył się potwierdzonym postcondition albo jest to punkt startowy.,"Podpisany callback jest zaakceptowany jednokrotnie, koreluje się z oczekującym stanem i aktywuje przejście do „Zakres synchronizacji”.","Odzyskanie kroku po czenie do pierwszych danych oauth lub api key: `INTEGRATION_FIRST_SYNC_FAILED` dla kroku 3: zachowaj niesekretne dane formularza i route `/app/integrations/kreator-polaczenia`, pokaż correlationId oraz akcję retry tylko dla błędu oznaczonego `recoverable=true`; błąd capability kończy proces bez retry.","Reguła wznowienia po czenie do pierwszych danych oauth lub api key: Checkpoint `E2E_90_05_03_oauth-lub-api-key` zapisuje zakończony step_no=3, operationId i identyfikatory zasobów z response fixture. Po wznowieniu system ponownie sprawdza `integrations.write` i odczytuje aktualny stan; komendy nie są automatycznie odtwarzane bez tego samego idempotency key.","Po kroku „OAuth lub API key” obowiązuje domenowy warunek: operacja `integrations.oauth.callback` jest widoczna w audycie, fixture response `fixtures/api/integrations.oauth.callback.response.json` przechodzi walidację schema, a następna powierzchnia „Zakres synchronizacji” jest osiągalna wyłącznie zgodnie z procesem 90.05.","Asercja domenowa po czenie do pierwszych danych oauth lub api key: Sprawdź operation kind `callback`, capability `integrations.write`, schema request/response, expected event `e2e_90_05_03_integrations_oauth_callback`, brak podwójnego efektu, prawidłowy focus po zmianie powierzchni oraz kod `INTEGRATION_FIRST_SYNC_FAILED` w kontrolowanym scenariuszu błędu.",E2E_90_05_03_oauth-lub-api-key
90.05,Połączenie do pierwszych danych,4,Zakres synchronizacji,13-integracje-i-synchronizacja/40-06-zakres-synchronizacji.md,/app/integrations/zakres-synchronizacji,"Na powierzchni „Zakres synchronizacji” użytkownik uruchamia `integrations.sync-scope.read`. Odczyt zachowuje aktualny route, filtry i focus; nie emituje zdarzenia mutacji.",integrations.sync-scope.read,query,e2e_90_05_04_integrations_sync_scope_read,fixtures/e2e/90-05/04-zakres-synchronizacji.json,Warunek domenowy po czenie do pierwszych danych zakres synchronizacji: Aktor posiada `integrations.read`; fixture ładuje request `fixtures/api/integrations.sync-scope.read.request.json` i stan domeny wymagany dla kroku 4 procesu 90.05. Poprzedni krok zakończył się potwierdzonym postcondition albo jest to punkt startowy.,"Odpowiedź `IntegrationsSyncScopeReadResponse` ma operationId `integrations.sync-scope.read`, brak ApiProblem krytycznego, a UI renderuje dane kroku „Zakres synchronizacji” bez zamiany null na zero.","Odzyskanie kroku po czenie do pierwszych danych zakres synchronizacji: `INTEGRATION_FIRST_SYNC_FAILED` dla kroku 4: zachowaj niesekretne dane formularza i route `/app/integrations/zakres-synchronizacji`, pokaż correlationId oraz akcję retry tylko dla błędu oznaczonego `recoverable=true`; błąd capability kończy proces bez retry.","Reguła wznowienia po czenie do pierwszych danych zakres synchronizacji: Checkpoint `E2E_90_05_04_zakres-synchronizacji` zapisuje zakończony step_no=4, operationId i identyfikatory zasobów z response fixture. Po wznowieniu system ponownie sprawdza `integrations.read` i odczytuje aktualny stan; komendy nie są automatycznie odtwarzane bez tego samego idempotency key.","Po kroku „Zakres synchronizacji” obowiązuje domenowy warunek: operacja `integrations.sync-scope.read` jest widoczna w audycie, fixture response `fixtures/api/integrations.sync-scope.read.response.json` przechodzi walidację schema, a następna powierzchnia „Synchronizacja” jest osiągalna wyłącznie zgodnie z procesem 90.05.","Asercja domenowa po czenie do pierwszych danych zakres synchronizacji: Sprawdź operation kind `query`, capability `integrations.read`, schema request/response, expected event `e2e_90_05_04_integrations_sync_scope_read`, brak podwójnego efektu, prawidłowy focus po zmianie powierzchni oraz kod `INTEGRATION_FIRST_SYNC_FAILED` w kontrolowanym scenariuszu błędu.",E2E_90_05_04_zakres-synchronizacji
90.05,Połączenie do pierwszych danych,5,Synchronizacja,13-integracje-i-synchronizacja/40-05-przebieg-synchronizacji.md,/app/integrations/przebieg-synchronizacji,Na powierzchni „Synchronizacja” użytkownik uruchamia `integrations.sync.start`. Formularz blokuje submit do czasu walidacji; mutacja przekazuje idempotency key i po powodzeniu blokuje ponowne kliknięcie.,integrations.sync.start,command,e2e_90_05_05_integrations_sync_start,fixtures/e2e/90-05/05-synchronizacja.json,Warunek domenowy po czenie do pierwszych danych synchronizacja: Aktor posiada `integrations.write`; fixture ładuje request `fixtures/api/integrations.sync.start.request.json` i stan domeny wymagany dla kroku 5 procesu 90.05. Poprzedni krok zakończył się potwierdzonym postcondition albo jest to punkt startowy.,"Komenda zwraca applied/queued, audit event zawiera `integrations.sync.start`, a odczyt potwierdzający pokazuje zmianę wymaganą przed krokiem „Dane częściowe”.","Odzyskanie kroku po czenie do pierwszych danych synchronizacja: `INTEGRATION_FIRST_SYNC_FAILED` dla kroku 5: zachowaj niesekretne dane formularza i route `/app/integrations/przebieg-synchronizacji`, pokaż correlationId oraz akcję retry tylko dla błędu oznaczonego `recoverable=true`; błąd capability kończy proces bez retry.","Reguła wznowienia po czenie do pierwszych danych synchronizacja: Checkpoint `E2E_90_05_05_synchronizacja` zapisuje zakończony step_no=5, operationId i identyfikatory zasobów z response fixture. Po wznowieniu system ponownie sprawdza `integrations.write` i odczytuje aktualny stan; komendy nie są automatycznie odtwarzane bez tego samego idempotency key.","Po kroku „Synchronizacja” obowiązuje domenowy warunek: operacja `integrations.sync.start` jest widoczna w audycie, fixture response `fixtures/api/integrations.sync.start.response.json` przechodzi walidację schema, a następna powierzchnia „Dane częściowe” jest osiągalna wyłącznie zgodnie z procesem 90.05.","Asercja domenowa po czenie do pierwszych danych synchronizacja: Sprawdź operation kind `command`, capability `integrations.write`, schema request/response, expected event `e2e_90_05_05_integrations_sync_start`, brak podwójnego efektu, prawidłowy focus po zmianie powierzchni oraz kod `INTEGRATION_FIRST_SYNC_FAILED` w kontrolowanym scenariuszu błędu.",E2E_90_05_05_synchronizacja
90.05,Połączenie do pierwszych danych,6,Dane częściowe,14-jakosc-danych-i-integralnosc/41-01-centrum-jakosci.md,/app/data-quality/centrum-jakosci,"Na powierzchni „Dane częściowe” użytkownik uruchamia `data-quality.readiness.read`. Odczyt zachowuje aktualny route, filtry i focus; nie emituje zdarzenia mutacji.",data-quality.readiness.read,query,e2e_90_05_06_data_quality_readiness_read,fixtures/e2e/90-05/06-dane-cz-ciowe.json,Warunek domenowy po czenie do pierwszych danych dane cz ciowe: Aktor posiada `data-quality.read`; fixture ładuje request `fixtures/api/data-quality.readiness.read.request.json` i stan domeny wymagany dla kroku 6 procesu 90.05. Poprzedni krok zakończył się potwierdzonym postcondition albo jest to punkt startowy.,"Odpowiedź `DataQualityReadinessReadResponse` ma operationId `data-quality.readiness.read`, brak ApiProblem krytycznego, a UI renderuje dane kroku „Dane częściowe” bez zamiany null na zero.","Odzyskanie kroku po czenie do pierwszych danych dane cz ciowe: `INTEGRATION_FIRST_SYNC_FAILED` dla kroku 6: zachowaj niesekretne dane formularza i route `/app/data-quality/centrum-jakosci`, pokaż correlationId oraz akcję retry tylko dla błędu oznaczonego `recoverable=true`; błąd capability kończy proces bez retry.","Reguła wznowienia po czenie do pierwszych danych dane cz ciowe: Checkpoint `E2E_90_05_06_dane-czesciowe` zapisuje zakończony step_no=6, operationId i identyfikatory zasobów z response fixture. Po wznowieniu system ponownie sprawdza `data-quality.read` i odczytuje aktualny stan; komendy nie są automatycznie odtwarzane bez tego samego idempotency key.","Po kroku „Dane częściowe” obowiązuje domenowy warunek: operacja `data-quality.readiness.read` jest widoczna w audycie, fixture response `fixtures/api/data-quality.readiness.read.response.json` przechodzi walidację schema, a następna powierzchnia „Gotowość” jest osiągalna wyłącznie zgodnie z procesem 90.05.","Asercja domenowa po czenie do pierwszych danych dane cz ciowe: Sprawdź operation kind `query`, capability `data-quality.read`, schema request/response, expected event `e2e_90_05_06_data_quality_readiness_read`, brak podwójnego efektu, prawidłowy focus po zmianie powierzchni oraz kod `INTEGRATION_FIRST_SYNC_FAILED` w kontrolowanym scenariuszu błędu.",E2E_90_05_06_dane-czesciowe
90.05,Połączenie do pierwszych danych,7,Gotowość,14-jakosc-danych-i-integralnosc/41-01-centrum-jakosci.md,/app/data-quality/centrum-jakosci,"Na powierzchni „Gotowość” użytkownik uruchamia `data-quality.readiness.read`. Odczyt zachowuje aktualny route, filtry i focus; nie emituje zdarzenia mutacji.",data-quality.readiness.read,query,e2e_90_05_07_data_quality_readiness_read,fixtures/e2e/90-05/07-gotowo.json,Warunek domenowy po czenie do pierwszych danych gotowo: Aktor posiada `data-quality.read`; fixture ładuje request `fixtures/api/data-quality.readiness.read.request.json` i stan domeny wymagany dla kroku 7 procesu 90.05. Poprzedni krok zakończył się potwierdzonym postcondition albo jest to punkt startowy.,"Odpowiedź `DataQualityReadinessReadResponse` ma operationId `data-quality.readiness.read`, brak ApiProblem krytycznego, a UI renderuje dane kroku „Gotowość” bez zamiany null na zero.","Odzyskanie kroku po czenie do pierwszych danych gotowo: `INTEGRATION_FIRST_SYNC_FAILED` dla kroku 7: zachowaj niesekretne dane formularza i route `/app/data-quality/centrum-jakosci`, pokaż correlationId oraz akcję retry tylko dla błędu oznaczonego `recoverable=true`; błąd capability kończy proces bez retry.","Reguła wznowienia po czenie do pierwszych danych gotowo: Checkpoint `E2E_90_05_07_gotowosc` zapisuje zakończony step_no=7, operationId i identyfikatory zasobów z response fixture. Po wznowieniu system ponownie sprawdza `data-quality.read` i odczytuje aktualny stan; komendy nie są automatycznie odtwarzane bez tego samego idempotency key.","Po kroku „Gotowość” obowiązuje domenowy warunek: operacja `data-quality.readiness.read` jest widoczna w audycie, fixture response `fixtures/api/data-quality.readiness.read.response.json` przechodzi walidację schema, a następna powierzchnia „stan końcowy procesu” jest osiągalna wyłącznie zgodnie z procesem 90.05.","Asercja domenowa po czenie do pierwszych danych gotowo: Sprawdź operation kind `query`, capability `data-quality.read`, schema request/response, expected event `e2e_90_05_07_data_quality_readiness_read`, brak podwójnego efektu, prawidłowy focus po zmianie powierzchni oraz kod `INTEGRATION_FIRST_SYNC_FAILED` w kontrolowanym scenariuszu błędu.",E2E_90_05_07_gotowosc
90.06,Wygasły token do ponownego połączenia,1,Alert integracji,13-integracje-i-synchronizacja/40-09-awaria-providera.md,/app/integrations/awaria-providera,"Na powierzchni „Alert integracji” użytkownik uruchamia `integrations.provider-outage.read`. Odczyt zachowuje aktualny route, filtry i focus; nie emituje zdarzenia mutacji.",integrations.provider-outage.read,query,e2e_90_06_01_integrations_provider_outage_read,fixtures/e2e/90-06/01-alert-integracji.json,Warunek domenowy wygas y token do ponownego po czenia alert integracji: Aktor posiada `integrations.read`; fixture ładuje request `fixtures/api/integrations.provider-outage.read.request.json` i stan domeny wymagany dla kroku 1 procesu 90.06. Poprzedni krok zakończył się potwierdzonym postcondition albo jest to punkt startowy.,"Odpowiedź `IntegrationsProviderOutageReadResponse` ma operationId `integrations.provider-outage.read`, brak ApiProblem krytycznego, a UI renderuje dane kroku „Alert integracji” bez zamiany null na zero.","Odzyskanie kroku wygas y token do ponownego po czenia alert integracji: `INTEGRATION_TOKEN_EXPIRED` dla kroku 1: zachowaj niesekretne dane formularza i route `/app/integrations/awaria-providera`, pokaż correlationId oraz akcję retry tylko dla błędu oznaczonego `recoverable=true`; błąd capability kończy proces bez retry.","Reguła wznowienia wygas y token do ponownego po czenia alert integracji: Checkpoint `E2E_90_06_01_alert-integracji` zapisuje zakończony step_no=1, operationId i identyfikatory zasobów z response fixture. Po wznowieniu system ponownie sprawdza `integrations.read` i odczytuje aktualny stan; komendy nie są automatycznie odtwarzane bez tego samego idempotency key.","Po kroku „Alert integracji” obowiązuje domenowy warunek: operacja `integrations.provider-outage.read` jest widoczna w audycie, fixture response `fixtures/api/integrations.provider-outage.read.response.json` przechodzi walidację schema, a następna powierzchnia „Szczegóły integracji” jest osiągalna wyłącznie zgodnie z procesem 90.06.","Asercja domenowa wygas y token do ponownego po czenia alert integracji: Sprawdź operation kind `query`, capability `integrations.read`, schema request/response, expected event `e2e_90_06_01_integrations_provider_outage_read`, brak podwójnego efektu, prawidłowy focus po zmianie powierzchni oraz kod `INTEGRATION_TOKEN_EXPIRED` w kontrolowanym scenariuszu błędu.",E2E_90_06_01_alert-integracji
90.06,Wygasły token do ponownego połączenia,2,Szczegóły integracji,13-integracje-i-synchronizacja/40-03-szczegoly-integracji.md,/app/integrations/szczegoly-integracji,"Na powierzchni „Szczegóły integracji” użytkownik uruchamia `integrations.detail.read`. Odczyt zachowuje aktualny route, filtry i focus; nie emituje zdarzenia mutacji.",integrations.detail.read,query,e2e_90_06_02_integrations_detail_read,fixtures/e2e/90-06/02-szczeg-y-integracji.json,Warunek domenowy wygas y token do ponownego po czenia szczeg y integracji: Aktor posiada `integrations.read`; fixture ładuje request `fixtures/api/integrations.detail.read.request.json` i stan domeny wymagany dla kroku 2 procesu 90.06. Poprzedni krok zakończył się potwierdzonym postcondition albo jest to punkt startowy.,"Odpowiedź `IntegrationsDetailReadResponse` ma operationId `integrations.detail.read`, brak ApiProblem krytycznego, a UI renderuje dane kroku „Szczegóły integracji” bez zamiany null na zero.","Odzyskanie kroku wygas y token do ponownego po czenia szczeg y integracji: `INTEGRATION_TOKEN_EXPIRED` dla kroku 2: zachowaj niesekretne dane formularza i route `/app/integrations/szczegoly-integracji`, pokaż correlationId oraz akcję retry tylko dla błędu oznaczonego `recoverable=true`; błąd capability kończy proces bez retry.","Reguła wznowienia wygas y token do ponownego po czenia szczeg y integracji: Checkpoint `E2E_90_06_02_szczegoly-integracji` zapisuje zakończony step_no=2, operationId i identyfikatory zasobów z response fixture. Po wznowieniu system ponownie sprawdza `integrations.read` i odczytuje aktualny stan; komendy nie są automatycznie odtwarzane bez tego samego idempotency key.","Po kroku „Szczegóły integracji” obowiązuje domenowy warunek: operacja `integrations.detail.read` jest widoczna w audycie, fixture response `fixtures/api/integrations.detail.read.response.json` przechodzi walidację schema, a następna powierzchnia „Ponowne połączenie” jest osiągalna wyłącznie zgodnie z procesem 90.06.","Asercja domenowa wygas y token do ponownego po czenia szczeg y integracji: Sprawdź operation kind `query`, capability `integrations.read`, schema request/response, expected event `e2e_90_06_02_integrations_detail_read`, brak podwójnego efektu, prawidłowy focus po zmianie powierzchni oraz kod `INTEGRATION_TOKEN_EXPIRED` w kontrolowanym scenariuszu błędu.",E2E_90_06_02_szczegoly-integracji
90.06,Wygasły token do ponownego połączenia,3,Ponowne połączenie,13-integracje-i-synchronizacja/40-07-ponowne-polaczenie.md,/app/integrations/ponowne-polaczenie,Na powierzchni „Ponowne połączenie” użytkownik uruchamia `integrations.reconnect.start`. Formularz blokuje submit do czasu walidacji; mutacja przekazuje idempotency key i po powodzeniu blokuje ponowne kliknięcie.,integrations.reconnect.start,command,e2e_90_06_03_integrations_reconnect_start,fixtures/e2e/90-06/03-ponowne-po-czenie.json,Warunek domenowy wygas y token do ponownego po czenia ponowne po czenie: Aktor posiada `integrations.write`; fixture ładuje request `fixtures/api/integrations.reconnect.start.request.json` i stan domeny wymagany dla kroku 3 procesu 90.06. Poprzedni krok zakończył się potwierdzonym postcondition albo jest to punkt startowy.,"Komenda zwraca applied/queued, audit event zawiera `integrations.reconnect.start`, a odczyt potwierdzający pokazuje zmianę wymaganą przed krokiem „Ponowne uwierzytelnienie”.","Odzyskanie kroku wygas y token do ponownego po czenia ponowne po czenie: `INTEGRATION_TOKEN_EXPIRED` dla kroku 3: zachowaj niesekretne dane formularza i route `/app/integrations/ponowne-polaczenie`, pokaż correlationId oraz akcję retry tylko dla błędu oznaczonego `recoverable=true`; błąd capability kończy proces bez retry.","Reguła wznowienia wygas y token do ponownego po czenia ponowne po czenie: Checkpoint `E2E_90_06_03_ponowne-polaczenie` zapisuje zakończony step_no=3, operationId i identyfikatory zasobów z response fixture. Po wznowieniu system ponownie sprawdza `integrations.write` i odczytuje aktualny stan; komendy nie są automatycznie odtwarzane bez tego samego idempotency key.","Po kroku „Ponowne połączenie” obowiązuje domenowy warunek: operacja `integrations.reconnect.start` jest widoczna w audycie, fixture response `fixtures/api/integrations.reconnect.start.response.json` przechodzi walidację schema, a następna powierzchnia „Ponowne uwierzytelnienie” jest osiągalna wyłącznie zgodnie z procesem 90.06.","Asercja domenowa wygas y token do ponownego po czenia ponowne po czenie: Sprawdź operation kind `command`, capability `integrations.write`, schema request/response, expected event `e2e_90_06_03_integrations_reconnect_start`, brak podwójnego efektu, prawidłowy focus po zmianie powierzchni oraz kod `INTEGRATION_TOKEN_EXPIRED` w kontrolowanym scenariuszu błędu.",E2E_90_06_03_ponowne-polaczenie
90.06,Wygasły token do ponownego połączenia,4,Ponowne uwierzytelnienie,03-dostep-rejestracja-onboarding/powierzchnie-auth/auth-24-ponowne-uwierzytelnienie.md,/auth/reauthenticate,Na powierzchni „Ponowne uwierzytelnienie” użytkownik uruchamia `auth.reauthenticate`. Formularz blokuje submit do czasu walidacji; mutacja przekazuje idempotency key i po powodzeniu blokuje ponowne kliknięcie.,auth.reauthenticate,command,e2e_90_06_04_auth_reauthenticate,fixtures/e2e/90-06/04-ponowne-uwierzytelnienie.json,Warunek domenowy wygas y token do ponownego po czenia ponowne uwierzytelnienie: Aktor posiada `auth.write`; fixture ładuje request `fixtures/api/auth.reauthenticate.request.json` i stan domeny wymagany dla kroku 4 procesu 90.06. Poprzedni krok zakończył się potwierdzonym postcondition albo jest to punkt startowy.,"Komenda zwraca applied/queued, audit event zawiera `auth.reauthenticate`, a odczyt potwierdzający pokazuje zmianę wymaganą przed krokiem „Wznowienie synchronizacji”.","Odzyskanie kroku wygas y token do ponownego po czenia ponowne uwierzytelnienie: `INTEGRATION_TOKEN_EXPIRED` dla kroku 4: zachowaj niesekretne dane formularza i route `/auth/reauthenticate`, pokaż correlationId oraz akcję retry tylko dla błędu oznaczonego `recoverable=true`; błąd capability kończy proces bez retry.","Reguła wznowienia wygas y token do ponownego po czenia ponowne uwierzytelnienie: Checkpoint `E2E_90_06_04_ponowne-uwierzytelnienie` zapisuje zakończony step_no=4, operationId i identyfikatory zasobów z response fixture. Po wznowieniu system ponownie sprawdza `auth.write` i odczytuje aktualny stan; komendy nie są automatycznie odtwarzane bez tego samego idempotency key.","Po kroku „Ponowne uwierzytelnienie” obowiązuje domenowy warunek: operacja `auth.reauthenticate` jest widoczna w audycie, fixture response `fixtures/api/auth.reauthenticate.response.json` przechodzi walidację schema, a następna powierzchnia „Wznowienie synchronizacji” jest osiągalna wyłącznie zgodnie z procesem 90.06.","Asercja domenowa wygas y token do ponownego po czenia ponowne uwierzytelnienie: Sprawdź operation kind `command`, capability `auth.write`, schema request/response, expected event `e2e_90_06_04_auth_reauthenticate`, brak podwójnego efektu, prawidłowy focus po zmianie powierzchni oraz kod `INTEGRATION_TOKEN_EXPIRED` w kontrolowanym scenariuszu błędu.",E2E_90_06_04_ponowne-uwierzytelnienie
90.06,Wygasły token do ponownego połączenia,5,Wznowienie synchronizacji,13-integracje-i-synchronizacja/40-05-przebieg-synchronizacji.md,/app/integrations/przebieg-synchronizacji,Na powierzchni „Wznowienie synchronizacji” użytkownik uruchamia `integrations.sync.resume`. Formularz blokuje submit do czasu walidacji; mutacja przekazuje idempotency key i po powodzeniu blokuje ponowne kliknięcie.,integrations.sync.resume,command,e2e_90_06_05_integrations_sync_resume,fixtures/e2e/90-06/05-wznowienie-synchronizacji.json,Warunek domenowy wygas y token do ponownego po czenia wznowienie synchronizacji: Aktor posiada `integrations.write`; fixture ładuje request `fixtures/api/integrations.sync.resume.request.json` i stan domeny wymagany dla kroku 5 procesu 90.06. Poprzedni krok zakończył się potwierdzonym postcondition albo jest to punkt startowy.,"Komenda zwraca applied/queued, audit event zawiera `integrations.sync.resume`, a odczyt potwierdzający pokazuje zmianę wymaganą przed krokiem „Potwierdzenie”.","Odzyskanie kroku wygas y token do ponownego po czenia wznowienie synchronizacji: `INTEGRATION_TOKEN_EXPIRED` dla kroku 5: zachowaj niesekretne dane formularza i route `/app/integrations/przebieg-synchronizacji`, pokaż correlationId oraz akcję retry tylko dla błędu oznaczonego `recoverable=true`; błąd capability kończy proces bez retry.","Reguła wznowienia wygas y token do ponownego po czenia wznowienie synchronizacji: Checkpoint `E2E_90_06_05_wznowienie-synchronizacji` zapisuje zakończony step_no=5, operationId i identyfikatory zasobów z response fixture. Po wznowieniu system ponownie sprawdza `integrations.write` i odczytuje aktualny stan; komendy nie są automatycznie odtwarzane bez tego samego idempotency key.","Po kroku „Wznowienie synchronizacji” obowiązuje domenowy warunek: operacja `integrations.sync.resume` jest widoczna w audycie, fixture response `fixtures/api/integrations.sync.resume.response.json` przechodzi walidację schema, a następna powierzchnia „Potwierdzenie” jest osiągalna wyłącznie zgodnie z procesem 90.06.","Asercja domenowa wygas y token do ponownego po czenia wznowienie synchronizacji: Sprawdź operation kind `command`, capability `integrations.write`, schema request/response, expected event `e2e_90_06_05_integrations_sync_resume`, brak podwójnego efektu, prawidłowy focus po zmianie powierzchni oraz kod `INTEGRATION_TOKEN_EXPIRED` w kontrolowanym scenariuszu błędu.",E2E_90_06_05_wznowienie-synchronizacji
90.06,Wygasły token do ponownego połączenia,6,Potwierdzenie,13-integracje-i-synchronizacja/40-04-historia-synchronizacji.md,/app/integrations/historia-synchronizacji,"Na powierzchni „Potwierdzenie” użytkownik uruchamia `integrations.sync-history.read`. Odczyt zachowuje aktualny route, filtry i focus; nie emituje zdarzenia mutacji.",integrations.sync-history.read,query,e2e_90_06_06_integrations_sync_history_read,fixtures/e2e/90-06/06-potwierdzenie.json,Warunek domenowy wygas y token do ponownego po czenia potwierdzenie: Aktor posiada `integrations.read`; fixture ładuje request `fixtures/api/integrations.sync-history.read.request.json` i stan domeny wymagany dla kroku 6 procesu 90.06. Poprzedni krok zakończył się potwierdzonym postcondition albo jest to punkt startowy.,"Odpowiedź `IntegrationsSyncHistoryReadResponse` ma operationId `integrations.sync-history.read`, brak ApiProblem krytycznego, a UI renderuje dane kroku „Potwierdzenie” bez zamiany null na zero.","Odzyskanie kroku wygas y token do ponownego po czenia potwierdzenie: `INTEGRATION_TOKEN_EXPIRED` dla kroku 6: zachowaj niesekretne dane formularza i route `/app/integrations/historia-synchronizacji`, pokaż correlationId oraz akcję retry tylko dla błędu oznaczonego `recoverable=true`; błąd capability kończy proces bez retry.","Reguła wznowienia wygas y token do ponownego po czenia potwierdzenie: Checkpoint `E2E_90_06_06_potwierdzenie` zapisuje zakończony step_no=6, operationId i identyfikatory zasobów z response fixture. Po wznowieniu system ponownie sprawdza `integrations.read` i odczytuje aktualny stan; komendy nie są automatycznie odtwarzane bez tego samego idempotency key.","Po kroku „Potwierdzenie” obowiązuje domenowy warunek: operacja `integrations.sync-history.read` jest widoczna w audycie, fixture response `fixtures/api/integrations.sync-history.read.response.json` przechodzi walidację schema, a następna powierzchnia „stan końcowy procesu” jest osiągalna wyłącznie zgodnie z procesem 90.06.","Asercja domenowa wygas y token do ponownego po czenia potwierdzenie: Sprawdź operation kind `query`, capability `integrations.read`, schema request/response, expected event `e2e_90_06_06_integrations_sync_history_read`, brak podwójnego efektu, prawidłowy focus po zmianie powierzchni oraz kod `INTEGRATION_TOKEN_EXPIRED` w kontrolowanym scenariuszu błędu.",E2E_90_06_06_potwierdzenie
90.07,Problem danych do readiness,1,Status danych,14-jakosc-danych-i-integralnosc/41-01-centrum-jakosci.md,/app/data-quality/centrum-jakosci,"Na powierzchni „Status danych” użytkownik uruchamia `data-quality.readiness.read`. Odczyt zachowuje aktualny route, filtry i focus; nie emituje zdarzenia mutacji.",data-quality.readiness.read,query,e2e_90_07_01_data_quality_readiness_read,fixtures/e2e/90-07/01-status-danych.json,Warunek domenowy problem danych do readiness status danych: Aktor posiada `data-quality.read`; fixture ładuje request `fixtures/api/data-quality.readiness.read.request.json` i stan domeny wymagany dla kroku 1 procesu 90.07. Poprzedni krok zakończył się potwierdzonym postcondition albo jest to punkt startowy.,"Odpowiedź `DataQualityReadinessReadResponse` ma operationId `data-quality.readiness.read`, brak ApiProblem krytycznego, a UI renderuje dane kroku „Status danych” bez zamiany null na zero.","Odzyskanie kroku problem danych do readiness status danych: `DATA_READINESS_BLOCKED` dla kroku 1: zachowaj niesekretne dane formularza i route `/app/data-quality/centrum-jakosci`, pokaż correlationId oraz akcję retry tylko dla błędu oznaczonego `recoverable=true`; błąd capability kończy proces bez retry.","Reguła wznowienia problem danych do readiness status danych: Checkpoint `E2E_90_07_01_status-danych` zapisuje zakończony step_no=1, operationId i identyfikatory zasobów z response fixture. Po wznowieniu system ponownie sprawdza `data-quality.read` i odczytuje aktualny stan; komendy nie są automatycznie odtwarzane bez tego samego idempotency key.","Po kroku „Status danych” obowiązuje domenowy warunek: operacja `data-quality.readiness.read` jest widoczna w audycie, fixture response `fixtures/api/data-quality.readiness.read.response.json` przechodzi walidację schema, a następna powierzchnia „Problem jakości” jest osiągalna wyłącznie zgodnie z procesem 90.07.","Asercja domenowa problem danych do readiness status danych: Sprawdź operation kind `query`, capability `data-quality.read`, schema request/response, expected event `e2e_90_07_01_data_quality_readiness_read`, brak podwójnego efektu, prawidłowy focus po zmianie powierzchni oraz kod `DATA_READINESS_BLOCKED` w kontrolowanym scenariuszu błędu.",E2E_90_07_01_status-danych
90.07,Problem danych do readiness,2,Problem jakości,14-jakosc-danych-i-integralnosc/41-06-konflikty.md,/app/data-quality/konflikty,"Na powierzchni „Problem jakości” użytkownik uruchamia `data-quality.conflicts.read`. Odczyt zachowuje aktualny route, filtry i focus; nie emituje zdarzenia mutacji.",data-quality.conflicts.read,query,e2e_90_07_02_data_quality_conflicts_read,fixtures/e2e/90-07/02-problem-jako-ci.json,Warunek domenowy problem danych do readiness problem jako ci: Aktor posiada `data-quality.read`; fixture ładuje request `fixtures/api/data-quality.conflicts.read.request.json` i stan domeny wymagany dla kroku 2 procesu 90.07. Poprzedni krok zakończył się potwierdzonym postcondition albo jest to punkt startowy.,"Odpowiedź `DataQualityConflictsReadResponse` ma operationId `data-quality.conflicts.read`, brak ApiProblem krytycznego, a UI renderuje dane kroku „Problem jakości” bez zamiany null na zero.","Odzyskanie kroku problem danych do readiness problem jako ci: `DATA_READINESS_BLOCKED` dla kroku 2: zachowaj niesekretne dane formularza i route `/app/data-quality/konflikty`, pokaż correlationId oraz akcję retry tylko dla błędu oznaczonego `recoverable=true`; błąd capability kończy proces bez retry.","Reguła wznowienia problem danych do readiness problem jako ci: Checkpoint `E2E_90_07_02_problem-jakosci` zapisuje zakończony step_no=2, operationId i identyfikatory zasobów z response fixture. Po wznowieniu system ponownie sprawdza `data-quality.read` i odczytuje aktualny stan; komendy nie są automatycznie odtwarzane bez tego samego idempotency key.","Po kroku „Problem jakości” obowiązuje domenowy warunek: operacja `data-quality.conflicts.read` jest widoczna w audycie, fixture response `fixtures/api/data-quality.conflicts.read.response.json` przechodzi walidację schema, a następna powierzchnia „Lineage” jest osiągalna wyłącznie zgodnie z procesem 90.07.","Asercja domenowa problem danych do readiness problem jako ci: Sprawdź operation kind `query`, capability `data-quality.read`, schema request/response, expected event `e2e_90_07_02_data_quality_conflicts_read`, brak podwójnego efektu, prawidłowy focus po zmianie powierzchni oraz kod `DATA_READINESS_BLOCKED` w kontrolowanym scenariuszu błędu.",E2E_90_07_02_problem-jakosci
90.07,Problem danych do readiness,3,Lineage,14-jakosc-danych-i-integralnosc/41-03-pochodzenie-danych.md,/app/data-quality/pochodzenie-danych,"Na powierzchni „Lineage” użytkownik uruchamia `data-quality.lineage.read`. Odczyt zachowuje aktualny route, filtry i focus; nie emituje zdarzenia mutacji.",data-quality.lineage.read,query,e2e_90_07_03_data_quality_lineage_read,fixtures/e2e/90-07/03-lineage.json,Warunek domenowy problem danych do readiness lineage: Aktor posiada `data-quality.read`; fixture ładuje request `fixtures/api/data-quality.lineage.read.request.json` i stan domeny wymagany dla kroku 3 procesu 90.07. Poprzedni krok zakończył się potwierdzonym postcondition albo jest to punkt startowy.,"Odpowiedź `DataQualityLineageReadResponse` ma operationId `data-quality.lineage.read`, brak ApiProblem krytycznego, a UI renderuje dane kroku „Lineage” bez zamiany null na zero.","Odzyskanie kroku problem danych do readiness lineage: `DATA_READINESS_BLOCKED` dla kroku 3: zachowaj niesekretne dane formularza i route `/app/data-quality/pochodzenie-danych`, pokaż correlationId oraz akcję retry tylko dla błędu oznaczonego `recoverable=true`; błąd capability kończy proces bez retry.","Reguła wznowienia problem danych do readiness lineage: Checkpoint `E2E_90_07_03_lineage` zapisuje zakończony step_no=3, operationId i identyfikatory zasobów z response fixture. Po wznowieniu system ponownie sprawdza `data-quality.read` i odczytuje aktualny stan; komendy nie są automatycznie odtwarzane bez tego samego idempotency key.","Po kroku „Lineage” obowiązuje domenowy warunek: operacja `data-quality.lineage.read` jest widoczna w audycie, fixture response `fixtures/api/data-quality.lineage.read.response.json` przechodzi walidację schema, a następna powierzchnia „Nadrzędność źródła” jest osiągalna wyłącznie zgodnie z procesem 90.07.","Asercja domenowa problem danych do readiness lineage: Sprawdź operation kind `query`, capability `data-quality.read`, schema request/response, expected event `e2e_90_07_03_data_quality_lineage_read`, brak podwójnego efektu, prawidłowy focus po zmianie powierzchni oraz kod `DATA_READINESS_BLOCKED` w kontrolowanym scenariuszu błędu.",E2E_90_07_03_lineage
90.07,Problem danych do readiness,4,Nadrzędność źródła,14-jakosc-danych-i-integralnosc/41-05-nadrzednosc-zrodla.md,/app/data-quality/nadrzednosc-zrodla,"Na powierzchni „Nadrzędność źródła” użytkownik uruchamia `data-quality.source-priority.read`. Odczyt zachowuje aktualny route, filtry i focus; nie emituje zdarzenia mutacji.",data-quality.source-priority.read,query,e2e_90_07_04_data_quality_source_priority_read,fixtures/e2e/90-07/04-nadrz-dno-r-d-a.json,Warunek domenowy problem danych do readiness nadrz dno r d a: Aktor posiada `data-quality.read`; fixture ładuje request `fixtures/api/data-quality.source-priority.read.request.json` i stan domeny wymagany dla kroku 4 procesu 90.07. Poprzedni krok zakończył się potwierdzonym postcondition albo jest to punkt startowy.,"Odpowiedź `DataQualitySourcePriorityReadResponse` ma operationId `data-quality.source-priority.read`, brak ApiProblem krytycznego, a UI renderuje dane kroku „Nadrzędność źródła” bez zamiany null na zero.","Odzyskanie kroku problem danych do readiness nadrz dno r d a: `DATA_READINESS_BLOCKED` dla kroku 4: zachowaj niesekretne dane formularza i route `/app/data-quality/nadrzednosc-zrodla`, pokaż correlationId oraz akcję retry tylko dla błędu oznaczonego `recoverable=true`; błąd capability kończy proces bez retry.","Reguła wznowienia problem danych do readiness nadrz dno r d a: Checkpoint `E2E_90_07_04_nadrzednosc-zrodla` zapisuje zakończony step_no=4, operationId i identyfikatory zasobów z response fixture. Po wznowieniu system ponownie sprawdza `data-quality.read` i odczytuje aktualny stan; komendy nie są automatycznie odtwarzane bez tego samego idempotency key.","Po kroku „Nadrzędność źródła” obowiązuje domenowy warunek: operacja `data-quality.source-priority.read` jest widoczna w audycie, fixture response `fixtures/api/data-quality.source-priority.read.response.json` przechodzi walidację schema, a następna powierzchnia „Przegląd ręczny” jest osiągalna wyłącznie zgodnie z procesem 90.07.","Asercja domenowa problem danych do readiness nadrz dno r d a: Sprawdź operation kind `query`, capability `data-quality.read`, schema request/response, expected event `e2e_90_07_04_data_quality_source_priority_read`, brak podwójnego efektu, prawidłowy focus po zmianie powierzchni oraz kod `DATA_READINESS_BLOCKED` w kontrolowanym scenariuszu błędu.",E2E_90_07_04_nadrzednosc-zrodla
90.07,Problem danych do readiness,5,Przegląd ręczny,14-jakosc-danych-i-integralnosc/41-07-przeglad-reczny.md,/app/data-quality/przeglad-reczny,Na powierzchni „Przegląd ręczny” użytkownik uruchamia `data-quality.manual-review.submit`. Formularz blokuje submit do czasu walidacji; mutacja przekazuje idempotency key i po powodzeniu blokuje ponowne kliknięcie.,data-quality.manual-review.submit,command,e2e_90_07_05_data_quality_manual_review_submit,fixtures/e2e/90-07/05-przegl-d-r-czny.json,Warunek domenowy problem danych do readiness przegl d r czny: Aktor posiada `data-quality.write`; fixture ładuje request `fixtures/api/data-quality.manual-review.submit.request.json` i stan domeny wymagany dla kroku 5 procesu 90.07. Poprzedni krok zakończył się potwierdzonym postcondition albo jest to punkt startowy.,"Komenda zwraca applied/queued, audit event zawiera `data-quality.manual-review.submit`, a odczyt potwierdzający pokazuje zmianę wymaganą przed krokiem „Ponowne przetwarzanie”.","Odzyskanie kroku problem danych do readiness przegl d r czny: `DATA_READINESS_BLOCKED` dla kroku 5: zachowaj niesekretne dane formularza i route `/app/data-quality/przeglad-reczny`, pokaż correlationId oraz akcję retry tylko dla błędu oznaczonego `recoverable=true`; błąd capability kończy proces bez retry.","Reguła wznowienia problem danych do readiness przegl d r czny: Checkpoint `E2E_90_07_05_przeglad-reczny` zapisuje zakończony step_no=5, operationId i identyfikatory zasobów z response fixture. Po wznowieniu system ponownie sprawdza `data-quality.write` i odczytuje aktualny stan; komendy nie są automatycznie odtwarzane bez tego samego idempotency key.","Po kroku „Przegląd ręczny” obowiązuje domenowy warunek: operacja `data-quality.manual-review.submit` jest widoczna w audycie, fixture response `fixtures/api/data-quality.manual-review.submit.response.json` przechodzi walidację schema, a następna powierzchnia „Ponowne przetwarzanie” jest osiągalna wyłącznie zgodnie z procesem 90.07.","Asercja domenowa problem danych do readiness przegl d r czny: Sprawdź operation kind `command`, capability `data-quality.write`, schema request/response, expected event `e2e_90_07_05_data_quality_manual_review_submit`, brak podwójnego efektu, prawidłowy focus po zmianie powierzchni oraz kod `DATA_READINESS_BLOCKED` w kontrolowanym scenariuszu błędu.",E2E_90_07_05_przeglad-reczny
90.07,Problem danych do readiness,6,Ponowne przetwarzanie,14-jakosc-danych-i-integralnosc/41-08-ponowne-przetwarzanie.md,/app/data-quality/ponowne-przetwarzanie,Na powierzchni „Ponowne przetwarzanie” użytkownik uruchamia `data-quality.reprocess.start`. Formularz blokuje submit do czasu walidacji; mutacja przekazuje idempotency key i po powodzeniu blokuje ponowne kliknięcie.,data-quality.reprocess.start,command,e2e_90_07_06_data_quality_reprocess_start,fixtures/e2e/90-07/06-ponowne-przetwarzanie.json,Warunek domenowy problem danych do readiness ponowne przetwarzanie: Aktor posiada `data-quality.write`; fixture ładuje request `fixtures/api/data-quality.reprocess.start.request.json` i stan domeny wymagany dla kroku 6 procesu 90.07. Poprzedni krok zakończył się potwierdzonym postcondition albo jest to punkt startowy.,"Komenda zwraca applied/queued, audit event zawiera `data-quality.reprocess.start`, a odczyt potwierdzający pokazuje zmianę wymaganą przed krokiem „Gotowość poprawiona”.","Odzyskanie kroku problem danych do readiness ponowne przetwarzanie: `DATA_READINESS_BLOCKED` dla kroku 6: zachowaj niesekretne dane formularza i route `/app/data-quality/ponowne-przetwarzanie`, pokaż correlationId oraz akcję retry tylko dla błędu oznaczonego `recoverable=true`; błąd capability kończy proces bez retry.","Reguła wznowienia problem danych do readiness ponowne przetwarzanie: Checkpoint `E2E_90_07_06_ponowne-przetwarzanie` zapisuje zakończony step_no=6, operationId i identyfikatory zasobów z response fixture. Po wznowieniu system ponownie sprawdza `data-quality.write` i odczytuje aktualny stan; komendy nie są automatycznie odtwarzane bez tego samego idempotency key.","Po kroku „Ponowne przetwarzanie” obowiązuje domenowy warunek: operacja `data-quality.reprocess.start` jest widoczna w audycie, fixture response `fixtures/api/data-quality.reprocess.start.response.json` przechodzi walidację schema, a następna powierzchnia „Gotowość poprawiona” jest osiągalna wyłącznie zgodnie z procesem 90.07.","Asercja domenowa problem danych do readiness ponowne przetwarzanie: Sprawdź operation kind `command`, capability `data-quality.write`, schema request/response, expected event `e2e_90_07_06_data_quality_reprocess_start`, brak podwójnego efektu, prawidłowy focus po zmianie powierzchni oraz kod `DATA_READINESS_BLOCKED` w kontrolowanym scenariuszu błędu.",E2E_90_07_06_ponowne-przetwarzanie
90.07,Problem danych do readiness,7,Gotowość poprawiona,14-jakosc-danych-i-integralnosc/41-01-centrum-jakosci.md,/app/data-quality/centrum-jakosci,"Na powierzchni „Gotowość poprawiona” użytkownik uruchamia `data-quality.readiness.read`. Odczyt zachowuje aktualny route, filtry i focus; nie emituje zdarzenia mutacji.",data-quality.readiness.read,query,e2e_90_07_07_data_quality_readiness_read,fixtures/e2e/90-07/07-gotowo-poprawiona.json,Warunek domenowy problem danych do readiness gotowo poprawiona: Aktor posiada `data-quality.read`; fixture ładuje request `fixtures/api/data-quality.readiness.read.request.json` i stan domeny wymagany dla kroku 7 procesu 90.07. Poprzedni krok zakończył się potwierdzonym postcondition albo jest to punkt startowy.,"Odpowiedź `DataQualityReadinessReadResponse` ma operationId `data-quality.readiness.read`, brak ApiProblem krytycznego, a UI renderuje dane kroku „Gotowość poprawiona” bez zamiany null na zero.","Odzyskanie kroku problem danych do readiness gotowo poprawiona: `DATA_READINESS_BLOCKED` dla kroku 7: zachowaj niesekretne dane formularza i route `/app/data-quality/centrum-jakosci`, pokaż correlationId oraz akcję retry tylko dla błędu oznaczonego `recoverable=true`; błąd capability kończy proces bez retry.","Reguła wznowienia problem danych do readiness gotowo poprawiona: Checkpoint `E2E_90_07_07_gotowosc-poprawiona` zapisuje zakończony step_no=7, operationId i identyfikatory zasobów z response fixture. Po wznowieniu system ponownie sprawdza `data-quality.read` i odczytuje aktualny stan; komendy nie są automatycznie odtwarzane bez tego samego idempotency key.","Po kroku „Gotowość poprawiona” obowiązuje domenowy warunek: operacja `data-quality.readiness.read` jest widoczna w audycie, fixture response `fixtures/api/data-quality.readiness.read.response.json` przechodzi walidację schema, a następna powierzchnia „stan końcowy procesu” jest osiągalna wyłącznie zgodnie z procesem 90.07.","Asercja domenowa problem danych do readiness gotowo poprawiona: Sprawdź operation kind `query`, capability `data-quality.read`, schema request/response, expected event `e2e_90_07_07_data_quality_readiness_read`, brak podwójnego efektu, prawidłowy focus po zmianie powierzchni oraz kod `DATA_READINESS_BLOCKED` w kontrolowanym scenariuszu błędu.",E2E_90_07_07_gotowosc-poprawiona
90.08,Produkt do ponownego przetwarzania,1,Produkt,10-produkty/33-03-szczegoly.md,/app/products/szczegoly,"Na powierzchni „Produkt” użytkownik uruchamia `products.detail.read`. Odczyt zachowuje aktualny route, filtry i focus; nie emituje zdarzenia mutacji.",products.detail.read,query,e2e_90_08_01_products_detail_read,fixtures/e2e/90-08/01-produkt.json,Warunek domenowy produkt do ponownego przetwarzania produkt: Aktor posiada `products.read`; fixture ładuje request `fixtures/api/products.detail.read.request.json` i stan domeny wymagany dla kroku 1 procesu 90.08. Poprzedni krok zakończył się potwierdzonym postcondition albo jest to punkt startowy.,"Odpowiedź `ProductsDetailReadResponse` ma operationId `products.detail.read`, brak ApiProblem krytycznego, a UI renderuje dane kroku „Produkt” bez zamiany null na zero.","Odzyskanie kroku produkt do ponownego przetwarzania produkt: `PRODUCT_REPROCESSING_FAILED` dla kroku 1: zachowaj niesekretne dane formularza i route `/app/products/szczegoly`, pokaż correlationId oraz akcję retry tylko dla błędu oznaczonego `recoverable=true`; błąd capability kończy proces bez retry.","Reguła wznowienia produkt do ponownego przetwarzania produkt: Checkpoint `E2E_90_08_01_produkt` zapisuje zakończony step_no=1, operationId i identyfikatory zasobów z response fixture. Po wznowieniu system ponownie sprawdza `products.read` i odczytuje aktualny stan; komendy nie są automatycznie odtwarzane bez tego samego idempotency key.","Po kroku „Produkt” obowiązuje domenowy warunek: operacja `products.detail.read` jest widoczna w audycie, fixture response `fixtures/api/products.detail.read.response.json` przechodzi walidację schema, a następna powierzchnia „Mapowanie” jest osiągalna wyłącznie zgodnie z procesem 90.08.","Asercja domenowa produkt do ponownego przetwarzania produkt: Sprawdź operation kind `query`, capability `products.read`, schema request/response, expected event `e2e_90_08_01_products_detail_read`, brak podwójnego efektu, prawidłowy focus po zmianie powierzchni oraz kod `PRODUCT_REPROCESSING_FAILED` w kontrolowanym scenariuszu błędu.",E2E_90_08_01_produkt
90.08,Produkt do ponownego przetwarzania,2,Mapowanie,10-produkty/33-04-mapowanie.md,/app/products/mapowanie,Na powierzchni „Mapowanie” użytkownik uruchamia `products.mapping.update`. Formularz blokuje submit do czasu walidacji; mutacja przekazuje idempotency key i po powodzeniu blokuje ponowne kliknięcie.,products.mapping.update,command,e2e_90_08_02_products_mapping_update,fixtures/e2e/90-08/02-mapowanie.json,Warunek domenowy produkt do ponownego przetwarzania mapowanie: Aktor posiada `products.write`; fixture ładuje request `fixtures/api/products.mapping.update.request.json` i stan domeny wymagany dla kroku 2 procesu 90.08. Poprzedni krok zakończył się potwierdzonym postcondition albo jest to punkt startowy.,"Komenda zwraca applied/queued, audit event zawiera `products.mapping.update`, a odczyt potwierdzający pokazuje zmianę wymaganą przed krokiem „Konflikt”.","Odzyskanie kroku produkt do ponownego przetwarzania mapowanie: `PRODUCT_REPROCESSING_FAILED` dla kroku 2: zachowaj niesekretne dane formularza i route `/app/products/mapowanie`, pokaż correlationId oraz akcję retry tylko dla błędu oznaczonego `recoverable=true`; błąd capability kończy proces bez retry.","Reguła wznowienia produkt do ponownego przetwarzania mapowanie: Checkpoint `E2E_90_08_02_mapowanie` zapisuje zakończony step_no=2, operationId i identyfikatory zasobów z response fixture. Po wznowieniu system ponownie sprawdza `products.write` i odczytuje aktualny stan; komendy nie są automatycznie odtwarzane bez tego samego idempotency key.","Po kroku „Mapowanie” obowiązuje domenowy warunek: operacja `products.mapping.update` jest widoczna w audycie, fixture response `fixtures/api/products.mapping.update.response.json` przechodzi walidację schema, a następna powierzchnia „Konflikt” jest osiągalna wyłącznie zgodnie z procesem 90.08.","Asercja domenowa produkt do ponownego przetwarzania mapowanie: Sprawdź operation kind `command`, capability `products.write`, schema request/response, expected event `e2e_90_08_02_products_mapping_update`, brak podwójnego efektu, prawidłowy focus po zmianie powierzchni oraz kod `PRODUCT_REPROCESSING_FAILED` w kontrolowanym scenariuszu błędu.",E2E_90_08_02_mapowanie
90.08,Produkt do ponownego przetwarzania,3,Konflikt,14-jakosc-danych-i-integralnosc/41-06-konflikty.md,/app/data-quality/konflikty,"Na powierzchni „Konflikt” użytkownik uruchamia `data-quality.conflicts.read`. Odczyt zachowuje aktualny route, filtry i focus; nie emituje zdarzenia mutacji.",data-quality.conflicts.read,query,e2e_90_08_03_data_quality_conflicts_read,fixtures/e2e/90-08/03-konflikt.json,Warunek domenowy produkt do ponownego przetwarzania konflikt: Aktor posiada `data-quality.read`; fixture ładuje request `fixtures/api/data-quality.conflicts.read.request.json` i stan domeny wymagany dla kroku 3 procesu 90.08. Poprzedni krok zakończył się potwierdzonym postcondition albo jest to punkt startowy.,"Odpowiedź `DataQualityConflictsReadResponse` ma operationId `data-quality.conflicts.read`, brak ApiProblem krytycznego, a UI renderuje dane kroku „Konflikt” bez zamiany null na zero.","Odzyskanie kroku produkt do ponownego przetwarzania konflikt: `PRODUCT_REPROCESSING_FAILED` dla kroku 3: zachowaj niesekretne dane formularza i route `/app/data-quality/konflikty`, pokaż correlationId oraz akcję retry tylko dla błędu oznaczonego `recoverable=true`; błąd capability kończy proces bez retry.","Reguła wznowienia produkt do ponownego przetwarzania konflikt: Checkpoint `E2E_90_08_03_konflikt` zapisuje zakończony step_no=3, operationId i identyfikatory zasobów z response fixture. Po wznowieniu system ponownie sprawdza `data-quality.read` i odczytuje aktualny stan; komendy nie są automatycznie odtwarzane bez tego samego idempotency key.","Po kroku „Konflikt” obowiązuje domenowy warunek: operacja `data-quality.conflicts.read` jest widoczna w audycie, fixture response `fixtures/api/data-quality.conflicts.read.response.json` przechodzi walidację schema, a następna powierzchnia „Przegląd ręczny” jest osiągalna wyłącznie zgodnie z procesem 90.08.","Asercja domenowa produkt do ponownego przetwarzania konflikt: Sprawdź operation kind `query`, capability `data-quality.read`, schema request/response, expected event `e2e_90_08_03_data_quality_conflicts_read`, brak podwójnego efektu, prawidłowy focus po zmianie powierzchni oraz kod `PRODUCT_REPROCESSING_FAILED` w kontrolowanym scenariuszu błędu.",E2E_90_08_03_konflikt
90.08,Produkt do ponownego przetwarzania,4,Przegląd ręczny,14-jakosc-danych-i-integralnosc/41-07-przeglad-reczny.md,/app/data-quality/przeglad-reczny,Na powierzchni „Przegląd ręczny” użytkownik uruchamia `data-quality.manual-review.submit`. Formularz blokuje submit do czasu walidacji; mutacja przekazuje idempotency key i po powodzeniu blokuje ponowne kliknięcie.,data-quality.manual-review.submit,command,e2e_90_08_04_data_quality_manual_review_submit,fixtures/e2e/90-08/04-przegl-d-r-czny.json,Warunek domenowy produkt do ponownego przetwarzania przegl d r czny: Aktor posiada `data-quality.write`; fixture ładuje request `fixtures/api/data-quality.manual-review.submit.request.json` i stan domeny wymagany dla kroku 4 procesu 90.08. Poprzedni krok zakończył się potwierdzonym postcondition albo jest to punkt startowy.,"Komenda zwraca applied/queued, audit event zawiera `data-quality.manual-review.submit`, a odczyt potwierdzający pokazuje zmianę wymaganą przed krokiem „Ponowne przetwarzanie”.","Odzyskanie kroku produkt do ponownego przetwarzania przegl d r czny: `PRODUCT_REPROCESSING_FAILED` dla kroku 4: zachowaj niesekretne dane formularza i route `/app/data-quality/przeglad-reczny`, pokaż correlationId oraz akcję retry tylko dla błędu oznaczonego `recoverable=true`; błąd capability kończy proces bez retry.","Reguła wznowienia produkt do ponownego przetwarzania przegl d r czny: Checkpoint `E2E_90_08_04_przeglad-reczny` zapisuje zakończony step_no=4, operationId i identyfikatory zasobów z response fixture. Po wznowieniu system ponownie sprawdza `data-quality.write` i odczytuje aktualny stan; komendy nie są automatycznie odtwarzane bez tego samego idempotency key.","Po kroku „Przegląd ręczny” obowiązuje domenowy warunek: operacja `data-quality.manual-review.submit` jest widoczna w audycie, fixture response `fixtures/api/data-quality.manual-review.submit.response.json` przechodzi walidację schema, a następna powierzchnia „Ponowne przetwarzanie” jest osiągalna wyłącznie zgodnie z procesem 90.08.","Asercja domenowa produkt do ponownego przetwarzania przegl d r czny: Sprawdź operation kind `command`, capability `data-quality.write`, schema request/response, expected event `e2e_90_08_04_data_quality_manual_review_submit`, brak podwójnego efektu, prawidłowy focus po zmianie powierzchni oraz kod `PRODUCT_REPROCESSING_FAILED` w kontrolowanym scenariuszu błędu.",E2E_90_08_04_przeglad-reczny
90.08,Produkt do ponownego przetwarzania,5,Ponowne przetwarzanie,14-jakosc-danych-i-integralnosc/41-08-ponowne-przetwarzanie.md,/app/data-quality/ponowne-przetwarzanie,Na powierzchni „Ponowne przetwarzanie” użytkownik uruchamia `data-quality.reprocess.start`. Formularz blokuje submit do czasu walidacji; mutacja przekazuje idempotency key i po powodzeniu blokuje ponowne kliknięcie.,data-quality.reprocess.start,command,e2e_90_08_05_data_quality_reprocess_start,fixtures/e2e/90-08/05-ponowne-przetwarzanie.json,Warunek domenowy produkt do ponownego przetwarzania ponowne przetwarzanie: Aktor posiada `data-quality.write`; fixture ładuje request `fixtures/api/data-quality.reprocess.start.request.json` i stan domeny wymagany dla kroku 5 procesu 90.08. Poprzedni krok zakończył się potwierdzonym postcondition albo jest to punkt startowy.,"Komenda zwraca applied/queued, audit event zawiera `data-quality.reprocess.start`, a odczyt potwierdzający pokazuje zmianę wymaganą przed krokiem „Rekoncyliacja”.","Odzyskanie kroku produkt do ponownego przetwarzania ponowne przetwarzanie: `PRODUCT_REPROCESSING_FAILED` dla kroku 5: zachowaj niesekretne dane formularza i route `/app/data-quality/ponowne-przetwarzanie`, pokaż correlationId oraz akcję retry tylko dla błędu oznaczonego `recoverable=true`; błąd capability kończy proces bez retry.","Reguła wznowienia produkt do ponownego przetwarzania ponowne przetwarzanie: Checkpoint `E2E_90_08_05_ponowne-przetwarzanie` zapisuje zakończony step_no=5, operationId i identyfikatory zasobów z response fixture. Po wznowieniu system ponownie sprawdza `data-quality.write` i odczytuje aktualny stan; komendy nie są automatycznie odtwarzane bez tego samego idempotency key.","Po kroku „Ponowne przetwarzanie” obowiązuje domenowy warunek: operacja `data-quality.reprocess.start` jest widoczna w audycie, fixture response `fixtures/api/data-quality.reprocess.start.response.json` przechodzi walidację schema, a następna powierzchnia „Rekoncyliacja” jest osiągalna wyłącznie zgodnie z procesem 90.08.","Asercja domenowa produkt do ponownego przetwarzania ponowne przetwarzanie: Sprawdź operation kind `command`, capability `data-quality.write`, schema request/response, expected event `e2e_90_08_05_data_quality_reprocess_start`, brak podwójnego efektu, prawidłowy focus po zmianie powierzchni oraz kod `PRODUCT_REPROCESSING_FAILED` w kontrolowanym scenariuszu błędu.",E2E_90_08_05_ponowne-przetwarzanie
90.08,Produkt do ponownego przetwarzania,6,Rekoncyliacja,14-jakosc-danych-i-integralnosc/41-09-rekoncyliacja.md,/app/data-quality/rekoncyliacja,Na powierzchni „Rekoncyliacja” użytkownik uruchamia `data-quality.reconciliation.confirm`. Formularz blokuje submit do czasu walidacji; mutacja przekazuje idempotency key i po powodzeniu blokuje ponowne kliknięcie.,data-quality.reconciliation.confirm,command,e2e_90_08_06_data_quality_reconciliation_confirm,fixtures/e2e/90-08/06-rekoncyliacja.json,Warunek domenowy produkt do ponownego przetwarzania rekoncyliacja: Aktor posiada `data-quality.write`; fixture ładuje request `fixtures/api/data-quality.reconciliation.confirm.request.json` i stan domeny wymagany dla kroku 6 procesu 90.08. Poprzedni krok zakończył się potwierdzonym postcondition albo jest to punkt startowy.,"Komenda zwraca applied/queued, audit event zawiera `data-quality.reconciliation.confirm`, a odczyt potwierdzający pokazuje zmianę wymaganą przed krokiem „stan końcowy procesu”.","Odzyskanie kroku produkt do ponownego przetwarzania rekoncyliacja: `PRODUCT_REPROCESSING_FAILED` dla kroku 6: zachowaj niesekretne dane formularza i route `/app/data-quality/rekoncyliacja`, pokaż correlationId oraz akcję retry tylko dla błędu oznaczonego `recoverable=true`; błąd capability kończy proces bez retry.","Reguła wznowienia produkt do ponownego przetwarzania rekoncyliacja: Checkpoint `E2E_90_08_06_rekoncyliacja` zapisuje zakończony step_no=6, operationId i identyfikatory zasobów z response fixture. Po wznowieniu system ponownie sprawdza `data-quality.write` i odczytuje aktualny stan; komendy nie są automatycznie odtwarzane bez tego samego idempotency key.","Po kroku „Rekoncyliacja” obowiązuje domenowy warunek: operacja `data-quality.reconciliation.confirm` jest widoczna w audycie, fixture response `fixtures/api/data-quality.reconciliation.confirm.response.json` przechodzi walidację schema, a następna powierzchnia „stan końcowy procesu” jest osiągalna wyłącznie zgodnie z procesem 90.08.","Asercja domenowa produkt do ponownego przetwarzania rekoncyliacja: Sprawdź operation kind `command`, capability `data-quality.write`, schema request/response, expected event `e2e_90_08_06_data_quality_reconciliation_confirm`, brak podwójnego efektu, prawidłowy focus po zmianie powierzchni oraz kod `PRODUCT_REPROCESSING_FAILED` w kontrolowanym scenariuszu błędu.",E2E_90_08_06_rekoncyliacja
90.09,Uwaga do decyzji,1,Sygnał w Centrum Dowodzenia,07-centrum-dowodzenia/30-12-sygnaly-sprzedazowe.md,/app/command-center/sygnaly-sprzedazowe,"Na powierzchni „Sygnał w Centrum Dowodzenia” użytkownik uruchamia `command-center.sales-signals.read`. Odczyt zachowuje aktualny route, filtry i focus; nie emituje zdarzenia mutacji.",command-center.sales-signals.read,query,e2e_90_09_01_command_center_sales_signals_read,fixtures/e2e/90-09/01-sygna-w-centrum-dowodzenia.json,Warunek domenowy uwaga do decyzji sygna w centrum dowodzenia: Aktor posiada `analytics.read`; fixture ładuje request `fixtures/api/command-center.sales-signals.read.request.json` i stan domeny wymagany dla kroku 1 procesu 90.09. Poprzedni krok zakończył się potwierdzonym postcondition albo jest to punkt startowy.,"Odpowiedź `CommandCenterSalesSignalsReadResponse` ma operationId `command-center.sales-signals.read`, brak ApiProblem krytycznego, a UI renderuje dane kroku „Sygnał w Centrum Dowodzenia” bez zamiany null na zero.","Odzyskanie kroku uwaga do decyzji sygna w centrum dowodzenia: `ATTENTION_DECISION_CONFLICT` dla kroku 1: zachowaj niesekretne dane formularza i route `/app/command-center/sygnaly-sprzedazowe`, pokaż correlationId oraz akcję retry tylko dla błędu oznaczonego `recoverable=true`; błąd capability kończy proces bez retry.","Reguła wznowienia uwaga do decyzji sygna w centrum dowodzenia: Checkpoint `E2E_90_09_01_sygnal-w-centrum-dowodzenia` zapisuje zakończony step_no=1, operationId i identyfikatory zasobów z response fixture. Po wznowieniu system ponownie sprawdza `analytics.read` i odczytuje aktualny stan; komendy nie są automatycznie odtwarzane bez tego samego idempotency key.","Po kroku „Sygnał w Centrum Dowodzenia” obowiązuje domenowy warunek: operacja `command-center.sales-signals.read` jest widoczna w audycie, fixture response `fixtures/api/command-center.sales-signals.read.response.json` przechodzi walidację schema, a następna powierzchnia „Kolejka uwagi” jest osiągalna wyłącznie zgodnie z procesem 90.09.","Asercja domenowa uwaga do decyzji sygna w centrum dowodzenia: Sprawdź operation kind `query`, capability `analytics.read`, schema request/response, expected event `e2e_90_09_01_command_center_sales_signals_read`, brak podwójnego efektu, prawidłowy focus po zmianie powierzchni oraz kod `ATTENTION_DECISION_CONFLICT` w kontrolowanym scenariuszu błędu.",E2E_90_09_01_sygnal-w-centrum-dowodzenia
90.09,Uwaga do decyzji,2,Kolejka uwagi,07-centrum-dowodzenia/30-02-kolejka-uwagi.md,/app/command-center/kolejka-uwagi,"Na powierzchni „Kolejka uwagi” użytkownik uruchamia `command-center.attention.queue.read`. Odczyt zachowuje aktualny route, filtry i focus; nie emituje zdarzenia mutacji.",command-center.attention.queue.read,query,e2e_90_09_02_command_center_attention_queue_read,fixtures/e2e/90-09/02-kolejka-uwagi.json,Warunek domenowy uwaga do decyzji kolejka uwagi: Aktor posiada `analytics.read`; fixture ładuje request `fixtures/api/command-center.attention.queue.read.request.json` i stan domeny wymagany dla kroku 2 procesu 90.09. Poprzedni krok zakończył się potwierdzonym postcondition albo jest to punkt startowy.,"Odpowiedź `CommandCenterAttentionQueueReadResponse` ma operationId `command-center.attention.queue.read`, brak ApiProblem krytycznego, a UI renderuje dane kroku „Kolejka uwagi” bez zamiany null na zero.","Odzyskanie kroku uwaga do decyzji kolejka uwagi: `ATTENTION_DECISION_CONFLICT` dla kroku 2: zachowaj niesekretne dane formularza i route `/app/command-center/kolejka-uwagi`, pokaż correlationId oraz akcję retry tylko dla błędu oznaczonego `recoverable=true`; błąd capability kończy proces bez retry.","Reguła wznowienia uwaga do decyzji kolejka uwagi: Checkpoint `E2E_90_09_02_kolejka-uwagi` zapisuje zakończony step_no=2, operationId i identyfikatory zasobów z response fixture. Po wznowieniu system ponownie sprawdza `analytics.read` i odczytuje aktualny stan; komendy nie są automatycznie odtwarzane bez tego samego idempotency key.","Po kroku „Kolejka uwagi” obowiązuje domenowy warunek: operacja `command-center.attention.queue.read` jest widoczna w audycie, fixture response `fixtures/api/command-center.attention.queue.read.response.json` przechodzi walidację schema, a następna powierzchnia „Dowody” jest osiągalna wyłącznie zgodnie z procesem 90.09.","Asercja domenowa uwaga do decyzji kolejka uwagi: Sprawdź operation kind `query`, capability `analytics.read`, schema request/response, expected event `e2e_90_09_02_command_center_attention_queue_read`, brak podwójnego efektu, prawidłowy focus po zmianie powierzchni oraz kod `ATTENTION_DECISION_CONFLICT` w kontrolowanym scenariuszu błędu.",E2E_90_09_02_kolejka-uwagi
90.09,Uwaga do decyzji,3,Dowody,15-papa-asystent-i-laboratorium-ai/50-06-dowody.md,/app/papa/dowody,"Na powierzchni „Dowody” użytkownik uruchamia `papa.evidence.read`. Odczyt zachowuje aktualny route, filtry i focus; nie emituje zdarzenia mutacji.",papa.evidence.read,query,e2e_90_09_03_papa_evidence_read,fixtures/e2e/90-09/03-dowody.json,Warunek domenowy uwaga do decyzji dowody: Aktor posiada `ai.read`; fixture ładuje request `fixtures/api/papa.evidence.read.request.json` i stan domeny wymagany dla kroku 3 procesu 90.09. Poprzedni krok zakończył się potwierdzonym postcondition albo jest to punkt startowy.,"Odpowiedź `PapaEvidenceReadResponse` ma operationId `papa.evidence.read`, brak ApiProblem krytycznego, a UI renderuje dane kroku „Dowody” bez zamiany null na zero.","Odzyskanie kroku uwaga do decyzji dowody: `ATTENTION_DECISION_CONFLICT` dla kroku 3: zachowaj niesekretne dane formularza i route `/app/papa/dowody`, pokaż correlationId oraz akcję retry tylko dla błędu oznaczonego `recoverable=true`; błąd capability kończy proces bez retry.","Reguła wznowienia uwaga do decyzji dowody: Checkpoint `E2E_90_09_03_dowody` zapisuje zakończony step_no=3, operationId i identyfikatory zasobów z response fixture. Po wznowieniu system ponownie sprawdza `ai.read` i odczytuje aktualny stan; komendy nie są automatycznie odtwarzane bez tego samego idempotency key.","Po kroku „Dowody” obowiązuje domenowy warunek: operacja `papa.evidence.read` jest widoczna w audycie, fixture response `fixtures/api/papa.evidence.read.response.json` przechodzi walidację schema, a następna powierzchnia „Rekomendacja Papa” jest osiągalna wyłącznie zgodnie z procesem 90.09.","Asercja domenowa uwaga do decyzji dowody: Sprawdź operation kind `query`, capability `ai.read`, schema request/response, expected event `e2e_90_09_03_papa_evidence_read`, brak podwójnego efektu, prawidłowy focus po zmianie powierzchni oraz kod `ATTENTION_DECISION_CONFLICT` w kontrolowanym scenariuszu błędu.",E2E_90_09_03_dowody
90.09,Uwaga do decyzji,4,Rekomendacja Papa,15-papa-asystent-i-laboratorium-ai/50-11-propozycje-ai.md,/app/papa/propozycje-ai,"Na powierzchni „Rekomendacja Papa” użytkownik uruchamia `decisions.recommendation.read`. Odczyt zachowuje aktualny route, filtry i focus; nie emituje zdarzenia mutacji.",decisions.recommendation.read,query,e2e_90_09_04_decisions_recommendation_read,fixtures/e2e/90-09/04-rekomendacja-papa.json,Warunek domenowy uwaga do decyzji rekomendacja papa: Aktor posiada `decisions.read`; fixture ładuje request `fixtures/api/decisions.recommendation.read.request.json` i stan domeny wymagany dla kroku 4 procesu 90.09. Poprzedni krok zakończył się potwierdzonym postcondition albo jest to punkt startowy.,"Odpowiedź `DecisionsRecommendationReadResponse` ma operationId `decisions.recommendation.read`, brak ApiProblem krytycznego, a UI renderuje dane kroku „Rekomendacja Papa” bez zamiany null na zero.","Odzyskanie kroku uwaga do decyzji rekomendacja papa: `ATTENTION_DECISION_CONFLICT` dla kroku 4: zachowaj niesekretne dane formularza i route `/app/papa/propozycje-ai`, pokaż correlationId oraz akcję retry tylko dla błędu oznaczonego `recoverable=true`; błąd capability kończy proces bez retry.","Reguła wznowienia uwaga do decyzji rekomendacja papa: Checkpoint `E2E_90_09_04_rekomendacja-papa` zapisuje zakończony step_no=4, operationId i identyfikatory zasobów z response fixture. Po wznowieniu system ponownie sprawdza `decisions.read` i odczytuje aktualny stan; komendy nie są automatycznie odtwarzane bez tego samego idempotency key.","Po kroku „Rekomendacja Papa” obowiązuje domenowy warunek: operacja `decisions.recommendation.read` jest widoczna w audycie, fixture response `fixtures/api/decisions.recommendation.read.response.json` przechodzi walidację schema, a następna powierzchnia „Decyzja” jest osiągalna wyłącznie zgodnie z procesem 90.09.","Asercja domenowa uwaga do decyzji rekomendacja papa: Sprawdź operation kind `query`, capability `decisions.read`, schema request/response, expected event `e2e_90_09_04_decisions_recommendation_read`, brak podwójnego efektu, prawidłowy focus po zmianie powierzchni oraz kod `ATTENTION_DECISION_CONFLICT` w kontrolowanym scenariuszu błędu.",E2E_90_09_04_rekomendacja-papa
90.09,Uwaga do decyzji,5,Decyzja,18-wsparcie-marketingowe-decyzje-dzialania/80-04-rejestr-decyzji.md,/app/decisions/rejestr-decyzji,Na powierzchni „Decyzja” użytkownik uruchamia `decisions.decision.record`. Formularz blokuje submit do czasu walidacji; mutacja przekazuje idempotency key i po powodzeniu blokuje ponowne kliknięcie.,decisions.decision.record,command,e2e_90_09_05_decisions_decision_record,fixtures/e2e/90-09/05-decyzja.json,Warunek domenowy uwaga do decyzji decyzja: Aktor posiada `decisions.write`; fixture ładuje request `fixtures/api/decisions.decision.record.request.json` i stan domeny wymagany dla kroku 5 procesu 90.09. Poprzedni krok zakończył się potwierdzonym postcondition albo jest to punkt startowy.,"Komenda zwraca applied/queued, audit event zawiera `decisions.decision.record`, a odczyt potwierdzający pokazuje zmianę wymaganą przed krokiem „Pomiar”.","Odzyskanie kroku uwaga do decyzji decyzja: `ATTENTION_DECISION_CONFLICT` dla kroku 5: zachowaj niesekretne dane formularza i route `/app/decisions/rejestr-decyzji`, pokaż correlationId oraz akcję retry tylko dla błędu oznaczonego `recoverable=true`; błąd capability kończy proces bez retry.","Reguła wznowienia uwaga do decyzji decyzja: Checkpoint `E2E_90_09_05_decyzja` zapisuje zakończony step_no=5, operationId i identyfikatory zasobów z response fixture. Po wznowieniu system ponownie sprawdza `decisions.write` i odczytuje aktualny stan; komendy nie są automatycznie odtwarzane bez tego samego idempotency key.","Po kroku „Decyzja” obowiązuje domenowy warunek: operacja `decisions.decision.record` jest widoczna w audycie, fixture response `fixtures/api/decisions.decision.record.response.json` przechodzi walidację schema, a następna powierzchnia „Pomiar” jest osiągalna wyłącznie zgodnie z procesem 90.09.","Asercja domenowa uwaga do decyzji decyzja: Sprawdź operation kind `command`, capability `decisions.write`, schema request/response, expected event `e2e_90_09_05_decisions_decision_record`, brak podwójnego efektu, prawidłowy focus po zmianie powierzchni oraz kod `ATTENTION_DECISION_CONFLICT` w kontrolowanym scenariuszu błędu.",E2E_90_09_05_decyzja
90.09,Uwaga do decyzji,6,Pomiar,18-wsparcie-marketingowe-decyzje-dzialania/80-07-pomiar.md,/app/decisions/pomiar,"Na powierzchni „Pomiar” użytkownik uruchamia `decisions.measurement.read`. Odczyt zachowuje aktualny route, filtry i focus; nie emituje zdarzenia mutacji.",decisions.measurement.read,query,e2e_90_09_06_decisions_measurement_read,fixtures/e2e/90-09/06-pomiar.json,Warunek domenowy uwaga do decyzji pomiar: Aktor posiada `decisions.read`; fixture ładuje request `fixtures/api/decisions.measurement.read.request.json` i stan domeny wymagany dla kroku 6 procesu 90.09. Poprzedni krok zakończył się potwierdzonym postcondition albo jest to punkt startowy.,"Odpowiedź `DecisionsMeasurementReadResponse` ma operationId `decisions.measurement.read`, brak ApiProblem krytycznego, a UI renderuje dane kroku „Pomiar” bez zamiany null na zero.","Odzyskanie kroku uwaga do decyzji pomiar: `ATTENTION_DECISION_CONFLICT` dla kroku 6: zachowaj niesekretne dane formularza i route `/app/decisions/pomiar`, pokaż correlationId oraz akcję retry tylko dla błędu oznaczonego `recoverable=true`; błąd capability kończy proces bez retry.","Reguła wznowienia uwaga do decyzji pomiar: Checkpoint `E2E_90_09_06_pomiar` zapisuje zakończony step_no=6, operationId i identyfikatory zasobów z response fixture. Po wznowieniu system ponownie sprawdza `decisions.read` i odczytuje aktualny stan; komendy nie są automatycznie odtwarzane bez tego samego idempotency key.","Po kroku „Pomiar” obowiązuje domenowy warunek: operacja `decisions.measurement.read` jest widoczna w audycie, fixture response `fixtures/api/decisions.measurement.read.response.json` przechodzi walidację schema, a następna powierzchnia „stan końcowy procesu” jest osiągalna wyłącznie zgodnie z procesem 90.09.","Asercja domenowa uwaga do decyzji pomiar: Sprawdź operation kind `query`, capability `decisions.read`, schema request/response, expected event `e2e_90_09_06_decisions_measurement_read`, brak podwójnego efektu, prawidłowy focus po zmianie powierzchni oraz kod `ATTENTION_DECISION_CONFLICT` w kontrolowanym scenariuszu błędu.",E2E_90_09_06_pomiar
90.10,Kampania do decyzji budżetowej,1,Kampanie,08-kampanie-platne/31-01-przeglad.md,/app/campaigns/przeglad,"Na powierzchni „Kampanie” użytkownik uruchamia `campaigns.overview.read`. Odczyt zachowuje aktualny route, filtry i focus; nie emituje zdarzenia mutacji.",campaigns.overview.read,query,e2e_90_10_01_campaigns_overview_read,fixtures/e2e/90-10/01-kampanie.json,Warunek domenowy kampania do decyzji bud etowej kampanie: Aktor posiada `campaigns.read`; fixture ładuje request `fixtures/api/campaigns.overview.read.request.json` i stan domeny wymagany dla kroku 1 procesu 90.10. Poprzedni krok zakończył się potwierdzonym postcondition albo jest to punkt startowy.,"Odpowiedź `CampaignsOverviewReadResponse` ma operationId `campaigns.overview.read`, brak ApiProblem krytycznego, a UI renderuje dane kroku „Kampanie” bez zamiany null na zero.","Odzyskanie kroku kampania do decyzji bud etowej kampanie: `BUDGET_DECISION_CONFLICT` dla kroku 1: zachowaj niesekretne dane formularza i route `/app/campaigns/przeglad`, pokaż correlationId oraz akcję retry tylko dla błędu oznaczonego `recoverable=true`; błąd capability kończy proces bez retry.","Reguła wznowienia kampania do decyzji bud etowej kampanie: Checkpoint `E2E_90_10_01_kampanie` zapisuje zakończony step_no=1, operationId i identyfikatory zasobów z response fixture. Po wznowieniu system ponownie sprawdza `campaigns.read` i odczytuje aktualny stan; komendy nie są automatycznie odtwarzane bez tego samego idempotency key.","Po kroku „Kampanie” obowiązuje domenowy warunek: operacja `campaigns.overview.read` jest widoczna w audycie, fixture response `fixtures/api/campaigns.overview.read.response.json` przechodzi walidację schema, a następna powierzchnia „Analiza ROAS” jest osiągalna wyłącznie zgodnie z procesem 90.10.","Asercja domenowa kampania do decyzji bud etowej kampanie: Sprawdź operation kind `query`, capability `campaigns.read`, schema request/response, expected event `e2e_90_10_01_campaigns_overview_read`, brak podwójnego efektu, prawidłowy focus po zmianie powierzchni oraz kod `BUDGET_DECISION_CONFLICT` w kontrolowanym scenariuszu błędu.",E2E_90_10_01_kampanie
90.10,Kampania do decyzji budżetowej,2,Analiza ROAS,08-kampanie-platne/31-04-atrybucja-i-sprzedaz.md,/app/campaigns/atrybucja-i-sprzedaz,"Na powierzchni „Analiza ROAS” użytkownik uruchamia `campaigns.attribution-sales.read`. Odczyt zachowuje aktualny route, filtry i focus; nie emituje zdarzenia mutacji.",campaigns.attribution-sales.read,query,e2e_90_10_02_campaigns_attribution_sales_read,fixtures/e2e/90-10/02-analiza-roas.json,Warunek domenowy kampania do decyzji bud etowej analiza roas: Aktor posiada `campaigns.read`; fixture ładuje request `fixtures/api/campaigns.attribution-sales.read.request.json` i stan domeny wymagany dla kroku 2 procesu 90.10. Poprzedni krok zakończył się potwierdzonym postcondition albo jest to punkt startowy.,"Odpowiedź `CampaignsAttributionSalesReadResponse` ma operationId `campaigns.attribution-sales.read`, brak ApiProblem krytycznego, a UI renderuje dane kroku „Analiza ROAS” bez zamiany null na zero.","Odzyskanie kroku kampania do decyzji bud etowej analiza roas: `BUDGET_DECISION_CONFLICT` dla kroku 2: zachowaj niesekretne dane formularza i route `/app/campaigns/atrybucja-i-sprzedaz`, pokaż correlationId oraz akcję retry tylko dla błędu oznaczonego `recoverable=true`; błąd capability kończy proces bez retry.","Reguła wznowienia kampania do decyzji bud etowej analiza roas: Checkpoint `E2E_90_10_02_analiza-roas` zapisuje zakończony step_no=2, operationId i identyfikatory zasobów z response fixture. Po wznowieniu system ponownie sprawdza `campaigns.read` i odczytuje aktualny stan; komendy nie są automatycznie odtwarzane bez tego samego idempotency key.","Po kroku „Analiza ROAS” obowiązuje domenowy warunek: operacja `campaigns.attribution-sales.read` jest widoczna w audycie, fixture response `fixtures/api/campaigns.attribution-sales.read.response.json` przechodzi walidację schema, a następna powierzchnia „Budżet” jest osiągalna wyłącznie zgodnie z procesem 90.10.","Asercja domenowa kampania do decyzji bud etowej analiza roas: Sprawdź operation kind `query`, capability `campaigns.read`, schema request/response, expected event `e2e_90_10_02_campaigns_attribution_sales_read`, brak podwójnego efektu, prawidłowy focus po zmianie powierzchni oraz kod `BUDGET_DECISION_CONFLICT` w kontrolowanym scenariuszu błędu.",E2E_90_10_02_analiza-roas
90.10,Kampania do decyzji budżetowej,3,Budżet,08-kampanie-platne/31-05-budzet.md,/app/campaigns/budzet,"Na powierzchni „Budżet” użytkownik uruchamia `campaigns.budget.read`. Odczyt zachowuje aktualny route, filtry i focus; nie emituje zdarzenia mutacji.",campaigns.budget.read,query,e2e_90_10_03_campaigns_budget_read,fixtures/e2e/90-10/03-bud-et.json,Warunek domenowy kampania do decyzji bud etowej bud et: Aktor posiada `campaigns.read`; fixture ładuje request `fixtures/api/campaigns.budget.read.request.json` i stan domeny wymagany dla kroku 3 procesu 90.10. Poprzedni krok zakończył się potwierdzonym postcondition albo jest to punkt startowy.,"Odpowiedź `CampaignsBudgetReadResponse` ma operationId `campaigns.budget.read`, brak ApiProblem krytycznego, a UI renderuje dane kroku „Budżet” bez zamiany null na zero.","Odzyskanie kroku kampania do decyzji bud etowej bud et: `BUDGET_DECISION_CONFLICT` dla kroku 3: zachowaj niesekretne dane formularza i route `/app/campaigns/budzet`, pokaż correlationId oraz akcję retry tylko dla błędu oznaczonego `recoverable=true`; błąd capability kończy proces bez retry.","Reguła wznowienia kampania do decyzji bud etowej bud et: Checkpoint `E2E_90_10_03_budzet` zapisuje zakończony step_no=3, operationId i identyfikatory zasobów z response fixture. Po wznowieniu system ponownie sprawdza `campaigns.read` i odczytuje aktualny stan; komendy nie są automatycznie odtwarzane bez tego samego idempotency key.","Po kroku „Budżet” obowiązuje domenowy warunek: operacja `campaigns.budget.read` jest widoczna w audycie, fixture response `fixtures/api/campaigns.budget.read.response.json` przechodzi walidację schema, a następna powierzchnia „Rekomendacja” jest osiągalna wyłącznie zgodnie z procesem 90.10.","Asercja domenowa kampania do decyzji bud etowej bud et: Sprawdź operation kind `query`, capability `campaigns.read`, schema request/response, expected event `e2e_90_10_03_campaigns_budget_read`, brak podwójnego efektu, prawidłowy focus po zmianie powierzchni oraz kod `BUDGET_DECISION_CONFLICT` w kontrolowanym scenariuszu błędu.",E2E_90_10_03_budzet
90.10,Kampania do decyzji budżetowej,4,Rekomendacja,08-kampanie-platne/31-07-rekomendacje-kontekst-domenowy.md,/app/campaigns/rekomendacje-kontekst-domenowy,"Na powierzchni „Rekomendacja” użytkownik uruchamia `campaigns.budget.recommendation.read`. Odczyt zachowuje aktualny route, filtry i focus; nie emituje zdarzenia mutacji.",campaigns.budget.recommendation.read,query,e2e_90_10_04_campaigns_budget_recommendation_read,fixtures/e2e/90-10/04-rekomendacja.json,Warunek domenowy kampania do decyzji bud etowej rekomendacja: Aktor posiada `campaigns.read`; fixture ładuje request `fixtures/api/campaigns.budget.recommendation.read.request.json` i stan domeny wymagany dla kroku 4 procesu 90.10. Poprzedni krok zakończył się potwierdzonym postcondition albo jest to punkt startowy.,"Odpowiedź `CampaignsBudgetRecommendationReadResponse` ma operationId `campaigns.budget.recommendation.read`, brak ApiProblem krytycznego, a UI renderuje dane kroku „Rekomendacja” bez zamiany null na zero.","Odzyskanie kroku kampania do decyzji bud etowej rekomendacja: `BUDGET_DECISION_CONFLICT` dla kroku 4: zachowaj niesekretne dane formularza i route `/app/campaigns/rekomendacje-kontekst-domenowy`, pokaż correlationId oraz akcję retry tylko dla błędu oznaczonego `recoverable=true`; błąd capability kończy proces bez retry.","Reguła wznowienia kampania do decyzji bud etowej rekomendacja: Checkpoint `E2E_90_10_04_rekomendacja` zapisuje zakończony step_no=4, operationId i identyfikatory zasobów z response fixture. Po wznowieniu system ponownie sprawdza `campaigns.read` i odczytuje aktualny stan; komendy nie są automatycznie odtwarzane bez tego samego idempotency key.","Po kroku „Rekomendacja” obowiązuje domenowy warunek: operacja `campaigns.budget.recommendation.read` jest widoczna w audycie, fixture response `fixtures/api/campaigns.budget.recommendation.read.response.json` przechodzi walidację schema, a następna powierzchnia „Zatwierdzenie” jest osiągalna wyłącznie zgodnie z procesem 90.10.","Asercja domenowa kampania do decyzji bud etowej rekomendacja: Sprawdź operation kind `query`, capability `campaigns.read`, schema request/response, expected event `e2e_90_10_04_campaigns_budget_recommendation_read`, brak podwójnego efektu, prawidłowy focus po zmianie powierzchni oraz kod `BUDGET_DECISION_CONFLICT` w kontrolowanym scenariuszu błędu.",E2E_90_10_04_rekomendacja
90.10,Kampania do decyzji budżetowej,5,Zatwierdzenie,18-wsparcie-marketingowe-decyzje-dzialania/80-04-rejestr-decyzji.md,/app/decisions/rejestr-decyzji,Na powierzchni „Zatwierdzenie” użytkownik uruchamia `decisions.decision.record`. Formularz blokuje submit do czasu walidacji; mutacja przekazuje idempotency key i po powodzeniu blokuje ponowne kliknięcie.,decisions.decision.record,command,e2e_90_10_05_decisions_decision_record,fixtures/e2e/90-10/05-zatwierdzenie.json,Warunek domenowy kampania do decyzji bud etowej zatwierdzenie: Aktor posiada `decisions.write`; fixture ładuje request `fixtures/api/decisions.decision.record.request.json` i stan domeny wymagany dla kroku 5 procesu 90.10. Poprzedni krok zakończył się potwierdzonym postcondition albo jest to punkt startowy.,"Komenda zwraca applied/queued, audit event zawiera `decisions.decision.record`, a odczyt potwierdzający pokazuje zmianę wymaganą przed krokiem „Pomiar rezultatu”.","Odzyskanie kroku kampania do decyzji bud etowej zatwierdzenie: `BUDGET_DECISION_CONFLICT` dla kroku 5: zachowaj niesekretne dane formularza i route `/app/decisions/rejestr-decyzji`, pokaż correlationId oraz akcję retry tylko dla błędu oznaczonego `recoverable=true`; błąd capability kończy proces bez retry.","Reguła wznowienia kampania do decyzji bud etowej zatwierdzenie: Checkpoint `E2E_90_10_05_zatwierdzenie` zapisuje zakończony step_no=5, operationId i identyfikatory zasobów z response fixture. Po wznowieniu system ponownie sprawdza `decisions.write` i odczytuje aktualny stan; komendy nie są automatycznie odtwarzane bez tego samego idempotency key.","Po kroku „Zatwierdzenie” obowiązuje domenowy warunek: operacja `decisions.decision.record` jest widoczna w audycie, fixture response `fixtures/api/decisions.decision.record.response.json` przechodzi walidację schema, a następna powierzchnia „Pomiar rezultatu” jest osiągalna wyłącznie zgodnie z procesem 90.10.","Asercja domenowa kampania do decyzji bud etowej zatwierdzenie: Sprawdź operation kind `command`, capability `decisions.write`, schema request/response, expected event `e2e_90_10_05_decisions_decision_record`, brak podwójnego efektu, prawidłowy focus po zmianie powierzchni oraz kod `BUDGET_DECISION_CONFLICT` w kontrolowanym scenariuszu błędu.",E2E_90_10_05_zatwierdzenie
90.10,Kampania do decyzji budżetowej,6,Pomiar rezultatu,18-wsparcie-marketingowe-decyzje-dzialania/80-07-pomiar.md,/app/decisions/pomiar,"Na powierzchni „Pomiar rezultatu” użytkownik uruchamia `decisions.measurement.read`. Odczyt zachowuje aktualny route, filtry i focus; nie emituje zdarzenia mutacji.",decisions.measurement.read,query,e2e_90_10_06_decisions_measurement_read,fixtures/e2e/90-10/06-pomiar-rezultatu.json,Warunek domenowy kampania do decyzji bud etowej pomiar rezultatu: Aktor posiada `decisions.read`; fixture ładuje request `fixtures/api/decisions.measurement.read.request.json` i stan domeny wymagany dla kroku 6 procesu 90.10. Poprzedni krok zakończył się potwierdzonym postcondition albo jest to punkt startowy.,"Odpowiedź `DecisionsMeasurementReadResponse` ma operationId `decisions.measurement.read`, brak ApiProblem krytycznego, a UI renderuje dane kroku „Pomiar rezultatu” bez zamiany null na zero.","Odzyskanie kroku kampania do decyzji bud etowej pomiar rezultatu: `BUDGET_DECISION_CONFLICT` dla kroku 6: zachowaj niesekretne dane formularza i route `/app/decisions/pomiar`, pokaż correlationId oraz akcję retry tylko dla błędu oznaczonego `recoverable=true`; błąd capability kończy proces bez retry.","Reguła wznowienia kampania do decyzji bud etowej pomiar rezultatu: Checkpoint `E2E_90_10_06_pomiar-rezultatu` zapisuje zakończony step_no=6, operationId i identyfikatory zasobów z response fixture. Po wznowieniu system ponownie sprawdza `decisions.read` i odczytuje aktualny stan; komendy nie są automatycznie odtwarzane bez tego samego idempotency key.","Po kroku „Pomiar rezultatu” obowiązuje domenowy warunek: operacja `decisions.measurement.read` jest widoczna w audycie, fixture response `fixtures/api/decisions.measurement.read.response.json` przechodzi walidację schema, a następna powierzchnia „stan końcowy procesu” jest osiągalna wyłącznie zgodnie z procesem 90.10.","Asercja domenowa kampania do decyzji bud etowej pomiar rezultatu: Sprawdź operation kind `query`, capability `decisions.read`, schema request/response, expected event `e2e_90_10_06_decisions_measurement_read`, brak podwójnego efektu, prawidłowy focus po zmianie powierzchni oraz kod `BUDGET_DECISION_CONFLICT` w kontrolowanym scenariuszu błędu.",E2E_90_10_06_pomiar-rezultatu
90.11,Segment do decyzji,1,Klienci,11-klienci/34-01-przeglad.md,/app/customers/przeglad,"Na powierzchni „Klienci” użytkownik uruchamia `customers.overview.read`. Odczyt zachowuje aktualny route, filtry i focus; nie emituje zdarzenia mutacji.",customers.overview.read,query,e2e_90_11_01_customers_overview_read,fixtures/e2e/90-11/01-klienci.json,Warunek domenowy segment do decyzji klienci: Aktor posiada `customers.read`; fixture ładuje request `fixtures/api/customers.overview.read.request.json` i stan domeny wymagany dla kroku 1 procesu 90.11. Poprzedni krok zakończył się potwierdzonym postcondition albo jest to punkt startowy.,"Odpowiedź `CustomersOverviewReadResponse` ma operationId `customers.overview.read`, brak ApiProblem krytycznego, a UI renderuje dane kroku „Klienci” bez zamiany null na zero.","Odzyskanie kroku segment do decyzji klienci: `SEGMENT_DECISION_INVALID` dla kroku 1: zachowaj niesekretne dane formularza i route `/app/customers/przeglad`, pokaż correlationId oraz akcję retry tylko dla błędu oznaczonego `recoverable=true`; błąd capability kończy proces bez retry.","Reguła wznowienia segment do decyzji klienci: Checkpoint `E2E_90_11_01_klienci` zapisuje zakończony step_no=1, operationId i identyfikatory zasobów z response fixture. Po wznowieniu system ponownie sprawdza `customers.read` i odczytuje aktualny stan; komendy nie są automatycznie odtwarzane bez tego samego idempotency key.","Po kroku „Klienci” obowiązuje domenowy warunek: operacja `customers.overview.read` jest widoczna w audycie, fixture response `fixtures/api/customers.overview.read.response.json` przechodzi walidację schema, a następna powierzchnia „Segment” jest osiągalna wyłącznie zgodnie z procesem 90.11.","Asercja domenowa segment do decyzji klienci: Sprawdź operation kind `query`, capability `customers.read`, schema request/response, expected event `e2e_90_11_01_customers_overview_read`, brak podwójnego efektu, prawidłowy focus po zmianie powierzchni oraz kod `SEGMENT_DECISION_INVALID` w kontrolowanym scenariuszu błędu.",E2E_90_11_01_klienci
90.11,Segment do decyzji,2,Segment,11-klienci/34-02-segmenty.md,/app/customers/segmenty,"Na powierzchni „Segment” użytkownik uruchamia `customers.segment.analyze`. Odczyt zachowuje aktualny route, filtry i focus; nie emituje zdarzenia mutacji.",customers.segment.analyze,query,e2e_90_11_02_customers_segment_analyze,fixtures/e2e/90-11/02-segment.json,Warunek domenowy segment do decyzji segment: Aktor posiada `customers.read`; fixture ładuje request `fixtures/api/customers.segment.analyze.request.json` i stan domeny wymagany dla kroku 2 procesu 90.11. Poprzedni krok zakończył się potwierdzonym postcondition albo jest to punkt startowy.,"Odpowiedź `CustomersSegmentAnalyzeResponse` ma operationId `customers.segment.analyze`, brak ApiProblem krytycznego, a UI renderuje dane kroku „Segment” bez zamiany null na zero.","Odzyskanie kroku segment do decyzji segment: `SEGMENT_DECISION_INVALID` dla kroku 2: zachowaj niesekretne dane formularza i route `/app/customers/segmenty`, pokaż correlationId oraz akcję retry tylko dla błędu oznaczonego `recoverable=true`; błąd capability kończy proces bez retry.","Reguła wznowienia segment do decyzji segment: Checkpoint `E2E_90_11_02_segment` zapisuje zakończony step_no=2, operationId i identyfikatory zasobów z response fixture. Po wznowieniu system ponownie sprawdza `customers.read` i odczytuje aktualny stan; komendy nie są automatycznie odtwarzane bez tego samego idempotency key.","Po kroku „Segment” obowiązuje domenowy warunek: operacja `customers.segment.analyze` jest widoczna w audycie, fixture response `fixtures/api/customers.segment.analyze.response.json` przechodzi walidację schema, a następna powierzchnia „Kohorta” jest osiągalna wyłącznie zgodnie z procesem 90.11.","Asercja domenowa segment do decyzji segment: Sprawdź operation kind `query`, capability `customers.read`, schema request/response, expected event `e2e_90_11_02_customers_segment_analyze`, brak podwójnego efektu, prawidłowy focus po zmianie powierzchni oraz kod `SEGMENT_DECISION_INVALID` w kontrolowanym scenariuszu błędu.",E2E_90_11_02_segment
90.11,Segment do decyzji,3,Kohorta,11-klienci/34-03-kohorty.md,/app/customers/kohorty,"Na powierzchni „Kohorta” użytkownik uruchamia `customers.cohorts.read`. Odczyt zachowuje aktualny route, filtry i focus; nie emituje zdarzenia mutacji.",customers.cohorts.read,query,e2e_90_11_03_customers_cohorts_read,fixtures/e2e/90-11/03-kohorta.json,Warunek domenowy segment do decyzji kohorta: Aktor posiada `customers.read`; fixture ładuje request `fixtures/api/customers.cohorts.read.request.json` i stan domeny wymagany dla kroku 3 procesu 90.11. Poprzedni krok zakończył się potwierdzonym postcondition albo jest to punkt startowy.,"Odpowiedź `CustomersCohortsReadResponse` ma operationId `customers.cohorts.read`, brak ApiProblem krytycznego, a UI renderuje dane kroku „Kohorta” bez zamiany null na zero.","Odzyskanie kroku segment do decyzji kohorta: `SEGMENT_DECISION_INVALID` dla kroku 3: zachowaj niesekretne dane formularza i route `/app/customers/kohorty`, pokaż correlationId oraz akcję retry tylko dla błędu oznaczonego `recoverable=true`; błąd capability kończy proces bez retry.","Reguła wznowienia segment do decyzji kohorta: Checkpoint `E2E_90_11_03_kohorta` zapisuje zakończony step_no=3, operationId i identyfikatory zasobów z response fixture. Po wznowieniu system ponownie sprawdza `customers.read` i odczytuje aktualny stan; komendy nie są automatycznie odtwarzane bez tego samego idempotency key.","Po kroku „Kohorta” obowiązuje domenowy warunek: operacja `customers.cohorts.read` jest widoczna w audycie, fixture response `fixtures/api/customers.cohorts.read.response.json` przechodzi walidację schema, a następna powierzchnia „Rekomendacja” jest osiągalna wyłącznie zgodnie z procesem 90.11.","Asercja domenowa segment do decyzji kohorta: Sprawdź operation kind `query`, capability `customers.read`, schema request/response, expected event `e2e_90_11_03_customers_cohorts_read`, brak podwójnego efektu, prawidłowy focus po zmianie powierzchni oraz kod `SEGMENT_DECISION_INVALID` w kontrolowanym scenariuszu błędu.",E2E_90_11_03_kohorta
90.11,Segment do decyzji,4,Rekomendacja,18-wsparcie-marketingowe-decyzje-dzialania/80-03-rekomendacje.md,/app/decisions/rekomendacje,"Na powierzchni „Rekomendacja” użytkownik uruchamia `decisions.recommendation.read`. Odczyt zachowuje aktualny route, filtry i focus; nie emituje zdarzenia mutacji.",decisions.recommendation.read,query,e2e_90_11_04_decisions_recommendation_read,fixtures/e2e/90-11/04-rekomendacja.json,Warunek domenowy segment do decyzji rekomendacja: Aktor posiada `decisions.read`; fixture ładuje request `fixtures/api/decisions.recommendation.read.request.json` i stan domeny wymagany dla kroku 4 procesu 90.11. Poprzedni krok zakończył się potwierdzonym postcondition albo jest to punkt startowy.,"Odpowiedź `DecisionsRecommendationReadResponse` ma operationId `decisions.recommendation.read`, brak ApiProblem krytycznego, a UI renderuje dane kroku „Rekomendacja” bez zamiany null na zero.","Odzyskanie kroku segment do decyzji rekomendacja: `SEGMENT_DECISION_INVALID` dla kroku 4: zachowaj niesekretne dane formularza i route `/app/decisions/rekomendacje`, pokaż correlationId oraz akcję retry tylko dla błędu oznaczonego `recoverable=true`; błąd capability kończy proces bez retry.","Reguła wznowienia segment do decyzji rekomendacja: Checkpoint `E2E_90_11_04_rekomendacja` zapisuje zakończony step_no=4, operationId i identyfikatory zasobów z response fixture. Po wznowieniu system ponownie sprawdza `decisions.read` i odczytuje aktualny stan; komendy nie są automatycznie odtwarzane bez tego samego idempotency key.","Po kroku „Rekomendacja” obowiązuje domenowy warunek: operacja `decisions.recommendation.read` jest widoczna w audycie, fixture response `fixtures/api/decisions.recommendation.read.response.json` przechodzi walidację schema, a następna powierzchnia „Decyzja” jest osiągalna wyłącznie zgodnie z procesem 90.11.","Asercja domenowa segment do decyzji rekomendacja: Sprawdź operation kind `query`, capability `decisions.read`, schema request/response, expected event `e2e_90_11_04_decisions_recommendation_read`, brak podwójnego efektu, prawidłowy focus po zmianie powierzchni oraz kod `SEGMENT_DECISION_INVALID` w kontrolowanym scenariuszu błędu.",E2E_90_11_04_rekomendacja
90.11,Segment do decyzji,5,Decyzja,18-wsparcie-marketingowe-decyzje-dzialania/80-04-rejestr-decyzji.md,/app/decisions/rejestr-decyzji,Na powierzchni „Decyzja” użytkownik uruchamia `decisions.decision.record`. Formularz blokuje submit do czasu walidacji; mutacja przekazuje idempotency key i po powodzeniu blokuje ponowne kliknięcie.,decisions.decision.record,command,e2e_90_11_05_decisions_decision_record,fixtures/e2e/90-11/05-decyzja.json,Warunek domenowy segment do decyzji decyzja: Aktor posiada `decisions.write`; fixture ładuje request `fixtures/api/decisions.decision.record.request.json` i stan domeny wymagany dla kroku 5 procesu 90.11. Poprzedni krok zakończył się potwierdzonym postcondition albo jest to punkt startowy.,"Komenda zwraca applied/queued, audit event zawiera `decisions.decision.record`, a odczyt potwierdzający pokazuje zmianę wymaganą przed krokiem „Działanie”.","Odzyskanie kroku segment do decyzji decyzja: `SEGMENT_DECISION_INVALID` dla kroku 5: zachowaj niesekretne dane formularza i route `/app/decisions/rejestr-decyzji`, pokaż correlationId oraz akcję retry tylko dla błędu oznaczonego `recoverable=true`; błąd capability kończy proces bez retry.","Reguła wznowienia segment do decyzji decyzja: Checkpoint `E2E_90_11_05_decyzja` zapisuje zakończony step_no=5, operationId i identyfikatory zasobów z response fixture. Po wznowieniu system ponownie sprawdza `decisions.write` i odczytuje aktualny stan; komendy nie są automatycznie odtwarzane bez tego samego idempotency key.","Po kroku „Decyzja” obowiązuje domenowy warunek: operacja `decisions.decision.record` jest widoczna w audycie, fixture response `fixtures/api/decisions.decision.record.response.json` przechodzi walidację schema, a następna powierzchnia „Działanie” jest osiągalna wyłącznie zgodnie z procesem 90.11.","Asercja domenowa segment do decyzji decyzja: Sprawdź operation kind `command`, capability `decisions.write`, schema request/response, expected event `e2e_90_11_05_decisions_decision_record`, brak podwójnego efektu, prawidłowy focus po zmianie powierzchni oraz kod `SEGMENT_DECISION_INVALID` w kontrolowanym scenariuszu błędu.",E2E_90_11_05_decyzja
90.11,Segment do decyzji,6,Działanie,18-wsparcie-marketingowe-decyzje-dzialania/80-05-brief-dzialania.md,/app/decisions/brief-dzialania,Na powierzchni „Działanie” użytkownik uruchamia `decisions.action.brief.create`. Formularz blokuje submit do czasu walidacji; mutacja przekazuje idempotency key i po powodzeniu blokuje ponowne kliknięcie.,decisions.action.brief.create,command,e2e_90_11_06_decisions_action_brief_create,fixtures/e2e/90-11/06-dzia-anie.json,Warunek domenowy segment do decyzji dzia anie: Aktor posiada `decisions.write`; fixture ładuje request `fixtures/api/decisions.action.brief.create.request.json` i stan domeny wymagany dla kroku 6 procesu 90.11. Poprzedni krok zakończył się potwierdzonym postcondition albo jest to punkt startowy.,"Komenda zwraca applied/queued, audit event zawiera `decisions.action.brief.create`, a odczyt potwierdzający pokazuje zmianę wymaganą przed krokiem „stan końcowy procesu”.","Odzyskanie kroku segment do decyzji dzia anie: `SEGMENT_DECISION_INVALID` dla kroku 6: zachowaj niesekretne dane formularza i route `/app/decisions/brief-dzialania`, pokaż correlationId oraz akcję retry tylko dla błędu oznaczonego `recoverable=true`; błąd capability kończy proces bez retry.","Reguła wznowienia segment do decyzji dzia anie: Checkpoint `E2E_90_11_06_dzialanie` zapisuje zakończony step_no=6, operationId i identyfikatory zasobów z response fixture. Po wznowieniu system ponownie sprawdza `decisions.write` i odczytuje aktualny stan; komendy nie są automatycznie odtwarzane bez tego samego idempotency key.","Po kroku „Działanie” obowiązuje domenowy warunek: operacja `decisions.action.brief.create` jest widoczna w audycie, fixture response `fixtures/api/decisions.action.brief.create.response.json` przechodzi walidację schema, a następna powierzchnia „stan końcowy procesu” jest osiągalna wyłącznie zgodnie z procesem 90.11.","Asercja domenowa segment do decyzji dzia anie: Sprawdź operation kind `command`, capability `decisions.write`, schema request/response, expected event `e2e_90_11_06_decisions_action_brief_create`, brak podwójnego efektu, prawidłowy focus po zmianie powierzchni oraz kod `SEGMENT_DECISION_INVALID` w kontrolowanym scenariuszu błędu.",E2E_90_11_06_dzialanie
90.12,Spadek ruchu do działania,1,Ruch,12-ruch-i-lejek/35-01-przeglad-ruchu.md,/app/traffic/przeglad-ruchu,"Na powierzchni „Ruch” użytkownik uruchamia `traffic.overview.read`. Odczyt zachowuje aktualny route, filtry i focus; nie emituje zdarzenia mutacji.",traffic.overview.read,query,e2e_90_12_01_traffic_overview_read,fixtures/e2e/90-12/01-ruch.json,Warunek domenowy spadek ruchu do dzia ania ruch: Aktor posiada `traffic.read`; fixture ładuje request `fixtures/api/traffic.overview.read.request.json` i stan domeny wymagany dla kroku 1 procesu 90.12. Poprzedni krok zakończył się potwierdzonym postcondition albo jest to punkt startowy.,"Odpowiedź `TrafficOverviewReadResponse` ma operationId `traffic.overview.read`, brak ApiProblem krytycznego, a UI renderuje dane kroku „Ruch” bez zamiany null na zero.","Odzyskanie kroku spadek ruchu do dzia ania ruch: `TRAFFIC_DIAGNOSIS_INCOMPLETE` dla kroku 1: zachowaj niesekretne dane formularza i route `/app/traffic/przeglad-ruchu`, pokaż correlationId oraz akcję retry tylko dla błędu oznaczonego `recoverable=true`; błąd capability kończy proces bez retry.","Reguła wznowienia spadek ruchu do dzia ania ruch: Checkpoint `E2E_90_12_01_ruch` zapisuje zakończony step_no=1, operationId i identyfikatory zasobów z response fixture. Po wznowieniu system ponownie sprawdza `traffic.read` i odczytuje aktualny stan; komendy nie są automatycznie odtwarzane bez tego samego idempotency key.","Po kroku „Ruch” obowiązuje domenowy warunek: operacja `traffic.overview.read` jest widoczna w audycie, fixture response `fixtures/api/traffic.overview.read.response.json` przechodzi walidację schema, a następna powierzchnia „Lejek” jest osiągalna wyłącznie zgodnie z procesem 90.12.","Asercja domenowa spadek ruchu do dzia ania ruch: Sprawdź operation kind `query`, capability `traffic.read`, schema request/response, expected event `e2e_90_12_01_traffic_overview_read`, brak podwójnego efektu, prawidłowy focus po zmianie powierzchni oraz kod `TRAFFIC_DIAGNOSIS_INCOMPLETE` w kontrolowanym scenariuszu błędu.",E2E_90_12_01_ruch
90.12,Spadek ruchu do działania,2,Lejek,12-ruch-i-lejek/35-03-lejek-widok.md,/app/traffic/lejek-widok,"Na powierzchni „Lejek” użytkownik uruchamia `traffic.funnel.read`. Odczyt zachowuje aktualny route, filtry i focus; nie emituje zdarzenia mutacji.",traffic.funnel.read,query,e2e_90_12_02_traffic_funnel_read,fixtures/e2e/90-12/02-lejek.json,Warunek domenowy spadek ruchu do dzia ania lejek: Aktor posiada `traffic.read`; fixture ładuje request `fixtures/api/traffic.funnel.read.request.json` i stan domeny wymagany dla kroku 2 procesu 90.12. Poprzedni krok zakończył się potwierdzonym postcondition albo jest to punkt startowy.,"Odpowiedź `TrafficFunnelReadResponse` ma operationId `traffic.funnel.read`, brak ApiProblem krytycznego, a UI renderuje dane kroku „Lejek” bez zamiany null na zero.","Odzyskanie kroku spadek ruchu do dzia ania lejek: `TRAFFIC_DIAGNOSIS_INCOMPLETE` dla kroku 2: zachowaj niesekretne dane formularza i route `/app/traffic/lejek-widok`, pokaż correlationId oraz akcję retry tylko dla błędu oznaczonego `recoverable=true`; błąd capability kończy proces bez retry.","Reguła wznowienia spadek ruchu do dzia ania lejek: Checkpoint `E2E_90_12_02_lejek` zapisuje zakończony step_no=2, operationId i identyfikatory zasobów z response fixture. Po wznowieniu system ponownie sprawdza `traffic.read` i odczytuje aktualny stan; komendy nie są automatycznie odtwarzane bez tego samego idempotency key.","Po kroku „Lejek” obowiązuje domenowy warunek: operacja `traffic.funnel.read` jest widoczna w audycie, fixture response `fixtures/api/traffic.funnel.read.response.json` przechodzi walidację schema, a następna powierzchnia „Wykrycie spadku” jest osiągalna wyłącznie zgodnie z procesem 90.12.","Asercja domenowa spadek ruchu do dzia ania lejek: Sprawdź operation kind `query`, capability `traffic.read`, schema request/response, expected event `e2e_90_12_02_traffic_funnel_read`, brak podwójnego efektu, prawidłowy focus po zmianie powierzchni oraz kod `TRAFFIC_DIAGNOSIS_INCOMPLETE` w kontrolowanym scenariuszu błędu.",E2E_90_12_02_lejek
90.12,Spadek ruchu do działania,3,Wykrycie spadku,12-ruch-i-lejek/35-07-jakosc-zdarzen.md,/app/traffic/jakosc-zdarzen,"Na powierzchni „Wykrycie spadku” użytkownik uruchamia `traffic.event-quality.read`. Odczyt zachowuje aktualny route, filtry i focus; nie emituje zdarzenia mutacji.",traffic.event-quality.read,query,e2e_90_12_03_traffic_event_quality_read,fixtures/e2e/90-12/03-wykrycie-spadku.json,Warunek domenowy spadek ruchu do dzia ania wykrycie spadku: Aktor posiada `traffic.read`; fixture ładuje request `fixtures/api/traffic.event-quality.read.request.json` i stan domeny wymagany dla kroku 3 procesu 90.12. Poprzedni krok zakończył się potwierdzonym postcondition albo jest to punkt startowy.,"Odpowiedź `TrafficEventQualityReadResponse` ma operationId `traffic.event-quality.read`, brak ApiProblem krytycznego, a UI renderuje dane kroku „Wykrycie spadku” bez zamiany null na zero.","Odzyskanie kroku spadek ruchu do dzia ania wykrycie spadku: `TRAFFIC_DIAGNOSIS_INCOMPLETE` dla kroku 3: zachowaj niesekretne dane formularza i route `/app/traffic/jakosc-zdarzen`, pokaż correlationId oraz akcję retry tylko dla błędu oznaczonego `recoverable=true`; błąd capability kończy proces bez retry.","Reguła wznowienia spadek ruchu do dzia ania wykrycie spadku: Checkpoint `E2E_90_12_03_wykrycie-spadku` zapisuje zakończony step_no=3, operationId i identyfikatory zasobów z response fixture. Po wznowieniu system ponownie sprawdza `traffic.read` i odczytuje aktualny stan; komendy nie są automatycznie odtwarzane bez tego samego idempotency key.","Po kroku „Wykrycie spadku” obowiązuje domenowy warunek: operacja `traffic.event-quality.read` jest widoczna w audycie, fixture response `fixtures/api/traffic.event-quality.read.response.json` przechodzi walidację schema, a następna powierzchnia „Diagnoza” jest osiągalna wyłącznie zgodnie z procesem 90.12.","Asercja domenowa spadek ruchu do dzia ania wykrycie spadku: Sprawdź operation kind `query`, capability `traffic.read`, schema request/response, expected event `e2e_90_12_03_traffic_event_quality_read`, brak podwójnego efektu, prawidłowy focus po zmianie powierzchni oraz kod `TRAFFIC_DIAGNOSIS_INCOMPLETE` w kontrolowanym scenariuszu błędu.",E2E_90_12_03_wykrycie-spadku
90.12,Spadek ruchu do działania,4,Diagnoza,08-kampanie-platne/31-06-diagnostyka.md,/app/campaigns/diagnostyka,"Na powierzchni „Diagnoza” użytkownik uruchamia `traffic.drop.diagnose`. Odczyt zachowuje aktualny route, filtry i focus; nie emituje zdarzenia mutacji.",traffic.drop.diagnose,query,e2e_90_12_04_traffic_drop_diagnose,fixtures/e2e/90-12/04-diagnoza.json,Warunek domenowy spadek ruchu do dzia ania diagnoza: Aktor posiada `traffic.read`; fixture ładuje request `fixtures/api/traffic.drop.diagnose.request.json` i stan domeny wymagany dla kroku 4 procesu 90.12. Poprzedni krok zakończył się potwierdzonym postcondition albo jest to punkt startowy.,"Odpowiedź `TrafficDropDiagnoseResponse` ma operationId `traffic.drop.diagnose`, brak ApiProblem krytycznego, a UI renderuje dane kroku „Diagnoza” bez zamiany null na zero.","Odzyskanie kroku spadek ruchu do dzia ania diagnoza: `TRAFFIC_DIAGNOSIS_INCOMPLETE` dla kroku 4: zachowaj niesekretne dane formularza i route `/app/campaigns/diagnostyka`, pokaż correlationId oraz akcję retry tylko dla błędu oznaczonego `recoverable=true`; błąd capability kończy proces bez retry.","Reguła wznowienia spadek ruchu do dzia ania diagnoza: Checkpoint `E2E_90_12_04_diagnoza` zapisuje zakończony step_no=4, operationId i identyfikatory zasobów z response fixture. Po wznowieniu system ponownie sprawdza `traffic.read` i odczytuje aktualny stan; komendy nie są automatycznie odtwarzane bez tego samego idempotency key.","Po kroku „Diagnoza” obowiązuje domenowy warunek: operacja `traffic.drop.diagnose` jest widoczna w audycie, fixture response `fixtures/api/traffic.drop.diagnose.response.json` przechodzi walidację schema, a następna powierzchnia „Rekomendacja” jest osiągalna wyłącznie zgodnie z procesem 90.12.","Asercja domenowa spadek ruchu do dzia ania diagnoza: Sprawdź operation kind `query`, capability `traffic.read`, schema request/response, expected event `e2e_90_12_04_traffic_drop_diagnose`, brak podwójnego efektu, prawidłowy focus po zmianie powierzchni oraz kod `TRAFFIC_DIAGNOSIS_INCOMPLETE` w kontrolowanym scenariuszu błędu.",E2E_90_12_04_diagnoza
90.12,Spadek ruchu do działania,5,Rekomendacja,18-wsparcie-marketingowe-decyzje-dzialania/80-03-rekomendacje.md,/app/decisions/rekomendacje,"Na powierzchni „Rekomendacja” użytkownik uruchamia `decisions.recommendation.read`. Odczyt zachowuje aktualny route, filtry i focus; nie emituje zdarzenia mutacji.",decisions.recommendation.read,query,e2e_90_12_05_decisions_recommendation_read,fixtures/e2e/90-12/05-rekomendacja.json,Warunek domenowy spadek ruchu do dzia ania rekomendacja: Aktor posiada `decisions.read`; fixture ładuje request `fixtures/api/decisions.recommendation.read.request.json` i stan domeny wymagany dla kroku 5 procesu 90.12. Poprzedni krok zakończył się potwierdzonym postcondition albo jest to punkt startowy.,"Odpowiedź `DecisionsRecommendationReadResponse` ma operationId `decisions.recommendation.read`, brak ApiProblem krytycznego, a UI renderuje dane kroku „Rekomendacja” bez zamiany null na zero.","Odzyskanie kroku spadek ruchu do dzia ania rekomendacja: `TRAFFIC_DIAGNOSIS_INCOMPLETE` dla kroku 5: zachowaj niesekretne dane formularza i route `/app/decisions/rekomendacje`, pokaż correlationId oraz akcję retry tylko dla błędu oznaczonego `recoverable=true`; błąd capability kończy proces bez retry.","Reguła wznowienia spadek ruchu do dzia ania rekomendacja: Checkpoint `E2E_90_12_05_rekomendacja` zapisuje zakończony step_no=5, operationId i identyfikatory zasobów z response fixture. Po wznowieniu system ponownie sprawdza `decisions.read` i odczytuje aktualny stan; komendy nie są automatycznie odtwarzane bez tego samego idempotency key.","Po kroku „Rekomendacja” obowiązuje domenowy warunek: operacja `decisions.recommendation.read` jest widoczna w audycie, fixture response `fixtures/api/decisions.recommendation.read.response.json` przechodzi walidację schema, a następna powierzchnia „Działanie marketingowe” jest osiągalna wyłącznie zgodnie z procesem 90.12.","Asercja domenowa spadek ruchu do dzia ania rekomendacja: Sprawdź operation kind `query`, capability `decisions.read`, schema request/response, expected event `e2e_90_12_05_decisions_recommendation_read`, brak podwójnego efektu, prawidłowy focus po zmianie powierzchni oraz kod `TRAFFIC_DIAGNOSIS_INCOMPLETE` w kontrolowanym scenariuszu błędu.",E2E_90_12_05_rekomendacja
90.12,Spadek ruchu do działania,6,Działanie marketingowe,18-wsparcie-marketingowe-decyzje-dzialania/80-05-brief-dzialania.md,/app/decisions/brief-dzialania,Na powierzchni „Działanie marketingowe” użytkownik uruchamia `decisions.action.brief.create`. Formularz blokuje submit do czasu walidacji; mutacja przekazuje idempotency key i po powodzeniu blokuje ponowne kliknięcie.,decisions.action.brief.create,command,e2e_90_12_06_decisions_action_brief_create,fixtures/e2e/90-12/06-dzia-anie-marketingowe.json,Warunek domenowy spadek ruchu do dzia ania dzia anie marketingowe: Aktor posiada `decisions.write`; fixture ładuje request `fixtures/api/decisions.action.brief.create.request.json` i stan domeny wymagany dla kroku 6 procesu 90.12. Poprzedni krok zakończył się potwierdzonym postcondition albo jest to punkt startowy.,"Komenda zwraca applied/queued, audit event zawiera `decisions.action.brief.create`, a odczyt potwierdzający pokazuje zmianę wymaganą przed krokiem „stan końcowy procesu”.","Odzyskanie kroku spadek ruchu do dzia ania dzia anie marketingowe: `TRAFFIC_DIAGNOSIS_INCOMPLETE` dla kroku 6: zachowaj niesekretne dane formularza i route `/app/decisions/brief-dzialania`, pokaż correlationId oraz akcję retry tylko dla błędu oznaczonego `recoverable=true`; błąd capability kończy proces bez retry.","Reguła wznowienia spadek ruchu do dzia ania dzia anie marketingowe: Checkpoint `E2E_90_12_06_dzialanie-marketingowe` zapisuje zakończony step_no=6, operationId i identyfikatory zasobów z response fixture. Po wznowieniu system ponownie sprawdza `decisions.write` i odczytuje aktualny stan; komendy nie są automatycznie odtwarzane bez tego samego idempotency key.","Po kroku „Działanie marketingowe” obowiązuje domenowy warunek: operacja `decisions.action.brief.create` jest widoczna w audycie, fixture response `fixtures/api/decisions.action.brief.create.response.json` przechodzi walidację schema, a następna powierzchnia „stan końcowy procesu” jest osiągalna wyłącznie zgodnie z procesem 90.12.","Asercja domenowa spadek ruchu do dzia ania dzia anie marketingowe: Sprawdź operation kind `command`, capability `decisions.write`, schema request/response, expected event `e2e_90_12_06_decisions_action_brief_create`, brak podwójnego efektu, prawidłowy focus po zmianie powierzchni oraz kod `TRAFFIC_DIAGNOSIS_INCOMPLETE` w kontrolowanym scenariuszu błędu.",E2E_90_12_06_dzialanie-marketingowe
90.13,Obserwacja do wyniku,1,Obserwacja,18-wsparcie-marketingowe-decyzje-dzialania/80-02-obserwacje.md,/app/decisions/obserwacje,Na powierzchni „Obserwacja” użytkownik uruchamia `decisions.observation.create`. Formularz blokuje submit do czasu walidacji; mutacja przekazuje idempotency key i po powodzeniu blokuje ponowne kliknięcie.,decisions.observation.create,command,e2e_90_13_01_decisions_observation_create,fixtures/e2e/90-13/01-obserwacja.json,Warunek domenowy obserwacja do wyniku obserwacja: Aktor posiada `decisions.write`; fixture ładuje request `fixtures/api/decisions.observation.create.request.json` i stan domeny wymagany dla kroku 1 procesu 90.13. Poprzedni krok zakończył się potwierdzonym postcondition albo jest to punkt startowy.,"Komenda zwraca applied/queued, audit event zawiera `decisions.observation.create`, a odczyt potwierdzający pokazuje zmianę wymaganą przed krokiem „Decyzja”.","Odzyskanie kroku obserwacja do wyniku obserwacja: `PAPA_INTERPRETATION_UNAVAILABLE` dla kroku 1: zachowaj niesekretne dane formularza i route `/app/decisions/obserwacje`, pokaż correlationId oraz akcję retry tylko dla błędu oznaczonego `recoverable=true`; błąd capability kończy proces bez retry.","Reguła wznowienia obserwacja do wyniku obserwacja: Checkpoint `E2E_90_13_01_obserwacja` zapisuje zakończony step_no=1, operationId i identyfikatory zasobów z response fixture. Po wznowieniu system ponownie sprawdza `decisions.write` i odczytuje aktualny stan; komendy nie są automatycznie odtwarzane bez tego samego idempotency key.","Po kroku „Obserwacja” obowiązuje domenowy warunek: operacja `decisions.observation.create` jest widoczna w audycie, fixture response `fixtures/api/decisions.observation.create.response.json` przechodzi walidację schema, a następna powierzchnia „Decyzja” jest osiągalna wyłącznie zgodnie z procesem 90.13.","Asercja domenowa obserwacja do wyniku obserwacja: Sprawdź operation kind `command`, capability `decisions.write`, schema request/response, expected event `e2e_90_13_01_decisions_observation_create`, brak podwójnego efektu, prawidłowy focus po zmianie powierzchni oraz kod `PAPA_INTERPRETATION_UNAVAILABLE` w kontrolowanym scenariuszu błędu.",E2E_90_13_01_obserwacja
90.13,Obserwacja do wyniku,2,Decyzja,18-wsparcie-marketingowe-decyzje-dzialania/80-04-rejestr-decyzji.md,/app/decisions/rejestr-decyzji,Na powierzchni „Decyzja” użytkownik uruchamia `decisions.decision.record`. Formularz blokuje submit do czasu walidacji; mutacja przekazuje idempotency key i po powodzeniu blokuje ponowne kliknięcie.,decisions.decision.record,command,e2e_90_13_02_decisions_decision_record,fixtures/e2e/90-13/02-decyzja.json,Warunek domenowy obserwacja do wyniku decyzja: Aktor posiada `decisions.write`; fixture ładuje request `fixtures/api/decisions.decision.record.request.json` i stan domeny wymagany dla kroku 2 procesu 90.13. Poprzedni krok zakończył się potwierdzonym postcondition albo jest to punkt startowy.,"Komenda zwraca applied/queued, audit event zawiera `decisions.decision.record`, a odczyt potwierdzający pokazuje zmianę wymaganą przed krokiem „Brief”.","Odzyskanie kroku obserwacja do wyniku decyzja: `PAPA_INTERPRETATION_UNAVAILABLE` dla kroku 2: zachowaj niesekretne dane formularza i route `/app/decisions/rejestr-decyzji`, pokaż correlationId oraz akcję retry tylko dla błędu oznaczonego `recoverable=true`; błąd capability kończy proces bez retry.","Reguła wznowienia obserwacja do wyniku decyzja: Checkpoint `E2E_90_13_02_decyzja` zapisuje zakończony step_no=2, operationId i identyfikatory zasobów z response fixture. Po wznowieniu system ponownie sprawdza `decisions.write` i odczytuje aktualny stan; komendy nie są automatycznie odtwarzane bez tego samego idempotency key.","Po kroku „Decyzja” obowiązuje domenowy warunek: operacja `decisions.decision.record` jest widoczna w audycie, fixture response `fixtures/api/decisions.decision.record.response.json` przechodzi walidację schema, a następna powierzchnia „Brief” jest osiągalna wyłącznie zgodnie z procesem 90.13.","Asercja domenowa obserwacja do wyniku decyzja: Sprawdź operation kind `command`, capability `decisions.write`, schema request/response, expected event `e2e_90_13_02_decisions_decision_record`, brak podwójnego efektu, prawidłowy focus po zmianie powierzchni oraz kod `PAPA_INTERPRETATION_UNAVAILABLE` w kontrolowanym scenariuszu błędu.",E2E_90_13_02_decyzja
90.13,Obserwacja do wyniku,3,Brief,18-wsparcie-marketingowe-decyzje-dzialania/80-05-brief-dzialania.md,/app/decisions/brief-dzialania,Na powierzchni „Brief” użytkownik uruchamia `decisions.action.brief.create`. Formularz blokuje submit do czasu walidacji; mutacja przekazuje idempotency key i po powodzeniu blokuje ponowne kliknięcie.,decisions.action.brief.create,command,e2e_90_13_03_decisions_action_brief_create,fixtures/e2e/90-13/03-brief.json,Warunek domenowy obserwacja do wyniku brief: Aktor posiada `decisions.write`; fixture ładuje request `fixtures/api/decisions.action.brief.create.request.json` i stan domeny wymagany dla kroku 3 procesu 90.13. Poprzedni krok zakończył się potwierdzonym postcondition albo jest to punkt startowy.,"Komenda zwraca applied/queued, audit event zawiera `decisions.action.brief.create`, a odczyt potwierdzający pokazuje zmianę wymaganą przed krokiem „Działanie”.","Odzyskanie kroku obserwacja do wyniku brief: `PAPA_INTERPRETATION_UNAVAILABLE` dla kroku 3: zachowaj niesekretne dane formularza i route `/app/decisions/brief-dzialania`, pokaż correlationId oraz akcję retry tylko dla błędu oznaczonego `recoverable=true`; błąd capability kończy proces bez retry.","Reguła wznowienia obserwacja do wyniku brief: Checkpoint `E2E_90_13_03_brief` zapisuje zakończony step_no=3, operationId i identyfikatory zasobów z response fixture. Po wznowieniu system ponownie sprawdza `decisions.write` i odczytuje aktualny stan; komendy nie są automatycznie odtwarzane bez tego samego idempotency key.","Po kroku „Brief” obowiązuje domenowy warunek: operacja `decisions.action.brief.create` jest widoczna w audycie, fixture response `fixtures/api/decisions.action.brief.create.response.json` przechodzi walidację schema, a następna powierzchnia „Działanie” jest osiągalna wyłącznie zgodnie z procesem 90.13.","Asercja domenowa obserwacja do wyniku brief: Sprawdź operation kind `command`, capability `decisions.write`, schema request/response, expected event `e2e_90_13_03_decisions_action_brief_create`, brak podwójnego efektu, prawidłowy focus po zmianie powierzchni oraz kod `PAPA_INTERPRETATION_UNAVAILABLE` w kontrolowanym scenariuszu błędu.",E2E_90_13_03_brief
90.13,Obserwacja do wyniku,4,Działanie,18-wsparcie-marketingowe-decyzje-dzialania/80-06-szczegoly-dzialania.md,/app/decisions/szczegoly-dzialania,"Na powierzchni „Działanie” użytkownik uruchamia `decisions.action-detail.read`. Odczyt zachowuje aktualny route, filtry i focus; nie emituje zdarzenia mutacji.",decisions.action-detail.read,query,e2e_90_13_04_decisions_action_detail_read,fixtures/e2e/90-13/04-dzia-anie.json,Warunek domenowy obserwacja do wyniku dzia anie: Aktor posiada `decisions.read`; fixture ładuje request `fixtures/api/decisions.action-detail.read.request.json` i stan domeny wymagany dla kroku 4 procesu 90.13. Poprzedni krok zakończył się potwierdzonym postcondition albo jest to punkt startowy.,"Odpowiedź `DecisionsActionDetailReadResponse` ma operationId `decisions.action-detail.read`, brak ApiProblem krytycznego, a UI renderuje dane kroku „Działanie” bez zamiany null na zero.","Odzyskanie kroku obserwacja do wyniku dzia anie: `PAPA_INTERPRETATION_UNAVAILABLE` dla kroku 4: zachowaj niesekretne dane formularza i route `/app/decisions/szczegoly-dzialania`, pokaż correlationId oraz akcję retry tylko dla błędu oznaczonego `recoverable=true`; błąd capability kończy proces bez retry.","Reguła wznowienia obserwacja do wyniku dzia anie: Checkpoint `E2E_90_13_04_dzialanie` zapisuje zakończony step_no=4, operationId i identyfikatory zasobów z response fixture. Po wznowieniu system ponownie sprawdza `decisions.read` i odczytuje aktualny stan; komendy nie są automatycznie odtwarzane bez tego samego idempotency key.","Po kroku „Działanie” obowiązuje domenowy warunek: operacja `decisions.action-detail.read` jest widoczna w audycie, fixture response `fixtures/api/decisions.action-detail.read.response.json` przechodzi walidację schema, a następna powierzchnia „Pomiar” jest osiągalna wyłącznie zgodnie z procesem 90.13.","Asercja domenowa obserwacja do wyniku dzia anie: Sprawdź operation kind `query`, capability `decisions.read`, schema request/response, expected event `e2e_90_13_04_decisions_action_detail_read`, brak podwójnego efektu, prawidłowy focus po zmianie powierzchni oraz kod `PAPA_INTERPRETATION_UNAVAILABLE` w kontrolowanym scenariuszu błędu.",E2E_90_13_04_dzialanie
90.13,Obserwacja do wyniku,5,Pomiar,18-wsparcie-marketingowe-decyzje-dzialania/80-07-pomiar.md,/app/decisions/pomiar,"Na powierzchni „Pomiar” użytkownik uruchamia `decisions.measurement.read`. Odczyt zachowuje aktualny route, filtry i focus; nie emituje zdarzenia mutacji.",decisions.measurement.read,query,e2e_90_13_05_decisions_measurement_read,fixtures/e2e/90-13/05-pomiar.json,Warunek domenowy obserwacja do wyniku pomiar: Aktor posiada `decisions.read`; fixture ładuje request `fixtures/api/decisions.measurement.read.request.json` i stan domeny wymagany dla kroku 5 procesu 90.13. Poprzedni krok zakończył się potwierdzonym postcondition albo jest to punkt startowy.,"Odpowiedź `DecisionsMeasurementReadResponse` ma operationId `decisions.measurement.read`, brak ApiProblem krytycznego, a UI renderuje dane kroku „Pomiar” bez zamiany null na zero.","Odzyskanie kroku obserwacja do wyniku pomiar: `PAPA_INTERPRETATION_UNAVAILABLE` dla kroku 5: zachowaj niesekretne dane formularza i route `/app/decisions/pomiar`, pokaż correlationId oraz akcję retry tylko dla błędu oznaczonego `recoverable=true`; błąd capability kończy proces bez retry.","Reguła wznowienia obserwacja do wyniku pomiar: Checkpoint `E2E_90_13_05_pomiar` zapisuje zakończony step_no=5, operationId i identyfikatory zasobów z response fixture. Po wznowieniu system ponownie sprawdza `decisions.read` i odczytuje aktualny stan; komendy nie są automatycznie odtwarzane bez tego samego idempotency key.","Po kroku „Pomiar” obowiązuje domenowy warunek: operacja `decisions.measurement.read` jest widoczna w audycie, fixture response `fixtures/api/decisions.measurement.read.response.json` przechodzi walidację schema, a następna powierzchnia „Wynik” jest osiągalna wyłącznie zgodnie z procesem 90.13.","Asercja domenowa obserwacja do wyniku pomiar: Sprawdź operation kind `query`, capability `decisions.read`, schema request/response, expected event `e2e_90_13_05_decisions_measurement_read`, brak podwójnego efektu, prawidłowy focus po zmianie powierzchni oraz kod `PAPA_INTERPRETATION_UNAVAILABLE` w kontrolowanym scenariuszu błędu.",E2E_90_13_05_pomiar
90.13,Obserwacja do wyniku,6,Wynik,07-centrum-dowodzenia/30-04-plan-vs-wynik.md,/app/command-center/plan-vs-wynik,"Na powierzchni „Wynik” użytkownik uruchamia `command-center.plan-performance.read`. Odczyt zachowuje aktualny route, filtry i focus; nie emituje zdarzenia mutacji.",command-center.plan-performance.read,query,e2e_90_13_06_command_center_plan_performance_read,fixtures/e2e/90-13/06-wynik.json,Warunek domenowy obserwacja do wyniku wynik: Aktor posiada `analytics.read`; fixture ładuje request `fixtures/api/command-center.plan-performance.read.request.json` i stan domeny wymagany dla kroku 6 procesu 90.13. Poprzedni krok zakończył się potwierdzonym postcondition albo jest to punkt startowy.,"Odpowiedź `CommandCenterPlanPerformanceReadResponse` ma operationId `command-center.plan-performance.read`, brak ApiProblem krytycznego, a UI renderuje dane kroku „Wynik” bez zamiany null na zero.","Odzyskanie kroku obserwacja do wyniku wynik: `PAPA_INTERPRETATION_UNAVAILABLE` dla kroku 6: zachowaj niesekretne dane formularza i route `/app/command-center/plan-vs-wynik`, pokaż correlationId oraz akcję retry tylko dla błędu oznaczonego `recoverable=true`; błąd capability kończy proces bez retry.","Reguła wznowienia obserwacja do wyniku wynik: Checkpoint `E2E_90_13_06_wynik` zapisuje zakończony step_no=6, operationId i identyfikatory zasobów z response fixture. Po wznowieniu system ponownie sprawdza `analytics.read` i odczytuje aktualny stan; komendy nie są automatycznie odtwarzane bez tego samego idempotency key.","Po kroku „Wynik” obowiązuje domenowy warunek: operacja `command-center.plan-performance.read` jest widoczna w audycie, fixture response `fixtures/api/command-center.plan-performance.read.response.json` przechodzi walidację schema, a następna powierzchnia „Wniosek” jest osiągalna wyłącznie zgodnie z procesem 90.13.","Asercja domenowa obserwacja do wyniku wynik: Sprawdź operation kind `query`, capability `analytics.read`, schema request/response, expected event `e2e_90_13_06_command_center_plan_performance_read`, brak podwójnego efektu, prawidłowy focus po zmianie powierzchni oraz kod `PAPA_INTERPRETATION_UNAVAILABLE` w kontrolowanym scenariuszu błędu.",E2E_90_13_06_wynik
90.13,Obserwacja do wyniku,7,Wniosek,18-wsparcie-marketingowe-decyzje-dzialania/80-04-rejestr-decyzji.md,/app/decisions/rejestr-decyzji,"Na powierzchni „Wniosek” użytkownik uruchamia `decisions.registry.read`. Odczyt zachowuje aktualny route, filtry i focus; nie emituje zdarzenia mutacji.",decisions.registry.read,query,e2e_90_13_07_decisions_registry_read,fixtures/e2e/90-13/07-wniosek.json,Warunek domenowy obserwacja do wyniku wniosek: Aktor posiada `decisions.read`; fixture ładuje request `fixtures/api/decisions.registry.read.request.json` i stan domeny wymagany dla kroku 7 procesu 90.13. Poprzedni krok zakończył się potwierdzonym postcondition albo jest to punkt startowy.,"Odpowiedź `DecisionsRegistryReadResponse` ma operationId `decisions.registry.read`, brak ApiProblem krytycznego, a UI renderuje dane kroku „Wniosek” bez zamiany null na zero.","Odzyskanie kroku obserwacja do wyniku wniosek: `PAPA_INTERPRETATION_UNAVAILABLE` dla kroku 7: zachowaj niesekretne dane formularza i route `/app/decisions/rejestr-decyzji`, pokaż correlationId oraz akcję retry tylko dla błędu oznaczonego `recoverable=true`; błąd capability kończy proces bez retry.","Reguła wznowienia obserwacja do wyniku wniosek: Checkpoint `E2E_90_13_07_wniosek` zapisuje zakończony step_no=7, operationId i identyfikatory zasobów z response fixture. Po wznowieniu system ponownie sprawdza `decisions.read` i odczytuje aktualny stan; komendy nie są automatycznie odtwarzane bez tego samego idempotency key.","Po kroku „Wniosek” obowiązuje domenowy warunek: operacja `decisions.registry.read` jest widoczna w audycie, fixture response `fixtures/api/decisions.registry.read.response.json` przechodzi walidację schema, a następna powierzchnia „stan końcowy procesu” jest osiągalna wyłącznie zgodnie z procesem 90.13.","Asercja domenowa obserwacja do wyniku wniosek: Sprawdź operation kind `query`, capability `decisions.read`, schema request/response, expected event `e2e_90_13_07_decisions_registry_read`, brak podwójnego efektu, prawidłowy focus po zmianie powierzchni oraz kod `PAPA_INTERPRETATION_UNAVAILABLE` w kontrolowanym scenariuszu błędu.",E2E_90_13_07_wniosek
90.14,KPI do interpretacji Papa,1,KPI,07-centrum-dowodzenia/30-03-kpi.md,/app/command-center/kpi,"Na powierzchni „KPI” użytkownik uruchamia `command-center.kpi.read`. Odczyt zachowuje aktualny route, filtry i focus; nie emituje zdarzenia mutacji.",command-center.kpi.read,query,e2e_90_14_01_command_center_kpi_read,fixtures/e2e/90-14/01-kpi.json,Warunek domenowy kpi do interpretacji papa kpi: Aktor posiada `analytics.read`; fixture ładuje request `fixtures/api/command-center.kpi.read.request.json` i stan domeny wymagany dla kroku 1 procesu 90.14. Poprzedni krok zakończył się potwierdzonym postcondition albo jest to punkt startowy.,"Odpowiedź `CommandCenterKpiReadResponse` ma operationId `command-center.kpi.read`, brak ApiProblem krytycznego, a UI renderuje dane kroku „KPI” bez zamiany null na zero.","Odzyskanie kroku kpi do interpretacji papa kpi: `RECOMMENDATION_DECISION_CONFLICT` dla kroku 1: zachowaj niesekretne dane formularza i route `/app/command-center/kpi`, pokaż correlationId oraz akcję retry tylko dla błędu oznaczonego `recoverable=true`; błąd capability kończy proces bez retry.","Reguła wznowienia kpi do interpretacji papa kpi: Checkpoint `E2E_90_14_01_kpi` zapisuje zakończony step_no=1, operationId i identyfikatory zasobów z response fixture. Po wznowieniu system ponownie sprawdza `analytics.read` i odczytuje aktualny stan; komendy nie są automatycznie odtwarzane bez tego samego idempotency key.","Po kroku „KPI” obowiązuje domenowy warunek: operacja `command-center.kpi.read` jest widoczna w audycie, fixture response `fixtures/api/command-center.kpi.read.response.json` przechodzi walidację schema, a następna powierzchnia „Otwarcie Papa” jest osiągalna wyłącznie zgodnie z procesem 90.14.","Asercja domenowa kpi do interpretacji papa kpi: Sprawdź operation kind `query`, capability `analytics.read`, schema request/response, expected event `e2e_90_14_01_command_center_kpi_read`, brak podwójnego efektu, prawidłowy focus po zmianie powierzchni oraz kod `RECOMMENDATION_DECISION_CONFLICT` w kontrolowanym scenariuszu błędu.",E2E_90_14_01_kpi
90.14,KPI do interpretacji Papa,2,Otwarcie Papa,15-papa-asystent-i-laboratorium-ai/50-01-panel-kontekstowy-papa.md,/app/papa/panel-kontekstowy-papa,"Na powierzchni „Otwarcie Papa” użytkownik uruchamia `papa.context-panel.read`. Odczyt zachowuje aktualny route, filtry i focus; nie emituje zdarzenia mutacji.",papa.context-panel.read,query,e2e_90_14_02_papa_context_panel_read,fixtures/e2e/90-14/02-otwarcie-papa.json,Warunek domenowy kpi do interpretacji papa otwarcie papa: Aktor posiada `ai.read`; fixture ładuje request `fixtures/api/papa.context-panel.read.request.json` i stan domeny wymagany dla kroku 2 procesu 90.14. Poprzedni krok zakończył się potwierdzonym postcondition albo jest to punkt startowy.,"Odpowiedź `PapaContextPanelReadResponse` ma operationId `papa.context-panel.read`, brak ApiProblem krytycznego, a UI renderuje dane kroku „Otwarcie Papa” bez zamiany null na zero.","Odzyskanie kroku kpi do interpretacji papa otwarcie papa: `RECOMMENDATION_DECISION_CONFLICT` dla kroku 2: zachowaj niesekretne dane formularza i route `/app/papa/panel-kontekstowy-papa`, pokaż correlationId oraz akcję retry tylko dla błędu oznaczonego `recoverable=true`; błąd capability kończy proces bez retry.","Reguła wznowienia kpi do interpretacji papa otwarcie papa: Checkpoint `E2E_90_14_02_otwarcie-papa` zapisuje zakończony step_no=2, operationId i identyfikatory zasobów z response fixture. Po wznowieniu system ponownie sprawdza `ai.read` i odczytuje aktualny stan; komendy nie są automatycznie odtwarzane bez tego samego idempotency key.","Po kroku „Otwarcie Papa” obowiązuje domenowy warunek: operacja `papa.context-panel.read` jest widoczna w audycie, fixture response `fixtures/api/papa.context-panel.read.response.json` przechodzi walidację schema, a następna powierzchnia „Snapshot kontekstu” jest osiągalna wyłącznie zgodnie z procesem 90.14.","Asercja domenowa kpi do interpretacji papa otwarcie papa: Sprawdź operation kind `query`, capability `ai.read`, schema request/response, expected event `e2e_90_14_02_papa_context_panel_read`, brak podwójnego efektu, prawidłowy focus po zmianie powierzchni oraz kod `RECOMMENDATION_DECISION_CONFLICT` w kontrolowanym scenariuszu błędu.",E2E_90_14_02_otwarcie-papa
90.14,KPI do interpretacji Papa,3,Snapshot kontekstu,15-papa-asystent-i-laboratorium-ai/50-04-context-basket.md,/app/papa/context-basket,Na powierzchni „Snapshot kontekstu” użytkownik uruchamia `papa.context.capture`. Formularz blokuje submit do czasu walidacji; mutacja przekazuje idempotency key i po powodzeniu blokuje ponowne kliknięcie.,papa.context.capture,command,e2e_90_14_03_papa_context_capture,fixtures/e2e/90-14/03-snapshot-kontekstu.json,Warunek domenowy kpi do interpretacji papa snapshot kontekstu: Aktor posiada `ai.write`; fixture ładuje request `fixtures/api/papa.context.capture.request.json` i stan domeny wymagany dla kroku 3 procesu 90.14. Poprzedni krok zakończył się potwierdzonym postcondition albo jest to punkt startowy.,"Komenda zwraca applied/queued, audit event zawiera `papa.context.capture`, a odczyt potwierdzający pokazuje zmianę wymaganą przed krokiem „Dowody”.","Odzyskanie kroku kpi do interpretacji papa snapshot kontekstu: `RECOMMENDATION_DECISION_CONFLICT` dla kroku 3: zachowaj niesekretne dane formularza i route `/app/papa/context-basket`, pokaż correlationId oraz akcję retry tylko dla błędu oznaczonego `recoverable=true`; błąd capability kończy proces bez retry.","Reguła wznowienia kpi do interpretacji papa snapshot kontekstu: Checkpoint `E2E_90_14_03_snapshot-kontekstu` zapisuje zakończony step_no=3, operationId i identyfikatory zasobów z response fixture. Po wznowieniu system ponownie sprawdza `ai.write` i odczytuje aktualny stan; komendy nie są automatycznie odtwarzane bez tego samego idempotency key.","Po kroku „Snapshot kontekstu” obowiązuje domenowy warunek: operacja `papa.context.capture` jest widoczna w audycie, fixture response `fixtures/api/papa.context.capture.response.json` przechodzi walidację schema, a następna powierzchnia „Dowody” jest osiągalna wyłącznie zgodnie z procesem 90.14.","Asercja domenowa kpi do interpretacji papa snapshot kontekstu: Sprawdź operation kind `command`, capability `ai.write`, schema request/response, expected event `e2e_90_14_03_papa_context_capture`, brak podwójnego efektu, prawidłowy focus po zmianie powierzchni oraz kod `RECOMMENDATION_DECISION_CONFLICT` w kontrolowanym scenariuszu błędu.",E2E_90_14_03_snapshot-kontekstu
90.14,KPI do interpretacji Papa,4,Dowody,15-papa-asystent-i-laboratorium-ai/50-06-dowody.md,/app/papa/dowody,"Na powierzchni „Dowody” użytkownik uruchamia `papa.evidence.read`. Odczyt zachowuje aktualny route, filtry i focus; nie emituje zdarzenia mutacji.",papa.evidence.read,query,e2e_90_14_04_papa_evidence_read,fixtures/e2e/90-14/04-dowody.json,Warunek domenowy kpi do interpretacji papa dowody: Aktor posiada `ai.read`; fixture ładuje request `fixtures/api/papa.evidence.read.request.json` i stan domeny wymagany dla kroku 4 procesu 90.14. Poprzedni krok zakończył się potwierdzonym postcondition albo jest to punkt startowy.,"Odpowiedź `PapaEvidenceReadResponse` ma operationId `papa.evidence.read`, brak ApiProblem krytycznego, a UI renderuje dane kroku „Dowody” bez zamiany null na zero.","Odzyskanie kroku kpi do interpretacji papa dowody: `RECOMMENDATION_DECISION_CONFLICT` dla kroku 4: zachowaj niesekretne dane formularza i route `/app/papa/dowody`, pokaż correlationId oraz akcję retry tylko dla błędu oznaczonego `recoverable=true`; błąd capability kończy proces bez retry.","Reguła wznowienia kpi do interpretacji papa dowody: Checkpoint `E2E_90_14_04_dowody` zapisuje zakończony step_no=4, operationId i identyfikatory zasobów z response fixture. Po wznowieniu system ponownie sprawdza `ai.read` i odczytuje aktualny stan; komendy nie są automatycznie odtwarzane bez tego samego idempotency key.","Po kroku „Dowody” obowiązuje domenowy warunek: operacja `papa.evidence.read` jest widoczna w audycie, fixture response `fixtures/api/papa.evidence.read.response.json` przechodzi walidację schema, a następna powierzchnia „Odpowiedź” jest osiągalna wyłącznie zgodnie z procesem 90.14.","Asercja domenowa kpi do interpretacji papa dowody: Sprawdź operation kind `query`, capability `ai.read`, schema request/response, expected event `e2e_90_14_04_papa_evidence_read`, brak podwójnego efektu, prawidłowy focus po zmianie powierzchni oraz kod `RECOMMENDATION_DECISION_CONFLICT` w kontrolowanym scenariuszu błędu.",E2E_90_14_04_dowody
90.14,KPI do interpretacji Papa,5,Odpowiedź,15-papa-asystent-i-laboratorium-ai/50-05-odpowiedz-papa.md,/app/papa/odpowiedz-papa,Na powierzchni „Odpowiedź” użytkownik uruchamia `papa.answer.generate`. Formularz blokuje submit do czasu walidacji; mutacja przekazuje idempotency key i po powodzeniu blokuje ponowne kliknięcie.,papa.answer.generate,command,e2e_90_14_05_papa_answer_generate,fixtures/e2e/90-14/05-odpowied.json,Warunek domenowy kpi do interpretacji papa odpowied: Aktor posiada `ai.write`; fixture ładuje request `fixtures/api/papa.answer.generate.request.json` i stan domeny wymagany dla kroku 5 procesu 90.14. Poprzedni krok zakończył się potwierdzonym postcondition albo jest to punkt startowy.,"Komenda zwraca applied/queued, audit event zawiera `papa.answer.generate`, a odczyt potwierdzający pokazuje zmianę wymaganą przed krokiem „Ograniczenia”.","Odzyskanie kroku kpi do interpretacji papa odpowied: `RECOMMENDATION_DECISION_CONFLICT` dla kroku 5: zachowaj niesekretne dane formularza i route `/app/papa/odpowiedz-papa`, pokaż correlationId oraz akcję retry tylko dla błędu oznaczonego `recoverable=true`; błąd capability kończy proces bez retry.","Reguła wznowienia kpi do interpretacji papa odpowied: Checkpoint `E2E_90_14_05_odpowiedz` zapisuje zakończony step_no=5, operationId i identyfikatory zasobów z response fixture. Po wznowieniu system ponownie sprawdza `ai.write` i odczytuje aktualny stan; komendy nie są automatycznie odtwarzane bez tego samego idempotency key.","Po kroku „Odpowiedź” obowiązuje domenowy warunek: operacja `papa.answer.generate` jest widoczna w audycie, fixture response `fixtures/api/papa.answer.generate.response.json` przechodzi walidację schema, a następna powierzchnia „Ograniczenia” jest osiągalna wyłącznie zgodnie z procesem 90.14.","Asercja domenowa kpi do interpretacji papa odpowied: Sprawdź operation kind `command`, capability `ai.write`, schema request/response, expected event `e2e_90_14_05_papa_answer_generate`, brak podwójnego efektu, prawidłowy focus po zmianie powierzchni oraz kod `RECOMMENDATION_DECISION_CONFLICT` w kontrolowanym scenariuszu błędu.",E2E_90_14_05_odpowiedz
90.14,KPI do interpretacji Papa,6,Ograniczenia,15-papa-asystent-i-laboratorium-ai/50-07-confidence.md,,"Na powierzchni „Ograniczenia” użytkownik uruchamia `papa.governance.read`. Odczyt zachowuje aktualny route, filtry i focus; nie emituje zdarzenia mutacji.",papa.governance.read,query,e2e_90_14_06_papa_governance_read,fixtures/e2e/90-14/06-ograniczenia.json,Warunek domenowy kpi do interpretacji papa ograniczenia: Aktor posiada `ai.read`; fixture ładuje request `fixtures/api/papa.governance.read.request.json` i stan domeny wymagany dla kroku 6 procesu 90.14. Poprzedni krok zakończył się potwierdzonym postcondition albo jest to punkt startowy.,"Odpowiedź `PapaGovernanceReadResponse` ma operationId `papa.governance.read`, brak ApiProblem krytycznego, a UI renderuje dane kroku „Ograniczenia” bez zamiany null na zero.","Odzyskanie kroku kpi do interpretacji papa ograniczenia: `RECOMMENDATION_DECISION_CONFLICT` dla kroku 6: zachowaj niesekretne dane formularza i route ``, pokaż correlationId oraz akcję retry tylko dla błędu oznaczonego `recoverable=true`; błąd capability kończy proces bez retry.","Reguła wznowienia kpi do interpretacji papa ograniczenia: Checkpoint `E2E_90_14_06_ograniczenia` zapisuje zakończony step_no=6, operationId i identyfikatory zasobów z response fixture. Po wznowieniu system ponownie sprawdza `ai.read` i odczytuje aktualny stan; komendy nie są automatycznie odtwarzane bez tego samego idempotency key.","Po kroku „Ograniczenia” obowiązuje domenowy warunek: operacja `papa.governance.read` jest widoczna w audycie, fixture response `fixtures/api/papa.governance.read.response.json` przechodzi walidację schema, a następna powierzchnia „Zapis lub odrzucenie obserwacji” jest osiągalna wyłącznie zgodnie z procesem 90.14.","Asercja domenowa kpi do interpretacji papa ograniczenia: Sprawdź operation kind `query`, capability `ai.read`, schema request/response, expected event `e2e_90_14_06_papa_governance_read`, brak podwójnego efektu, prawidłowy focus po zmianie powierzchni oraz kod `RECOMMENDATION_DECISION_CONFLICT` w kontrolowanym scenariuszu błędu.",E2E_90_14_06_ograniczenia
90.14,KPI do interpretacji Papa,7,Zapis lub odrzucenie obserwacji,15-papa-asystent-i-laboratorium-ai/50-09-obserwacje.md,/app/papa/obserwacje,Na powierzchni „Zapis lub odrzucenie obserwacji” użytkownik uruchamia `papa.observation.save`. Formularz blokuje submit do czasu walidacji; mutacja przekazuje idempotency key i po powodzeniu blokuje ponowne kliknięcie.,papa.observation.save,command,e2e_90_14_07_papa_observation_save,fixtures/e2e/90-14/07-zapis-lub-odrzucenie-obserwacji.json,Warunek domenowy kpi do interpretacji papa zapis lub odrzucenie obserwacji: Aktor posiada `ai.write`; fixture ładuje request `fixtures/api/papa.observation.save.request.json` i stan domeny wymagany dla kroku 7 procesu 90.14. Poprzedni krok zakończył się potwierdzonym postcondition albo jest to punkt startowy.,"Komenda zwraca applied/queued, audit event zawiera `papa.observation.save`, a odczyt potwierdzający pokazuje zmianę wymaganą przed krokiem „stan końcowy procesu”.","Odzyskanie kroku kpi do interpretacji papa zapis lub odrzucenie obserwacji: `RECOMMENDATION_DECISION_CONFLICT` dla kroku 7: zachowaj niesekretne dane formularza i route `/app/papa/obserwacje`, pokaż correlationId oraz akcję retry tylko dla błędu oznaczonego `recoverable=true`; błąd capability kończy proces bez retry.","Reguła wznowienia kpi do interpretacji papa zapis lub odrzucenie obserwacji: Checkpoint `E2E_90_14_07_zapis-lub-odrzucenie-obserwacji` zapisuje zakończony step_no=7, operationId i identyfikatory zasobów z response fixture. Po wznowieniu system ponownie sprawdza `ai.write` i odczytuje aktualny stan; komendy nie są automatycznie odtwarzane bez tego samego idempotency key.","Po kroku „Zapis lub odrzucenie obserwacji” obowiązuje domenowy warunek: operacja `papa.observation.save` jest widoczna w audycie, fixture response `fixtures/api/papa.observation.save.response.json` przechodzi walidację schema, a następna powierzchnia „stan końcowy procesu” jest osiągalna wyłącznie zgodnie z procesem 90.14.","Asercja domenowa kpi do interpretacji papa zapis lub odrzucenie obserwacji: Sprawdź operation kind `command`, capability `ai.write`, schema request/response, expected event `e2e_90_14_07_papa_observation_save`, brak podwójnego efektu, prawidłowy focus po zmianie powierzchni oraz kod `RECOMMENDATION_DECISION_CONFLICT` w kontrolowanym scenariuszu błędu.",E2E_90_14_07_zapis-lub-odrzucenie-obserwacji
90.15,Rekomendacja do decyzji,1,Rekomendacja,18-wsparcie-marketingowe-decyzje-dzialania/80-03-rekomendacje.md,/app/decisions/rekomendacje,"Na powierzchni „Rekomendacja” użytkownik uruchamia `decisions.recommendation.read`. Odczyt zachowuje aktualny route, filtry i focus; nie emituje zdarzenia mutacji.",decisions.recommendation.read,query,e2e_90_15_01_decisions_recommendation_read,fixtures/e2e/90-15/01-rekomendacja.json,Warunek domenowy rekomendacja do decyzji rekomendacja: Aktor posiada `decisions.read`; fixture ładuje request `fixtures/api/decisions.recommendation.read.request.json` i stan domeny wymagany dla kroku 1 procesu 90.15. Poprzedni krok zakończył się potwierdzonym postcondition albo jest to punkt startowy.,"Odpowiedź `DecisionsRecommendationReadResponse` ma operationId `decisions.recommendation.read`, brak ApiProblem krytycznego, a UI renderuje dane kroku „Rekomendacja” bez zamiany null na zero.","Odzyskanie kroku rekomendacja do decyzji rekomendacja: `AI_ACTION_APPROVAL_FAILED` dla kroku 1: zachowaj niesekretne dane formularza i route `/app/decisions/rekomendacje`, pokaż correlationId oraz akcję retry tylko dla błędu oznaczonego `recoverable=true`; błąd capability kończy proces bez retry.","Reguła wznowienia rekomendacja do decyzji rekomendacja: Checkpoint `E2E_90_15_01_rekomendacja` zapisuje zakończony step_no=1, operationId i identyfikatory zasobów z response fixture. Po wznowieniu system ponownie sprawdza `decisions.read` i odczytuje aktualny stan; komendy nie są automatycznie odtwarzane bez tego samego idempotency key.","Po kroku „Rekomendacja” obowiązuje domenowy warunek: operacja `decisions.recommendation.read` jest widoczna w audycie, fixture response `fixtures/api/decisions.recommendation.read.response.json` przechodzi walidację schema, a następna powierzchnia „Warianty” jest osiągalna wyłącznie zgodnie z procesem 90.15.","Asercja domenowa rekomendacja do decyzji rekomendacja: Sprawdź operation kind `query`, capability `decisions.read`, schema request/response, expected event `e2e_90_15_01_decisions_recommendation_read`, brak podwójnego efektu, prawidłowy focus po zmianie powierzchni oraz kod `AI_ACTION_APPROVAL_FAILED` w kontrolowanym scenariuszu błędu.",E2E_90_15_01_rekomendacja
90.15,Rekomendacja do decyzji,2,Warianty,18-wsparcie-marketingowe-decyzje-dzialania/80-03-rekomendacje.md,/app/decisions/rekomendacje,"Na powierzchni „Warianty” użytkownik uruchamia `decisions.recommendation.read`. Odczyt zachowuje aktualny route, filtry i focus; nie emituje zdarzenia mutacji.",decisions.recommendation.read,query,e2e_90_15_02_decisions_recommendation_read,fixtures/e2e/90-15/02-warianty.json,Warunek domenowy rekomendacja do decyzji warianty: Aktor posiada `decisions.read`; fixture ładuje request `fixtures/api/decisions.recommendation.read.request.json` i stan domeny wymagany dla kroku 2 procesu 90.15. Poprzedni krok zakończył się potwierdzonym postcondition albo jest to punkt startowy.,"Odpowiedź `DecisionsRecommendationReadResponse` ma operationId `decisions.recommendation.read`, brak ApiProblem krytycznego, a UI renderuje dane kroku „Warianty” bez zamiany null na zero.","Odzyskanie kroku rekomendacja do decyzji warianty: `AI_ACTION_APPROVAL_FAILED` dla kroku 2: zachowaj niesekretne dane formularza i route `/app/decisions/rekomendacje`, pokaż correlationId oraz akcję retry tylko dla błędu oznaczonego `recoverable=true`; błąd capability kończy proces bez retry.","Reguła wznowienia rekomendacja do decyzji warianty: Checkpoint `E2E_90_15_02_warianty` zapisuje zakończony step_no=2, operationId i identyfikatory zasobów z response fixture. Po wznowieniu system ponownie sprawdza `decisions.read` i odczytuje aktualny stan; komendy nie są automatycznie odtwarzane bez tego samego idempotency key.","Po kroku „Warianty” obowiązuje domenowy warunek: operacja `decisions.recommendation.read` jest widoczna w audycie, fixture response `fixtures/api/decisions.recommendation.read.response.json` przechodzi walidację schema, a następna powierzchnia „Dowody, ryzyko i wysiłek” jest osiągalna wyłącznie zgodnie z procesem 90.15.","Asercja domenowa rekomendacja do decyzji warianty: Sprawdź operation kind `query`, capability `decisions.read`, schema request/response, expected event `e2e_90_15_02_decisions_recommendation_read`, brak podwójnego efektu, prawidłowy focus po zmianie powierzchni oraz kod `AI_ACTION_APPROVAL_FAILED` w kontrolowanym scenariuszu błędu.",E2E_90_15_02_warianty
90.15,Rekomendacja do decyzji,3,"Dowody, ryzyko i wysiłek",15-papa-asystent-i-laboratorium-ai/50-06-dowody.md,/app/papa/dowody,"Na powierzchni „Dowody, ryzyko i wysiłek” użytkownik uruchamia `papa.evidence.read`. Odczyt zachowuje aktualny route, filtry i focus; nie emituje zdarzenia mutacji.",papa.evidence.read,query,e2e_90_15_03_papa_evidence_read,fixtures/e2e/90-15/03-dowody-ryzyko-i-wysi-ek.json,Warunek domenowy rekomendacja do decyzji dowody ryzyko i wysi ek: Aktor posiada `ai.read`; fixture ładuje request `fixtures/api/papa.evidence.read.request.json` i stan domeny wymagany dla kroku 3 procesu 90.15. Poprzedni krok zakończył się potwierdzonym postcondition albo jest to punkt startowy.,"Odpowiedź `PapaEvidenceReadResponse` ma operationId `papa.evidence.read`, brak ApiProblem krytycznego, a UI renderuje dane kroku „Dowody, ryzyko i wysiłek” bez zamiany null na zero.","Odzyskanie kroku rekomendacja do decyzji dowody ryzyko i wysi ek: `AI_ACTION_APPROVAL_FAILED` dla kroku 3: zachowaj niesekretne dane formularza i route `/app/papa/dowody`, pokaż correlationId oraz akcję retry tylko dla błędu oznaczonego `recoverable=true`; błąd capability kończy proces bez retry.","Reguła wznowienia rekomendacja do decyzji dowody ryzyko i wysi ek: Checkpoint `E2E_90_15_03_dowody-ryzyko-i-wysilek` zapisuje zakończony step_no=3, operationId i identyfikatory zasobów z response fixture. Po wznowieniu system ponownie sprawdza `ai.read` i odczytuje aktualny stan; komendy nie są automatycznie odtwarzane bez tego samego idempotency key.","Po kroku „Dowody, ryzyko i wysiłek” obowiązuje domenowy warunek: operacja `papa.evidence.read` jest widoczna w audycie, fixture response `fixtures/api/papa.evidence.read.response.json` przechodzi walidację schema, a następna powierzchnia „Review” jest osiągalna wyłącznie zgodnie z procesem 90.15.","Asercja domenowa rekomendacja do decyzji dowody ryzyko i wysi ek: Sprawdź operation kind `query`, capability `ai.read`, schema request/response, expected event `e2e_90_15_03_papa_evidence_read`, brak podwójnego efektu, prawidłowy focus po zmianie powierzchni oraz kod `AI_ACTION_APPROVAL_FAILED` w kontrolowanym scenariuszu błędu.",E2E_90_15_03_dowody-ryzyko-i-wysilek
90.15,Rekomendacja do decyzji,4,Review,18-wsparcie-marketingowe-decyzje-dzialania/80-01-centrum-decyzji.md,/app/decisions/centrum-decyzji,"Na powierzchni „Review” użytkownik uruchamia `decisions.center.read`. Odczyt zachowuje aktualny route, filtry i focus; nie emituje zdarzenia mutacji.",decisions.center.read,query,e2e_90_15_04_decisions_center_read,fixtures/e2e/90-15/04-review.json,Warunek domenowy rekomendacja do decyzji review: Aktor posiada `decisions.read`; fixture ładuje request `fixtures/api/decisions.center.read.request.json` i stan domeny wymagany dla kroku 4 procesu 90.15. Poprzedni krok zakończył się potwierdzonym postcondition albo jest to punkt startowy.,"Odpowiedź `DecisionsCenterReadResponse` ma operationId `decisions.center.read`, brak ApiProblem krytycznego, a UI renderuje dane kroku „Review” bez zamiany null na zero.","Odzyskanie kroku rekomendacja do decyzji review: `AI_ACTION_APPROVAL_FAILED` dla kroku 4: zachowaj niesekretne dane formularza i route `/app/decisions/centrum-decyzji`, pokaż correlationId oraz akcję retry tylko dla błędu oznaczonego `recoverable=true`; błąd capability kończy proces bez retry.","Reguła wznowienia rekomendacja do decyzji review: Checkpoint `E2E_90_15_04_review` zapisuje zakończony step_no=4, operationId i identyfikatory zasobów z response fixture. Po wznowieniu system ponownie sprawdza `decisions.read` i odczytuje aktualny stan; komendy nie są automatycznie odtwarzane bez tego samego idempotency key.","Po kroku „Review” obowiązuje domenowy warunek: operacja `decisions.center.read` jest widoczna w audycie, fixture response `fixtures/api/decisions.center.read.response.json` przechodzi walidację schema, a następna powierzchnia „Decyzja” jest osiągalna wyłącznie zgodnie z procesem 90.15.","Asercja domenowa rekomendacja do decyzji review: Sprawdź operation kind `query`, capability `decisions.read`, schema request/response, expected event `e2e_90_15_04_decisions_center_read`, brak podwójnego efektu, prawidłowy focus po zmianie powierzchni oraz kod `AI_ACTION_APPROVAL_FAILED` w kontrolowanym scenariuszu błędu.",E2E_90_15_04_review
90.15,Rekomendacja do decyzji,5,Decyzja,18-wsparcie-marketingowe-decyzje-dzialania/80-04-rejestr-decyzji.md,/app/decisions/rejestr-decyzji,Na powierzchni „Decyzja” użytkownik uruchamia `decisions.decision.record`. Formularz blokuje submit do czasu walidacji; mutacja przekazuje idempotency key i po powodzeniu blokuje ponowne kliknięcie.,decisions.decision.record,command,e2e_90_15_05_decisions_decision_record,fixtures/e2e/90-15/05-decyzja.json,Warunek domenowy rekomendacja do decyzji decyzja: Aktor posiada `decisions.write`; fixture ładuje request `fixtures/api/decisions.decision.record.request.json` i stan domeny wymagany dla kroku 5 procesu 90.15. Poprzedni krok zakończył się potwierdzonym postcondition albo jest to punkt startowy.,"Komenda zwraca applied/queued, audit event zawiera `decisions.decision.record`, a odczyt potwierdzający pokazuje zmianę wymaganą przed krokiem „Propozycja działania”.","Odzyskanie kroku rekomendacja do decyzji decyzja: `AI_ACTION_APPROVAL_FAILED` dla kroku 5: zachowaj niesekretne dane formularza i route `/app/decisions/rejestr-decyzji`, pokaż correlationId oraz akcję retry tylko dla błędu oznaczonego `recoverable=true`; błąd capability kończy proces bez retry.","Reguła wznowienia rekomendacja do decyzji decyzja: Checkpoint `E2E_90_15_05_decyzja` zapisuje zakończony step_no=5, operationId i identyfikatory zasobów z response fixture. Po wznowieniu system ponownie sprawdza `decisions.write` i odczytuje aktualny stan; komendy nie są automatycznie odtwarzane bez tego samego idempotency key.","Po kroku „Decyzja” obowiązuje domenowy warunek: operacja `decisions.decision.record` jest widoczna w audycie, fixture response `fixtures/api/decisions.decision.record.response.json` przechodzi walidację schema, a następna powierzchnia „Propozycja działania” jest osiągalna wyłącznie zgodnie z procesem 90.15.","Asercja domenowa rekomendacja do decyzji decyzja: Sprawdź operation kind `command`, capability `decisions.write`, schema request/response, expected event `e2e_90_15_05_decisions_decision_record`, brak podwójnego efektu, prawidłowy focus po zmianie powierzchni oraz kod `AI_ACTION_APPROVAL_FAILED` w kontrolowanym scenariuszu błędu.",E2E_90_15_05_decyzja
90.15,Rekomendacja do decyzji,6,Propozycja działania,18-wsparcie-marketingowe-decyzje-dzialania/80-05-brief-dzialania.md,/app/decisions/brief-dzialania,Na powierzchni „Propozycja działania” użytkownik uruchamia `decisions.action.brief.create`. Formularz blokuje submit do czasu walidacji; mutacja przekazuje idempotency key i po powodzeniu blokuje ponowne kliknięcie.,decisions.action.brief.create,command,e2e_90_15_06_decisions_action_brief_create,fixtures/e2e/90-15/06-propozycja-dzia-ania.json,Warunek domenowy rekomendacja do decyzji propozycja dzia ania: Aktor posiada `decisions.write`; fixture ładuje request `fixtures/api/decisions.action.brief.create.request.json` i stan domeny wymagany dla kroku 6 procesu 90.15. Poprzedni krok zakończył się potwierdzonym postcondition albo jest to punkt startowy.,"Komenda zwraca applied/queued, audit event zawiera `decisions.action.brief.create`, a odczyt potwierdzający pokazuje zmianę wymaganą przed krokiem „Baseline”.","Odzyskanie kroku rekomendacja do decyzji propozycja dzia ania: `AI_ACTION_APPROVAL_FAILED` dla kroku 6: zachowaj niesekretne dane formularza i route `/app/decisions/brief-dzialania`, pokaż correlationId oraz akcję retry tylko dla błędu oznaczonego `recoverable=true`; błąd capability kończy proces bez retry.","Reguła wznowienia rekomendacja do decyzji propozycja dzia ania: Checkpoint `E2E_90_15_06_propozycja-dzialania` zapisuje zakończony step_no=6, operationId i identyfikatory zasobów z response fixture. Po wznowieniu system ponownie sprawdza `decisions.write` i odczytuje aktualny stan; komendy nie są automatycznie odtwarzane bez tego samego idempotency key.","Po kroku „Propozycja działania” obowiązuje domenowy warunek: operacja `decisions.action.brief.create` jest widoczna w audycie, fixture response `fixtures/api/decisions.action.brief.create.response.json` przechodzi walidację schema, a następna powierzchnia „Baseline” jest osiągalna wyłącznie zgodnie z procesem 90.15.","Asercja domenowa rekomendacja do decyzji propozycja dzia ania: Sprawdź operation kind `command`, capability `decisions.write`, schema request/response, expected event `e2e_90_15_06_decisions_action_brief_create`, brak podwójnego efektu, prawidłowy focus po zmianie powierzchni oraz kod `AI_ACTION_APPROVAL_FAILED` w kontrolowanym scenariuszu błędu.",E2E_90_15_06_propozycja-dzialania
90.15,Rekomendacja do decyzji,7,Baseline,07-centrum-dowodzenia/30-04-plan-vs-wynik.md,/app/command-center/plan-vs-wynik,"Na powierzchni „Baseline” użytkownik uruchamia `command-center.plan-performance.read`. Odczyt zachowuje aktualny route, filtry i focus; nie emituje zdarzenia mutacji.",command-center.plan-performance.read,query,e2e_90_15_07_command_center_plan_performance_read,fixtures/e2e/90-15/07-baseline.json,Warunek domenowy rekomendacja do decyzji baseline: Aktor posiada `analytics.read`; fixture ładuje request `fixtures/api/command-center.plan-performance.read.request.json` i stan domeny wymagany dla kroku 7 procesu 90.15. Poprzedni krok zakończył się potwierdzonym postcondition albo jest to punkt startowy.,"Odpowiedź `CommandCenterPlanPerformanceReadResponse` ma operationId `command-center.plan-performance.read`, brak ApiProblem krytycznego, a UI renderuje dane kroku „Baseline” bez zamiany null na zero.","Odzyskanie kroku rekomendacja do decyzji baseline: `AI_ACTION_APPROVAL_FAILED` dla kroku 7: zachowaj niesekretne dane formularza i route `/app/command-center/plan-vs-wynik`, pokaż correlationId oraz akcję retry tylko dla błędu oznaczonego `recoverable=true`; błąd capability kończy proces bez retry.","Reguła wznowienia rekomendacja do decyzji baseline: Checkpoint `E2E_90_15_07_baseline` zapisuje zakończony step_no=7, operationId i identyfikatory zasobów z response fixture. Po wznowieniu system ponownie sprawdza `analytics.read` i odczytuje aktualny stan; komendy nie są automatycznie odtwarzane bez tego samego idempotency key.","Po kroku „Baseline” obowiązuje domenowy warunek: operacja `command-center.plan-performance.read` jest widoczna w audycie, fixture response `fixtures/api/command-center.plan-performance.read.response.json` przechodzi walidację schema, a następna powierzchnia „Pomiar” jest osiągalna wyłącznie zgodnie z procesem 90.15.","Asercja domenowa rekomendacja do decyzji baseline: Sprawdź operation kind `query`, capability `analytics.read`, schema request/response, expected event `e2e_90_15_07_command_center_plan_performance_read`, brak podwójnego efektu, prawidłowy focus po zmianie powierzchni oraz kod `AI_ACTION_APPROVAL_FAILED` w kontrolowanym scenariuszu błędu.",E2E_90_15_07_baseline
90.15,Rekomendacja do decyzji,8,Pomiar,18-wsparcie-marketingowe-decyzje-dzialania/80-07-pomiar.md,/app/decisions/pomiar,"Na powierzchni „Pomiar” użytkownik uruchamia `decisions.measurement.read`. Odczyt zachowuje aktualny route, filtry i focus; nie emituje zdarzenia mutacji.",decisions.measurement.read,query,e2e_90_15_08_decisions_measurement_read,fixtures/e2e/90-15/08-pomiar.json,Warunek domenowy rekomendacja do decyzji pomiar: Aktor posiada `decisions.read`; fixture ładuje request `fixtures/api/decisions.measurement.read.request.json` i stan domeny wymagany dla kroku 8 procesu 90.15. Poprzedni krok zakończył się potwierdzonym postcondition albo jest to punkt startowy.,"Odpowiedź `DecisionsMeasurementReadResponse` ma operationId `decisions.measurement.read`, brak ApiProblem krytycznego, a UI renderuje dane kroku „Pomiar” bez zamiany null na zero.","Odzyskanie kroku rekomendacja do decyzji pomiar: `AI_ACTION_APPROVAL_FAILED` dla kroku 8: zachowaj niesekretne dane formularza i route `/app/decisions/pomiar`, pokaż correlationId oraz akcję retry tylko dla błędu oznaczonego `recoverable=true`; błąd capability kończy proces bez retry.","Reguła wznowienia rekomendacja do decyzji pomiar: Checkpoint `E2E_90_15_08_pomiar` zapisuje zakończony step_no=8, operationId i identyfikatory zasobów z response fixture. Po wznowieniu system ponownie sprawdza `decisions.read` i odczytuje aktualny stan; komendy nie są automatycznie odtwarzane bez tego samego idempotency key.","Po kroku „Pomiar” obowiązuje domenowy warunek: operacja `decisions.measurement.read` jest widoczna w audycie, fixture response `fixtures/api/decisions.measurement.read.response.json` przechodzi walidację schema, a następna powierzchnia „stan końcowy procesu” jest osiągalna wyłącznie zgodnie z procesem 90.15.","Asercja domenowa rekomendacja do decyzji pomiar: Sprawdź operation kind `query`, capability `decisions.read`, schema request/response, expected event `e2e_90_15_08_decisions_measurement_read`, brak podwójnego efektu, prawidłowy focus po zmianie powierzchni oraz kod `AI_ACTION_APPROVAL_FAILED` w kontrolowanym scenariuszu błędu.",E2E_90_15_08_pomiar
90.16,AI Action approval,1,Policy check,15-papa-asystent-i-laboratorium-ai/50-12-ai-action-approval.md,/app/papa/ai-action-approval,Na powierzchni „Policy check” użytkownik uruchamia `papa.ai.action.validate`. Formularz blokuje submit do czasu walidacji; mutacja przekazuje idempotency key i po powodzeniu blokuje ponowne kliknięcie.,papa.ai.action.validate,command,e2e_90_16_01_papa_ai_action_validate,fixtures/e2e/90-16/01-policy-check.json,Warunek domenowy ai action approval policy check: Aktor posiada `ai.write`; fixture ładuje request `fixtures/api/papa.ai.action.validate.request.json` i stan domeny wymagany dla kroku 1 procesu 90.16. Poprzedni krok zakończył się potwierdzonym postcondition albo jest to punkt startowy.,"Komenda zwraca applied/queued, audit event zawiera `papa.ai.action.validate`, a odczyt potwierdzający pokazuje zmianę wymaganą przed krokiem „Dokładna operacja”.","Odzyskanie kroku ai action approval policy check: `SUBSCRIPTION_ACTIVATION_FAILED` dla kroku 1: zachowaj niesekretne dane formularza i route `/app/papa/ai-action-approval`, pokaż correlationId oraz akcję retry tylko dla błędu oznaczonego `recoverable=true`; błąd capability kończy proces bez retry.","Reguła wznowienia ai action approval policy check: Checkpoint `E2E_90_16_01_policy-check` zapisuje zakończony step_no=1, operationId i identyfikatory zasobów z response fixture. Po wznowieniu system ponownie sprawdza `ai.write` i odczytuje aktualny stan; komendy nie są automatycznie odtwarzane bez tego samego idempotency key.","Po kroku „Policy check” obowiązuje domenowy warunek: operacja `papa.ai.action.validate` jest widoczna w audycie, fixture response `fixtures/api/papa.ai.action.validate.response.json` przechodzi walidację schema, a następna powierzchnia „Dokładna operacja” jest osiągalna wyłącznie zgodnie z procesem 90.16.","Asercja domenowa ai action approval policy check: Sprawdź operation kind `command`, capability `ai.write`, schema request/response, expected event `e2e_90_16_01_papa_ai_action_validate`, brak podwójnego efektu, prawidłowy focus po zmianie powierzchni oraz kod `SUBSCRIPTION_ACTIVATION_FAILED` w kontrolowanym scenariuszu błędu.",E2E_90_16_01_policy-check
90.16,AI Action approval,2,Dokładna operacja,15-papa-asystent-i-laboratorium-ai/50-13-ai-actions.md,/app/papa/ai-actions,"Na powierzchni „Dokładna operacja” użytkownik uruchamia `papa.actions.read`. Odczyt zachowuje aktualny route, filtry i focus; nie emituje zdarzenia mutacji.",papa.actions.read,query,e2e_90_16_02_papa_actions_read,fixtures/e2e/90-16/02-dok-adna-operacja.json,Warunek domenowy ai action approval dok adna operacja: Aktor posiada `ai.read`; fixture ładuje request `fixtures/api/papa.actions.read.request.json` i stan domeny wymagany dla kroku 2 procesu 90.16. Poprzedni krok zakończył się potwierdzonym postcondition albo jest to punkt startowy.,"Odpowiedź `PapaActionsReadResponse` ma operationId `papa.actions.read`, brak ApiProblem krytycznego, a UI renderuje dane kroku „Dokładna operacja” bez zamiany null na zero.","Odzyskanie kroku ai action approval dok adna operacja: `SUBSCRIPTION_ACTIVATION_FAILED` dla kroku 2: zachowaj niesekretne dane formularza i route `/app/papa/ai-actions`, pokaż correlationId oraz akcję retry tylko dla błędu oznaczonego `recoverable=true`; błąd capability kończy proces bez retry.","Reguła wznowienia ai action approval dok adna operacja: Checkpoint `E2E_90_16_02_dokladna-operacja` zapisuje zakończony step_no=2, operationId i identyfikatory zasobów z response fixture. Po wznowieniu system ponownie sprawdza `ai.read` i odczytuje aktualny stan; komendy nie są automatycznie odtwarzane bez tego samego idempotency key.","Po kroku „Dokładna operacja” obowiązuje domenowy warunek: operacja `papa.actions.read` jest widoczna w audycie, fixture response `fixtures/api/papa.actions.read.response.json` przechodzi walidację schema, a następna powierzchnia „Cel” jest osiągalna wyłącznie zgodnie z procesem 90.16.","Asercja domenowa ai action approval dok adna operacja: Sprawdź operation kind `query`, capability `ai.read`, schema request/response, expected event `e2e_90_16_02_papa_actions_read`, brak podwójnego efektu, prawidłowy focus po zmianie powierzchni oraz kod `SUBSCRIPTION_ACTIVATION_FAILED` w kontrolowanym scenariuszu błędu.",E2E_90_16_02_dokladna-operacja
90.16,AI Action approval,3,Cel,15-papa-asystent-i-laboratorium-ai/50-12-ai-action-approval.md,/app/papa/ai-action-approval,Na powierzchni „Cel” użytkownik uruchamia `papa.ai.action.validate`. Formularz blokuje submit do czasu walidacji; mutacja przekazuje idempotency key i po powodzeniu blokuje ponowne kliknięcie.,papa.ai.action.validate,command,e2e_90_16_03_papa_ai_action_validate,fixtures/e2e/90-16/03-cel.json,Warunek domenowy ai action approval cel: Aktor posiada `ai.write`; fixture ładuje request `fixtures/api/papa.ai.action.validate.request.json` i stan domeny wymagany dla kroku 3 procesu 90.16. Poprzedni krok zakończył się potwierdzonym postcondition albo jest to punkt startowy.,"Komenda zwraca applied/queued, audit event zawiera `papa.ai.action.validate`, a odczyt potwierdzający pokazuje zmianę wymaganą przed krokiem „Wpływ”.","Odzyskanie kroku ai action approval cel: `SUBSCRIPTION_ACTIVATION_FAILED` dla kroku 3: zachowaj niesekretne dane formularza i route `/app/papa/ai-action-approval`, pokaż correlationId oraz akcję retry tylko dla błędu oznaczonego `recoverable=true`; błąd capability kończy proces bez retry.","Reguła wznowienia ai action approval cel: Checkpoint `E2E_90_16_03_cel` zapisuje zakończony step_no=3, operationId i identyfikatory zasobów z response fixture. Po wznowieniu system ponownie sprawdza `ai.write` i odczytuje aktualny stan; komendy nie są automatycznie odtwarzane bez tego samego idempotency key.","Po kroku „Cel” obowiązuje domenowy warunek: operacja `papa.ai.action.validate` jest widoczna w audycie, fixture response `fixtures/api/papa.ai.action.validate.response.json` przechodzi walidację schema, a następna powierzchnia „Wpływ” jest osiągalna wyłącznie zgodnie z procesem 90.16.","Asercja domenowa ai action approval cel: Sprawdź operation kind `command`, capability `ai.write`, schema request/response, expected event `e2e_90_16_03_papa_ai_action_validate`, brak podwójnego efektu, prawidłowy focus po zmianie powierzchni oraz kod `SUBSCRIPTION_ACTIVATION_FAILED` w kontrolowanym scenariuszu błędu.",E2E_90_16_03_cel
90.16,AI Action approval,4,Wpływ,10-produkty/33-08-analiza-wplywu.md,/app/products/analiza-wplywu,"Na powierzchni „Wpływ” użytkownik uruchamia `products.impact.read`. Odczyt zachowuje aktualny route, filtry i focus; nie emituje zdarzenia mutacji.",products.impact.read,query,e2e_90_16_04_products_impact_read,fixtures/e2e/90-16/04-wp-yw.json,Warunek domenowy ai action approval wp yw: Aktor posiada `products.read`; fixture ładuje request `fixtures/api/products.impact.read.request.json` i stan domeny wymagany dla kroku 4 procesu 90.16. Poprzedni krok zakończył się potwierdzonym postcondition albo jest to punkt startowy.,"Odpowiedź `ProductsImpactReadResponse` ma operationId `products.impact.read`, brak ApiProblem krytycznego, a UI renderuje dane kroku „Wpływ” bez zamiany null na zero.","Odzyskanie kroku ai action approval wp yw: `SUBSCRIPTION_ACTIVATION_FAILED` dla kroku 4: zachowaj niesekretne dane formularza i route `/app/products/analiza-wplywu`, pokaż correlationId oraz akcję retry tylko dla błędu oznaczonego `recoverable=true`; błąd capability kończy proces bez retry.","Reguła wznowienia ai action approval wp yw: Checkpoint `E2E_90_16_04_wplyw` zapisuje zakończony step_no=4, operationId i identyfikatory zasobów z response fixture. Po wznowieniu system ponownie sprawdza `products.read` i odczytuje aktualny stan; komendy nie są automatycznie odtwarzane bez tego samego idempotency key.","Po kroku „Wpływ” obowiązuje domenowy warunek: operacja `products.impact.read` jest widoczna w audycie, fixture response `fixtures/api/products.impact.read.response.json` przechodzi walidację schema, a następna powierzchnia „Rollback” jest osiągalna wyłącznie zgodnie z procesem 90.16.","Asercja domenowa ai action approval wp yw: Sprawdź operation kind `query`, capability `products.read`, schema request/response, expected event `e2e_90_16_04_products_impact_read`, brak podwójnego efektu, prawidłowy focus po zmianie powierzchni oraz kod `SUBSCRIPTION_ACTIVATION_FAILED` w kontrolowanym scenariuszu błędu.",E2E_90_16_04_wplyw
90.16,AI Action approval,5,Rollback,15-papa-asystent-i-laboratorium-ai/50-12-ai-action-approval.md,/app/papa/ai-action-approval,Na powierzchni „Rollback” użytkownik uruchamia `papa.ai.action.rollback`. Formularz blokuje submit do czasu walidacji; mutacja przekazuje idempotency key i po powodzeniu blokuje ponowne kliknięcie.,papa.ai.action.rollback,command,e2e_90_16_05_papa_ai_action_rollback,fixtures/e2e/90-16/05-rollback.json,Warunek domenowy ai action approval rollback: Aktor posiada `ai.write`; fixture ładuje request `fixtures/api/papa.ai.action.rollback.request.json` i stan domeny wymagany dla kroku 5 procesu 90.16. Poprzedni krok zakończył się potwierdzonym postcondition albo jest to punkt startowy.,"Komenda zwraca applied/queued, audit event zawiera `papa.ai.action.rollback`, a odczyt potwierdzający pokazuje zmianę wymaganą przed krokiem „Capability”.","Odzyskanie kroku ai action approval rollback: `SUBSCRIPTION_ACTIVATION_FAILED` dla kroku 5: zachowaj niesekretne dane formularza i route `/app/papa/ai-action-approval`, pokaż correlationId oraz akcję retry tylko dla błędu oznaczonego `recoverable=true`; błąd capability kończy proces bez retry.","Reguła wznowienia ai action approval rollback: Checkpoint `E2E_90_16_05_rollback` zapisuje zakończony step_no=5, operationId i identyfikatory zasobów z response fixture. Po wznowieniu system ponownie sprawdza `ai.write` i odczytuje aktualny stan; komendy nie są automatycznie odtwarzane bez tego samego idempotency key.","Po kroku „Rollback” obowiązuje domenowy warunek: operacja `papa.ai.action.rollback` jest widoczna w audycie, fixture response `fixtures/api/papa.ai.action.rollback.response.json` przechodzi walidację schema, a następna powierzchnia „Capability” jest osiągalna wyłącznie zgodnie z procesem 90.16.","Asercja domenowa ai action approval rollback: Sprawdź operation kind `command`, capability `ai.write`, schema request/response, expected event `e2e_90_16_05_papa_ai_action_rollback`, brak podwójnego efektu, prawidłowy focus po zmianie powierzchni oraz kod `SUBSCRIPTION_ACTIVATION_FAILED` w kontrolowanym scenariuszu błędu.",E2E_90_16_05_rollback
90.16,AI Action approval,6,Capability,15-papa-asystent-i-laboratorium-ai/50-16-ustawienia-ai-i-governance.md,/app/papa/ustawienia-ai-i-governance,"Na powierzchni „Capability” użytkownik uruchamia `papa.governance.read`. Odczyt zachowuje aktualny route, filtry i focus; nie emituje zdarzenia mutacji.",papa.governance.read,query,e2e_90_16_06_papa_governance_read,fixtures/e2e/90-16/06-capability.json,Warunek domenowy ai action approval capability: Aktor posiada `ai.read`; fixture ładuje request `fixtures/api/papa.governance.read.request.json` i stan domeny wymagany dla kroku 6 procesu 90.16. Poprzedni krok zakończył się potwierdzonym postcondition albo jest to punkt startowy.,"Odpowiedź `PapaGovernanceReadResponse` ma operationId `papa.governance.read`, brak ApiProblem krytycznego, a UI renderuje dane kroku „Capability” bez zamiany null na zero.","Odzyskanie kroku ai action approval capability: `SUBSCRIPTION_ACTIVATION_FAILED` dla kroku 6: zachowaj niesekretne dane formularza i route `/app/papa/ustawienia-ai-i-governance`, pokaż correlationId oraz akcję retry tylko dla błędu oznaczonego `recoverable=true`; błąd capability kończy proces bez retry.","Reguła wznowienia ai action approval capability: Checkpoint `E2E_90_16_06_capability` zapisuje zakończony step_no=6, operationId i identyfikatory zasobów z response fixture. Po wznowieniu system ponownie sprawdza `ai.read` i odczytuje aktualny stan; komendy nie są automatycznie odtwarzane bez tego samego idempotency key.","Po kroku „Capability” obowiązuje domenowy warunek: operacja `papa.governance.read` jest widoczna w audycie, fixture response `fixtures/api/papa.governance.read.response.json` przechodzi walidację schema, a następna powierzchnia „MFA lub reauth” jest osiągalna wyłącznie zgodnie z procesem 90.16.","Asercja domenowa ai action approval capability: Sprawdź operation kind `query`, capability `ai.read`, schema request/response, expected event `e2e_90_16_06_papa_governance_read`, brak podwójnego efektu, prawidłowy focus po zmianie powierzchni oraz kod `SUBSCRIPTION_ACTIVATION_FAILED` w kontrolowanym scenariuszu błędu.",E2E_90_16_06_capability
90.16,AI Action approval,7,MFA lub reauth,03-dostep-rejestracja-onboarding/powierzchnie-auth/auth-24-ponowne-uwierzytelnienie.md,/auth/reauthenticate,Na powierzchni „MFA lub reauth” użytkownik uruchamia `auth.reauthenticate`. Formularz blokuje submit do czasu walidacji; mutacja przekazuje idempotency key i po powodzeniu blokuje ponowne kliknięcie.,auth.reauthenticate,command,e2e_90_16_07_auth_reauthenticate,fixtures/e2e/90-16/07-mfa-lub-reauth.json,Warunek domenowy ai action approval mfa lub reauth: Aktor posiada `auth.write`; fixture ładuje request `fixtures/api/auth.reauthenticate.request.json` i stan domeny wymagany dla kroku 7 procesu 90.16. Poprzedni krok zakończył się potwierdzonym postcondition albo jest to punkt startowy.,"Komenda zwraca applied/queued, audit event zawiera `auth.reauthenticate`, a odczyt potwierdzający pokazuje zmianę wymaganą przed krokiem „Approve albo reject”.","Odzyskanie kroku ai action approval mfa lub reauth: `SUBSCRIPTION_ACTIVATION_FAILED` dla kroku 7: zachowaj niesekretne dane formularza i route `/auth/reauthenticate`, pokaż correlationId oraz akcję retry tylko dla błędu oznaczonego `recoverable=true`; błąd capability kończy proces bez retry.","Reguła wznowienia ai action approval mfa lub reauth: Checkpoint `E2E_90_16_07_mfa-lub-reauth` zapisuje zakończony step_no=7, operationId i identyfikatory zasobów z response fixture. Po wznowieniu system ponownie sprawdza `auth.write` i odczytuje aktualny stan; komendy nie są automatycznie odtwarzane bez tego samego idempotency key.","Po kroku „MFA lub reauth” obowiązuje domenowy warunek: operacja `auth.reauthenticate` jest widoczna w audycie, fixture response `fixtures/api/auth.reauthenticate.response.json` przechodzi walidację schema, a następna powierzchnia „Approve albo reject” jest osiągalna wyłącznie zgodnie z procesem 90.16.","Asercja domenowa ai action approval mfa lub reauth: Sprawdź operation kind `command`, capability `auth.write`, schema request/response, expected event `e2e_90_16_07_auth_reauthenticate`, brak podwójnego efektu, prawidłowy focus po zmianie powierzchni oraz kod `SUBSCRIPTION_ACTIVATION_FAILED` w kontrolowanym scenariuszu błędu.",E2E_90_16_07_mfa-lub-reauth
90.16,AI Action approval,8,Approve albo reject,15-papa-asystent-i-laboratorium-ai/50-12-ai-action-approval.md,/app/papa/ai-action-approval,Na powierzchni „Approve albo reject” użytkownik uruchamia `papa.ai.action.approve`. Formularz blokuje submit do czasu walidacji; mutacja przekazuje idempotency key i po powodzeniu blokuje ponowne kliknięcie.,papa.ai.action.approve,command,e2e_90_16_08_papa_ai_action_approve,fixtures/e2e/90-16/08-approve-albo-reject.json,Warunek domenowy ai action approval approve albo reject: Aktor posiada `ai.write`; fixture ładuje request `fixtures/api/papa.ai.action.approve.request.json` i stan domeny wymagany dla kroku 8 procesu 90.16. Poprzedni krok zakończył się potwierdzonym postcondition albo jest to punkt startowy.,"Komenda zwraca applied/queued, audit event zawiera `papa.ai.action.approve`, a odczyt potwierdzający pokazuje zmianę wymaganą przed krokiem „Wykonanie”.","Odzyskanie kroku ai action approval approve albo reject: `SUBSCRIPTION_ACTIVATION_FAILED` dla kroku 8: zachowaj niesekretne dane formularza i route `/app/papa/ai-action-approval`, pokaż correlationId oraz akcję retry tylko dla błędu oznaczonego `recoverable=true`; błąd capability kończy proces bez retry.","Reguła wznowienia ai action approval approve albo reject: Checkpoint `E2E_90_16_08_approve-albo-reject` zapisuje zakończony step_no=8, operationId i identyfikatory zasobów z response fixture. Po wznowieniu system ponownie sprawdza `ai.write` i odczytuje aktualny stan; komendy nie są automatycznie odtwarzane bez tego samego idempotency key.","Po kroku „Approve albo reject” obowiązuje domenowy warunek: operacja `papa.ai.action.approve` jest widoczna w audycie, fixture response `fixtures/api/papa.ai.action.approve.response.json` przechodzi walidację schema, a następna powierzchnia „Wykonanie” jest osiągalna wyłącznie zgodnie z procesem 90.16.","Asercja domenowa ai action approval approve albo reject: Sprawdź operation kind `command`, capability `ai.write`, schema request/response, expected event `e2e_90_16_08_papa_ai_action_approve`, brak podwójnego efektu, prawidłowy focus po zmianie powierzchni oraz kod `SUBSCRIPTION_ACTIVATION_FAILED` w kontrolowanym scenariuszu błędu.",E2E_90_16_08_approve-albo-reject
90.16,AI Action approval,9,Wykonanie,15-papa-asystent-i-laboratorium-ai/50-13-ai-actions.md,/app/papa/ai-actions,Na powierzchni „Wykonanie” użytkownik uruchamia `papa.ai.action.execute`. Formularz blokuje submit do czasu walidacji; mutacja przekazuje idempotency key i po powodzeniu blokuje ponowne kliknięcie.,papa.ai.action.execute,job,e2e_90_16_09_papa_ai_action_execute,fixtures/e2e/90-16/09-wykonanie.json,Warunek domenowy ai action approval wykonanie: Aktor posiada `ai.write`; fixture ładuje request `fixtures/api/papa.ai.action.execute.request.json` i stan domeny wymagany dla kroku 9 procesu 90.16. Poprzedni krok zakończył się potwierdzonym postcondition albo jest to punkt startowy.,"Operacja zwraca status queued z `jobId`; polling/backchannel kończy się stanem completed, po czym możliwe jest przejście do „Audyt”.","Odzyskanie kroku ai action approval wykonanie: `SUBSCRIPTION_ACTIVATION_FAILED` dla kroku 9: zachowaj niesekretne dane formularza i route `/app/papa/ai-actions`, pokaż correlationId oraz akcję retry tylko dla błędu oznaczonego `recoverable=true`; błąd capability kończy proces bez retry.","Reguła wznowienia ai action approval wykonanie: Checkpoint `E2E_90_16_09_wykonanie` zapisuje zakończony step_no=9, operationId i identyfikatory zasobów z response fixture. Po wznowieniu system ponownie sprawdza `ai.write` i odczytuje aktualny stan; komendy nie są automatycznie odtwarzane bez tego samego idempotency key.","Po kroku „Wykonanie” obowiązuje domenowy warunek: operacja `papa.ai.action.execute` jest widoczna w audycie, fixture response `fixtures/api/papa.ai.action.execute.response.json` przechodzi walidację schema, a następna powierzchnia „Audyt” jest osiągalna wyłącznie zgodnie z procesem 90.16.","Asercja domenowa ai action approval wykonanie: Sprawdź operation kind `job`, capability `ai.write`, schema request/response, expected event `e2e_90_16_09_papa_ai_action_execute`, brak podwójnego efektu, prawidłowy focus po zmianie powierzchni oraz kod `SUBSCRIPTION_ACTIVATION_FAILED` w kontrolowanym scenariuszu błędu.",E2E_90_16_09_wykonanie
90.16,AI Action approval,10,Audyt,16-ustawienia-zespol-bezpieczenstwo/60-07-audyt.md,/app/settings/audyt,"Na powierzchni „Audyt” użytkownik uruchamia `settings.audit.read`. Odczyt zachowuje aktualny route, filtry i focus; nie emituje zdarzenia mutacji.",settings.audit.read,query,e2e_90_16_10_settings_audit_read,fixtures/e2e/90-16/10-audyt.json,Warunek domenowy ai action approval audyt: Aktor posiada `settings.read`; fixture ładuje request `fixtures/api/settings.audit.read.request.json` i stan domeny wymagany dla kroku 10 procesu 90.16. Poprzedni krok zakończył się potwierdzonym postcondition albo jest to punkt startowy.,"Odpowiedź `SettingsAuditReadResponse` ma operationId `settings.audit.read`, brak ApiProblem krytycznego, a UI renderuje dane kroku „Audyt” bez zamiany null na zero.","Odzyskanie kroku ai action approval audyt: `SUBSCRIPTION_ACTIVATION_FAILED` dla kroku 10: zachowaj niesekretne dane formularza i route `/app/settings/audyt`, pokaż correlationId oraz akcję retry tylko dla błędu oznaczonego `recoverable=true`; błąd capability kończy proces bez retry.","Reguła wznowienia ai action approval audyt: Checkpoint `E2E_90_16_10_audyt` zapisuje zakończony step_no=10, operationId i identyfikatory zasobów z response fixture. Po wznowieniu system ponownie sprawdza `settings.read` i odczytuje aktualny stan; komendy nie są automatycznie odtwarzane bez tego samego idempotency key.","Po kroku „Audyt” obowiązuje domenowy warunek: operacja `settings.audit.read` jest widoczna w audycie, fixture response `fixtures/api/settings.audit.read.response.json` przechodzi walidację schema, a następna powierzchnia „Outcome” jest osiągalna wyłącznie zgodnie z procesem 90.16.","Asercja domenowa ai action approval audyt: Sprawdź operation kind `query`, capability `settings.read`, schema request/response, expected event `e2e_90_16_10_settings_audit_read`, brak podwójnego efektu, prawidłowy focus po zmianie powierzchni oraz kod `SUBSCRIPTION_ACTIVATION_FAILED` w kontrolowanym scenariuszu błędu.",E2E_90_16_10_audyt
90.16,AI Action approval,11,Outcome,18-wsparcie-marketingowe-decyzje-dzialania/80-07-pomiar.md,/app/decisions/pomiar,"Na powierzchni „Outcome” użytkownik uruchamia `decisions.measurement.read`. Odczyt zachowuje aktualny route, filtry i focus; nie emituje zdarzenia mutacji.",decisions.measurement.read,query,e2e_90_16_11_decisions_measurement_read,fixtures/e2e/90-16/11-outcome.json,Warunek domenowy ai action approval outcome: Aktor posiada `decisions.read`; fixture ładuje request `fixtures/api/decisions.measurement.read.request.json` i stan domeny wymagany dla kroku 11 procesu 90.16. Poprzedni krok zakończył się potwierdzonym postcondition albo jest to punkt startowy.,"Odpowiedź `DecisionsMeasurementReadResponse` ma operationId `decisions.measurement.read`, brak ApiProblem krytycznego, a UI renderuje dane kroku „Outcome” bez zamiany null na zero.","Odzyskanie kroku ai action approval outcome: `SUBSCRIPTION_ACTIVATION_FAILED` dla kroku 11: zachowaj niesekretne dane formularza i route `/app/decisions/pomiar`, pokaż correlationId oraz akcję retry tylko dla błędu oznaczonego `recoverable=true`; błąd capability kończy proces bez retry.","Reguła wznowienia ai action approval outcome: Checkpoint `E2E_90_16_11_outcome` zapisuje zakończony step_no=11, operationId i identyfikatory zasobów z response fixture. Po wznowieniu system ponownie sprawdza `decisions.read` i odczytuje aktualny stan; komendy nie są automatycznie odtwarzane bez tego samego idempotency key.","Po kroku „Outcome” obowiązuje domenowy warunek: operacja `decisions.measurement.read` jest widoczna w audycie, fixture response `fixtures/api/decisions.measurement.read.response.json` przechodzi walidację schema, a następna powierzchnia „stan końcowy procesu” jest osiągalna wyłącznie zgodnie z procesem 90.16.","Asercja domenowa ai action approval outcome: Sprawdź operation kind `query`, capability `decisions.read`, schema request/response, expected event `e2e_90_16_11_decisions_measurement_read`, brak podwójnego efektu, prawidłowy focus po zmianie powierzchni oraz kod `SUBSCRIPTION_ACTIVATION_FAILED` w kontrolowanym scenariuszu błędu.",E2E_90_16_11_outcome
90.17,Pilot do abonamentu,1,Pilot,17-subskrypcja-i-platnosci/70-09-pilot-do-abonamentu.md,/app/billing/pilot-do-abonamentu,"Na powierzchni „Pilot” użytkownik uruchamia `billing.pilot.read`. Odczyt zachowuje aktualny route, filtry i focus; nie emituje zdarzenia mutacji.",billing.pilot.read,query,e2e_90_17_01_billing_pilot_read,fixtures/e2e/90-17/01-pilot.json,Warunek domenowy pilot do abonamentu pilot: Aktor posiada `billing.read`; fixture ładuje request `fixtures/api/billing.pilot.read.request.json` i stan domeny wymagany dla kroku 1 procesu 90.17. Poprzedni krok zakończył się potwierdzonym postcondition albo jest to punkt startowy.,"Odpowiedź `BillingPilotReadResponse` ma operationId `billing.pilot.read`, brak ApiProblem krytycznego, a UI renderuje dane kroku „Pilot” bez zamiany null na zero.","Odzyskanie kroku pilot do abonamentu pilot: `OVERDUE_PAYMENT_UNRESOLVED` dla kroku 1: zachowaj niesekretne dane formularza i route `/app/billing/pilot-do-abonamentu`, pokaż correlationId oraz akcję retry tylko dla błędu oznaczonego `recoverable=true`; błąd capability kończy proces bez retry.","Reguła wznowienia pilot do abonamentu pilot: Checkpoint `E2E_90_17_01_pilot` zapisuje zakończony step_no=1, operationId i identyfikatory zasobów z response fixture. Po wznowieniu system ponownie sprawdza `billing.read` i odczytuje aktualny stan; komendy nie są automatycznie odtwarzane bez tego samego idempotency key.","Po kroku „Pilot” obowiązuje domenowy warunek: operacja `billing.pilot.read` jest widoczna w audycie, fixture response `fixtures/api/billing.pilot.read.response.json` przechodzi walidację schema, a następna powierzchnia „Użycie” jest osiągalna wyłącznie zgodnie z procesem 90.17.","Asercja domenowa pilot do abonamentu pilot: Sprawdź operation kind `query`, capability `billing.read`, schema request/response, expected event `e2e_90_17_01_billing_pilot_read`, brak podwójnego efektu, prawidłowy focus po zmianie powierzchni oraz kod `OVERDUE_PAYMENT_UNRESOLVED` w kontrolowanym scenariuszu błędu.",E2E_90_17_01_pilot
90.17,Pilot do abonamentu,2,Użycie,17-subskrypcja-i-platnosci/70-02-uzycie-i-limity.md,/app/billing/uzycie-i-limity,"Na powierzchni „Użycie” użytkownik uruchamia `billing.usage-limits.read`. Odczyt zachowuje aktualny route, filtry i focus; nie emituje zdarzenia mutacji.",billing.usage-limits.read,query,e2e_90_17_02_billing_usage_limits_read,fixtures/e2e/90-17/02-u-ycie.json,Warunek domenowy pilot do abonamentu u ycie: Aktor posiada `billing.read`; fixture ładuje request `fixtures/api/billing.usage-limits.read.request.json` i stan domeny wymagany dla kroku 2 procesu 90.17. Poprzedni krok zakończył się potwierdzonym postcondition albo jest to punkt startowy.,"Odpowiedź `BillingUsageLimitsReadResponse` ma operationId `billing.usage-limits.read`, brak ApiProblem krytycznego, a UI renderuje dane kroku „Użycie” bez zamiany null na zero.","Odzyskanie kroku pilot do abonamentu u ycie: `OVERDUE_PAYMENT_UNRESOLVED` dla kroku 2: zachowaj niesekretne dane formularza i route `/app/billing/uzycie-i-limity`, pokaż correlationId oraz akcję retry tylko dla błędu oznaczonego `recoverable=true`; błąd capability kończy proces bez retry.","Reguła wznowienia pilot do abonamentu u ycie: Checkpoint `E2E_90_17_02_uzycie` zapisuje zakończony step_no=2, operationId i identyfikatory zasobów z response fixture. Po wznowieniu system ponownie sprawdza `billing.read` i odczytuje aktualny stan; komendy nie są automatycznie odtwarzane bez tego samego idempotency key.","Po kroku „Użycie” obowiązuje domenowy warunek: operacja `billing.usage-limits.read` jest widoczna w audycie, fixture response `fixtures/api/billing.usage-limits.read.response.json` przechodzi walidację schema, a następna powierzchnia „Dowód wartości” jest osiągalna wyłącznie zgodnie z procesem 90.17.","Asercja domenowa pilot do abonamentu u ycie: Sprawdź operation kind `query`, capability `billing.read`, schema request/response, expected event `e2e_90_17_02_billing_usage_limits_read`, brak podwójnego efektu, prawidłowy focus po zmianie powierzchni oraz kod `OVERDUE_PAYMENT_UNRESOLVED` w kontrolowanym scenariuszu błędu.",E2E_90_17_02_uzycie
90.17,Pilot do abonamentu,3,Dowód wartości,07-centrum-dowodzenia/30-04-plan-vs-wynik.md,/app/command-center/plan-vs-wynik,"Na powierzchni „Dowód wartości” użytkownik uruchamia `command-center.plan-performance.read`. Odczyt zachowuje aktualny route, filtry i focus; nie emituje zdarzenia mutacji.",command-center.plan-performance.read,query,e2e_90_17_03_command_center_plan_performance_read,fixtures/e2e/90-17/03-dow-d-warto-ci.json,Warunek domenowy pilot do abonamentu dow d warto ci: Aktor posiada `analytics.read`; fixture ładuje request `fixtures/api/command-center.plan-performance.read.request.json` i stan domeny wymagany dla kroku 3 procesu 90.17. Poprzedni krok zakończył się potwierdzonym postcondition albo jest to punkt startowy.,"Odpowiedź `CommandCenterPlanPerformanceReadResponse` ma operationId `command-center.plan-performance.read`, brak ApiProblem krytycznego, a UI renderuje dane kroku „Dowód wartości” bez zamiany null na zero.","Odzyskanie kroku pilot do abonamentu dow d warto ci: `OVERDUE_PAYMENT_UNRESOLVED` dla kroku 3: zachowaj niesekretne dane formularza i route `/app/command-center/plan-vs-wynik`, pokaż correlationId oraz akcję retry tylko dla błędu oznaczonego `recoverable=true`; błąd capability kończy proces bez retry.","Reguła wznowienia pilot do abonamentu dow d warto ci: Checkpoint `E2E_90_17_03_dowod-wartosci` zapisuje zakończony step_no=3, operationId i identyfikatory zasobów z response fixture. Po wznowieniu system ponownie sprawdza `analytics.read` i odczytuje aktualny stan; komendy nie są automatycznie odtwarzane bez tego samego idempotency key.","Po kroku „Dowód wartości” obowiązuje domenowy warunek: operacja `command-center.plan-performance.read` jest widoczna w audycie, fixture response `fixtures/api/command-center.plan-performance.read.response.json` przechodzi walidację schema, a następna powierzchnia „Plan” jest osiągalna wyłącznie zgodnie z procesem 90.17.","Asercja domenowa pilot do abonamentu dow d warto ci: Sprawdź operation kind `query`, capability `analytics.read`, schema request/response, expected event `e2e_90_17_03_command_center_plan_performance_read`, brak podwójnego efektu, prawidłowy focus po zmianie powierzchni oraz kod `OVERDUE_PAYMENT_UNRESOLVED` w kontrolowanym scenariuszu błędu.",E2E_90_17_03_dowod-wartosci
90.17,Pilot do abonamentu,4,Plan,17-subskrypcja-i-platnosci/70-03-plany.md,/app/billing/plany,Na powierzchni „Plan” użytkownik uruchamia `billing.plan.select`. Formularz blokuje submit do czasu walidacji; mutacja przekazuje idempotency key i po powodzeniu blokuje ponowne kliknięcie.,billing.plan.select,command,e2e_90_17_04_billing_plan_select,fixtures/e2e/90-17/04-plan.json,Warunek domenowy pilot do abonamentu plan: Aktor posiada `billing.write`; fixture ładuje request `fixtures/api/billing.plan.select.request.json` i stan domeny wymagany dla kroku 4 procesu 90.17. Poprzedni krok zakończył się potwierdzonym postcondition albo jest to punkt startowy.,"Komenda zwraca applied/queued, audit event zawiera `billing.plan.select`, a odczyt potwierdzający pokazuje zmianę wymaganą przed krokiem „Płatność”.","Odzyskanie kroku pilot do abonamentu plan: `OVERDUE_PAYMENT_UNRESOLVED` dla kroku 4: zachowaj niesekretne dane formularza i route `/app/billing/plany`, pokaż correlationId oraz akcję retry tylko dla błędu oznaczonego `recoverable=true`; błąd capability kończy proces bez retry.","Reguła wznowienia pilot do abonamentu plan: Checkpoint `E2E_90_17_04_plan` zapisuje zakończony step_no=4, operationId i identyfikatory zasobów z response fixture. Po wznowieniu system ponownie sprawdza `billing.write` i odczytuje aktualny stan; komendy nie są automatycznie odtwarzane bez tego samego idempotency key.","Po kroku „Plan” obowiązuje domenowy warunek: operacja `billing.plan.select` jest widoczna w audycie, fixture response `fixtures/api/billing.plan.select.response.json` przechodzi walidację schema, a następna powierzchnia „Płatność” jest osiągalna wyłącznie zgodnie z procesem 90.17.","Asercja domenowa pilot do abonamentu plan: Sprawdź operation kind `command`, capability `billing.write`, schema request/response, expected event `e2e_90_17_04_billing_plan_select`, brak podwójnego efektu, prawidłowy focus po zmianie powierzchni oraz kod `OVERDUE_PAYMENT_UNRESOLVED` w kontrolowanym scenariuszu błędu.",E2E_90_17_04_plan
90.17,Pilot do abonamentu,5,Płatność,17-subskrypcja-i-platnosci/70-05-platnosci.md,/app/billing/platnosci,Na powierzchni „Płatność” użytkownik uruchamia `billing.payment.method.update`. Formularz blokuje submit do czasu walidacji; mutacja przekazuje idempotency key i po powodzeniu blokuje ponowne kliknięcie.,billing.payment.method.update,command,e2e_90_17_05_billing_payment_method_update,fixtures/e2e/90-17/05-p-atno.json,Warunek domenowy pilot do abonamentu p atno: Aktor posiada `billing.write`; fixture ładuje request `fixtures/api/billing.payment.method.update.request.json` i stan domeny wymagany dla kroku 5 procesu 90.17. Poprzedni krok zakończył się potwierdzonym postcondition albo jest to punkt startowy.,"Komenda zwraca applied/queued, audit event zawiera `billing.payment.method.update`, a odczyt potwierdzający pokazuje zmianę wymaganą przed krokiem „Abonament”.","Odzyskanie kroku pilot do abonamentu p atno: `OVERDUE_PAYMENT_UNRESOLVED` dla kroku 5: zachowaj niesekretne dane formularza i route `/app/billing/platnosci`, pokaż correlationId oraz akcję retry tylko dla błędu oznaczonego `recoverable=true`; błąd capability kończy proces bez retry.","Reguła wznowienia pilot do abonamentu p atno: Checkpoint `E2E_90_17_05_platnosc` zapisuje zakończony step_no=5, operationId i identyfikatory zasobów z response fixture. Po wznowieniu system ponownie sprawdza `billing.write` i odczytuje aktualny stan; komendy nie są automatycznie odtwarzane bez tego samego idempotency key.","Po kroku „Płatność” obowiązuje domenowy warunek: operacja `billing.payment.method.update` jest widoczna w audycie, fixture response `fixtures/api/billing.payment.method.update.response.json` przechodzi walidację schema, a następna powierzchnia „Abonament” jest osiągalna wyłącznie zgodnie z procesem 90.17.","Asercja domenowa pilot do abonamentu p atno: Sprawdź operation kind `command`, capability `billing.write`, schema request/response, expected event `e2e_90_17_05_billing_payment_method_update`, brak podwójnego efektu, prawidłowy focus po zmianie powierzchni oraz kod `OVERDUE_PAYMENT_UNRESOLVED` w kontrolowanym scenariuszu błędu.",E2E_90_17_05_platnosc
90.17,Pilot do abonamentu,6,Abonament,17-subskrypcja-i-platnosci/70-01-subskrypcja.md,/app/billing/subskrypcja,Na powierzchni „Abonament” użytkownik uruchamia `billing.subscription.activate`. Formularz blokuje submit do czasu walidacji; mutacja przekazuje idempotency key i po powodzeniu blokuje ponowne kliknięcie.,billing.subscription.activate,command,e2e_90_17_06_billing_subscription_activate,fixtures/e2e/90-17/06-abonament.json,Warunek domenowy pilot do abonamentu abonament: Aktor posiada `billing.write`; fixture ładuje request `fixtures/api/billing.subscription.activate.request.json` i stan domeny wymagany dla kroku 6 procesu 90.17. Poprzedni krok zakończył się potwierdzonym postcondition albo jest to punkt startowy.,"Komenda zwraca applied/queued, audit event zawiera `billing.subscription.activate`, a odczyt potwierdzający pokazuje zmianę wymaganą przed krokiem „Entitlements”.","Odzyskanie kroku pilot do abonamentu abonament: `OVERDUE_PAYMENT_UNRESOLVED` dla kroku 6: zachowaj niesekretne dane formularza i route `/app/billing/subskrypcja`, pokaż correlationId oraz akcję retry tylko dla błędu oznaczonego `recoverable=true`; błąd capability kończy proces bez retry.","Reguła wznowienia pilot do abonamentu abonament: Checkpoint `E2E_90_17_06_abonament` zapisuje zakończony step_no=6, operationId i identyfikatory zasobów z response fixture. Po wznowieniu system ponownie sprawdza `billing.write` i odczytuje aktualny stan; komendy nie są automatycznie odtwarzane bez tego samego idempotency key.","Po kroku „Abonament” obowiązuje domenowy warunek: operacja `billing.subscription.activate` jest widoczna w audycie, fixture response `fixtures/api/billing.subscription.activate.response.json` przechodzi walidację schema, a następna powierzchnia „Entitlements” jest osiągalna wyłącznie zgodnie z procesem 90.17.","Asercja domenowa pilot do abonamentu abonament: Sprawdź operation kind `command`, capability `billing.write`, schema request/response, expected event `e2e_90_17_06_billing_subscription_activate`, brak podwójnego efektu, prawidłowy focus po zmianie powierzchni oraz kod `OVERDUE_PAYMENT_UNRESOLVED` w kontrolowanym scenariuszu błędu.",E2E_90_17_06_abonament
90.17,Pilot do abonamentu,7,Entitlements,17-subskrypcja-i-platnosci/70-02-uzycie-i-limity.md,/app/billing/uzycie-i-limity,"Na powierzchni „Entitlements” użytkownik uruchamia `billing.entitlements.read`. Odczyt zachowuje aktualny route, filtry i focus; nie emituje zdarzenia mutacji.",billing.entitlements.read,query,e2e_90_17_07_billing_entitlements_read,fixtures/e2e/90-17/07-entitlements.json,Warunek domenowy pilot do abonamentu entitlements: Aktor posiada `billing.read`; fixture ładuje request `fixtures/api/billing.entitlements.read.request.json` i stan domeny wymagany dla kroku 7 procesu 90.17. Poprzedni krok zakończył się potwierdzonym postcondition albo jest to punkt startowy.,"Odpowiedź `BillingEntitlementsReadResponse` ma operationId `billing.entitlements.read`, brak ApiProblem krytycznego, a UI renderuje dane kroku „Entitlements” bez zamiany null na zero.","Odzyskanie kroku pilot do abonamentu entitlements: `OVERDUE_PAYMENT_UNRESOLVED` dla kroku 7: zachowaj niesekretne dane formularza i route `/app/billing/uzycie-i-limity`, pokaż correlationId oraz akcję retry tylko dla błędu oznaczonego `recoverable=true`; błąd capability kończy proces bez retry.","Reguła wznowienia pilot do abonamentu entitlements: Checkpoint `E2E_90_17_07_entitlements` zapisuje zakończony step_no=7, operationId i identyfikatory zasobów z response fixture. Po wznowieniu system ponownie sprawdza `billing.read` i odczytuje aktualny stan; komendy nie są automatycznie odtwarzane bez tego samego idempotency key.","Po kroku „Entitlements” obowiązuje domenowy warunek: operacja `billing.entitlements.read` jest widoczna w audycie, fixture response `fixtures/api/billing.entitlements.read.response.json` przechodzi walidację schema, a następna powierzchnia „stan końcowy procesu” jest osiągalna wyłącznie zgodnie z procesem 90.17.","Asercja domenowa pilot do abonamentu entitlements: Sprawdź operation kind `query`, capability `billing.read`, schema request/response, expected event `e2e_90_17_07_billing_entitlements_read`, brak podwójnego efektu, prawidłowy focus po zmianie powierzchni oraz kod `OVERDUE_PAYMENT_UNRESOLVED` w kontrolowanym scenariuszu błędu.",E2E_90_17_07_entitlements
90.18,Zaległa płatność,1,Alert billingowy,17-subskrypcja-i-platnosci/70-06-zalegla-platnosc.md,/app/billing/zalegla-platnosc,"Na powierzchni „Alert billingowy” użytkownik uruchamia `billing.overdue-payment.read`. Odczyt zachowuje aktualny route, filtry i focus; nie emituje zdarzenia mutacji.",billing.overdue-payment.read,query,e2e_90_18_01_billing_overdue_payment_read,fixtures/e2e/90-18/01-alert-billingowy.json,Warunek domenowy zaleg a p atno alert billingowy: Aktor posiada `billing.read`; fixture ładuje request `fixtures/api/billing.overdue-payment.read.request.json` i stan domeny wymagany dla kroku 1 procesu 90.18. Poprzedni krok zakończył się potwierdzonym postcondition albo jest to punkt startowy.,"Odpowiedź `BillingOverduePaymentReadResponse` ma operationId `billing.overdue-payment.read`, brak ApiProblem krytycznego, a UI renderuje dane kroku „Alert billingowy” bez zamiany null na zero.","Odzyskanie kroku zaleg a p atno alert billingowy: `MEASUREMENT_WINDOW_INCOMPLETE` dla kroku 1: zachowaj niesekretne dane formularza i route `/app/billing/zalegla-platnosc`, pokaż correlationId oraz akcję retry tylko dla błędu oznaczonego `recoverable=true`; błąd capability kończy proces bez retry.","Reguła wznowienia zaleg a p atno alert billingowy: Checkpoint `E2E_90_18_01_alert-billingowy` zapisuje zakończony step_no=1, operationId i identyfikatory zasobów z response fixture. Po wznowieniu system ponownie sprawdza `billing.read` i odczytuje aktualny stan; komendy nie są automatycznie odtwarzane bez tego samego idempotency key.","Po kroku „Alert billingowy” obowiązuje domenowy warunek: operacja `billing.overdue-payment.read` jest widoczna w audycie, fixture response `fixtures/api/billing.overdue-payment.read.response.json` przechodzi walidację schema, a następna powierzchnia „Zaległa płatność” jest osiągalna wyłącznie zgodnie z procesem 90.18.","Asercja domenowa zaleg a p atno alert billingowy: Sprawdź operation kind `query`, capability `billing.read`, schema request/response, expected event `e2e_90_18_01_billing_overdue_payment_read`, brak podwójnego efektu, prawidłowy focus po zmianie powierzchni oraz kod `MEASUREMENT_WINDOW_INCOMPLETE` w kontrolowanym scenariuszu błędu.",E2E_90_18_01_alert-billingowy
90.18,Zaległa płatność,2,Zaległa płatność,17-subskrypcja-i-platnosci/70-06-zalegla-platnosc.md,/app/billing/zalegla-platnosc,"Na powierzchni „Zaległa płatność” użytkownik uruchamia `billing.overdue-payment.read`. Odczyt zachowuje aktualny route, filtry i focus; nie emituje zdarzenia mutacji.",billing.overdue-payment.read,query,e2e_90_18_02_billing_overdue_payment_read,fixtures/e2e/90-18/02-zaleg-a-p-atno.json,Warunek domenowy zaleg a p atno zaleg a p atno: Aktor posiada `billing.read`; fixture ładuje request `fixtures/api/billing.overdue-payment.read.request.json` i stan domeny wymagany dla kroku 2 procesu 90.18. Poprzedni krok zakończył się potwierdzonym postcondition albo jest to punkt startowy.,"Odpowiedź `BillingOverduePaymentReadResponse` ma operationId `billing.overdue-payment.read`, brak ApiProblem krytycznego, a UI renderuje dane kroku „Zaległa płatność” bez zamiany null na zero.","Odzyskanie kroku zaleg a p atno zaleg a p atno: `MEASUREMENT_WINDOW_INCOMPLETE` dla kroku 2: zachowaj niesekretne dane formularza i route `/app/billing/zalegla-platnosc`, pokaż correlationId oraz akcję retry tylko dla błędu oznaczonego `recoverable=true`; błąd capability kończy proces bez retry.","Reguła wznowienia zaleg a p atno zaleg a p atno: Checkpoint `E2E_90_18_02_zalegla-platnosc` zapisuje zakończony step_no=2, operationId i identyfikatory zasobów z response fixture. Po wznowieniu system ponownie sprawdza `billing.read` i odczytuje aktualny stan; komendy nie są automatycznie odtwarzane bez tego samego idempotency key.","Po kroku „Zaległa płatność” obowiązuje domenowy warunek: operacja `billing.overdue-payment.read` jest widoczna w audycie, fixture response `fixtures/api/billing.overdue-payment.read.response.json` przechodzi walidację schema, a następna powierzchnia „Bezpieczne ograniczenie” jest osiągalna wyłącznie zgodnie z procesem 90.18.","Asercja domenowa zaleg a p atno zaleg a p atno: Sprawdź operation kind `query`, capability `billing.read`, schema request/response, expected event `e2e_90_18_02_billing_overdue_payment_read`, brak podwójnego efektu, prawidłowy focus po zmianie powierzchni oraz kod `MEASUREMENT_WINDOW_INCOMPLETE` w kontrolowanym scenariuszu błędu.",E2E_90_18_02_zalegla-platnosc
90.18,Zaległa płatność,3,Bezpieczne ograniczenie,17-subskrypcja-i-platnosci/70-02-uzycie-i-limity.md,/app/billing/uzycie-i-limity,"Na powierzchni „Bezpieczne ograniczenie” użytkownik uruchamia `billing.entitlements.read`. Odczyt zachowuje aktualny route, filtry i focus; nie emituje zdarzenia mutacji.",billing.entitlements.read,query,e2e_90_18_03_billing_entitlements_read,fixtures/e2e/90-18/03-bezpieczne-ograniczenie.json,Warunek domenowy zaleg a p atno bezpieczne ograniczenie: Aktor posiada `billing.read`; fixture ładuje request `fixtures/api/billing.entitlements.read.request.json` i stan domeny wymagany dla kroku 3 procesu 90.18. Poprzedni krok zakończył się potwierdzonym postcondition albo jest to punkt startowy.,"Odpowiedź `BillingEntitlementsReadResponse` ma operationId `billing.entitlements.read`, brak ApiProblem krytycznego, a UI renderuje dane kroku „Bezpieczne ograniczenie” bez zamiany null na zero.","Odzyskanie kroku zaleg a p atno bezpieczne ograniczenie: `MEASUREMENT_WINDOW_INCOMPLETE` dla kroku 3: zachowaj niesekretne dane formularza i route `/app/billing/uzycie-i-limity`, pokaż correlationId oraz akcję retry tylko dla błędu oznaczonego `recoverable=true`; błąd capability kończy proces bez retry.","Reguła wznowienia zaleg a p atno bezpieczne ograniczenie: Checkpoint `E2E_90_18_03_bezpieczne-ograniczenie` zapisuje zakończony step_no=3, operationId i identyfikatory zasobów z response fixture. Po wznowieniu system ponownie sprawdza `billing.read` i odczytuje aktualny stan; komendy nie są automatycznie odtwarzane bez tego samego idempotency key.","Po kroku „Bezpieczne ograniczenie” obowiązuje domenowy warunek: operacja `billing.entitlements.read` jest widoczna w audycie, fixture response `fixtures/api/billing.entitlements.read.response.json` przechodzi walidację schema, a następna powierzchnia „Metoda płatności” jest osiągalna wyłącznie zgodnie z procesem 90.18.","Asercja domenowa zaleg a p atno bezpieczne ograniczenie: Sprawdź operation kind `query`, capability `billing.read`, schema request/response, expected event `e2e_90_18_03_billing_entitlements_read`, brak podwójnego efektu, prawidłowy focus po zmianie powierzchni oraz kod `MEASUREMENT_WINDOW_INCOMPLETE` w kontrolowanym scenariuszu błędu.",E2E_90_18_03_bezpieczne-ograniczenie
90.18,Zaległa płatność,4,Metoda płatności,17-subskrypcja-i-platnosci/70-05-platnosci.md,/app/billing/platnosci,Na powierzchni „Metoda płatności” użytkownik uruchamia `billing.payment.method.update`. Formularz blokuje submit do czasu walidacji; mutacja przekazuje idempotency key i po powodzeniu blokuje ponowne kliknięcie.,billing.payment.method.update,command,e2e_90_18_04_billing_payment_method_update,fixtures/e2e/90-18/04-metoda-p-atno-ci.json,Warunek domenowy zaleg a p atno metoda p atno ci: Aktor posiada `billing.write`; fixture ładuje request `fixtures/api/billing.payment.method.update.request.json` i stan domeny wymagany dla kroku 4 procesu 90.18. Poprzedni krok zakończył się potwierdzonym postcondition albo jest to punkt startowy.,"Komenda zwraca applied/queued, audit event zawiera `billing.payment.method.update`, a odczyt potwierdzający pokazuje zmianę wymaganą przed krokiem „Odblokowanie”.","Odzyskanie kroku zaleg a p atno metoda p atno ci: `MEASUREMENT_WINDOW_INCOMPLETE` dla kroku 4: zachowaj niesekretne dane formularza i route `/app/billing/platnosci`, pokaż correlationId oraz akcję retry tylko dla błędu oznaczonego `recoverable=true`; błąd capability kończy proces bez retry.","Reguła wznowienia zaleg a p atno metoda p atno ci: Checkpoint `E2E_90_18_04_metoda-platnosci` zapisuje zakończony step_no=4, operationId i identyfikatory zasobów z response fixture. Po wznowieniu system ponownie sprawdza `billing.write` i odczytuje aktualny stan; komendy nie są automatycznie odtwarzane bez tego samego idempotency key.","Po kroku „Metoda płatności” obowiązuje domenowy warunek: operacja `billing.payment.method.update` jest widoczna w audycie, fixture response `fixtures/api/billing.payment.method.update.response.json` przechodzi walidację schema, a następna powierzchnia „Odblokowanie” jest osiągalna wyłącznie zgodnie z procesem 90.18.","Asercja domenowa zaleg a p atno metoda p atno ci: Sprawdź operation kind `command`, capability `billing.write`, schema request/response, expected event `e2e_90_18_04_billing_payment_method_update`, brak podwójnego efektu, prawidłowy focus po zmianie powierzchni oraz kod `MEASUREMENT_WINDOW_INCOMPLETE` w kontrolowanym scenariuszu błędu.",E2E_90_18_04_metoda-platnosci
90.18,Zaległa płatność,5,Odblokowanie,17-subskrypcja-i-platnosci/70-06-zalegla-platnosc.md,/app/billing/zalegla-platnosc,Na powierzchni „Odblokowanie” użytkownik uruchamia `billing.overdue.resolve`. Formularz blokuje submit do czasu walidacji; mutacja przekazuje idempotency key i po powodzeniu blokuje ponowne kliknięcie.,billing.overdue.resolve,command,e2e_90_18_05_billing_overdue_resolve,fixtures/e2e/90-18/05-odblokowanie.json,Warunek domenowy zaleg a p atno odblokowanie: Aktor posiada `billing.write`; fixture ładuje request `fixtures/api/billing.overdue.resolve.request.json` i stan domeny wymagany dla kroku 5 procesu 90.18. Poprzedni krok zakończył się potwierdzonym postcondition albo jest to punkt startowy.,"Komenda zwraca applied/queued, audit event zawiera `billing.overdue.resolve`, a odczyt potwierdzający pokazuje zmianę wymaganą przed krokiem „stan końcowy procesu”.","Odzyskanie kroku zaleg a p atno odblokowanie: `MEASUREMENT_WINDOW_INCOMPLETE` dla kroku 5: zachowaj niesekretne dane formularza i route `/app/billing/zalegla-platnosc`, pokaż correlationId oraz akcję retry tylko dla błędu oznaczonego `recoverable=true`; błąd capability kończy proces bez retry.","Reguła wznowienia zaleg a p atno odblokowanie: Checkpoint `E2E_90_18_05_odblokowanie` zapisuje zakończony step_no=5, operationId i identyfikatory zasobów z response fixture. Po wznowieniu system ponownie sprawdza `billing.write` i odczytuje aktualny stan; komendy nie są automatycznie odtwarzane bez tego samego idempotency key.","Po kroku „Odblokowanie” obowiązuje domenowy warunek: operacja `billing.overdue.resolve` jest widoczna w audycie, fixture response `fixtures/api/billing.overdue.resolve.response.json` przechodzi walidację schema, a następna powierzchnia „stan końcowy procesu” jest osiągalna wyłącznie zgodnie z procesem 90.18.","Asercja domenowa zaleg a p atno odblokowanie: Sprawdź operation kind `command`, capability `billing.write`, schema request/response, expected event `e2e_90_18_05_billing_overdue_resolve`, brak podwójnego efektu, prawidłowy focus po zmianie powierzchni oraz kod `MEASUREMENT_WINDOW_INCOMPLETE` w kontrolowanym scenariuszu błędu.",E2E_90_18_05_odblokowanie
